Date	Price
2023-12-13	0.2019
2023-12-12	0.2015
2023-12-11	0.2025
2023-12-08	0.2027
2023-12-07	0.2036
2023-12-06	0.204
2023-12-05	0.2028
2023-12-04	0.2023
2023-12-01	0.2049
2023-11-30	0.2032
2023-11-29	0.2039
2023-11-28	0.2053
2023-11-27	0.2042
2023-11-24	0.2039
2023-11-23	0.2039
2023-11-22	0.2038
2023-11-21	0.204
2023-11-20	0.206
2023-11-17	0.2038
2023-11-16	0.2056
2023-11-15	0.2056
2023-11-14	0.2055
2023-11-13	0.2037
2023-11-10	0.204
2023-11-09	0.2026
2023-11-08	0.2036
2023-11-07	0.2052
2023-11-06	0.2047
2023-11-03	0.204
2023-11-02	0.2019
2023-11-01	0.2018
2023-10-31	0.1985
2023-10-30	0.1981
2023-10-27	0.1993
2023-10-26	0.2005
2023-10-25	0.2001
2023-10-24	0.2003
2023-10-23	0.1994
2023-10-20	0.1986
2023-10-19	0.1975
2023-10-18	0.1976
2023-10-17	0.1983
2023-10-16	0.1984
2023-10-13	0.1968
2023-10-12	0.1981
2023-10-11	0.198
2023-10-10	0.1979
2023-10-09	0.1946
2023-10-06	0.1942
2023-10-05	0.1935
2023-10-04	0.194
2023-10-03	0.1934
2023-10-02	0.1975
2023-09-29	0.1986
2023-09-28	0.1986
2023-09-27	0.1982
2023-09-26	0.2004
2023-09-25	0.2013
2023-09-22	0.2025
2023-09-21	0.2025
2023-09-20	0.2048
2023-09-19	0.2054
2023-09-18	0.2059
2023-09-15	0.2054
2023-09-14	0.2053
2023-09-13	0.2033
2023-09-12	0.2021
2023-09-11	0.2028
2023-09-08	0.2004
2023-09-07	0.2009
2023-09-06	0.2008
2023-09-05	0.2013
2023-09-04	0.2024
2023-09-01	0.2021
2023-08-31	0.2017
2023-08-30	0.2044
2023-08-29	0.206
2023-08-28	0.2052
2023-08-25	0.2052
2023-08-24	0.2048
2023-08-23	0.2059
2023-08-22	0.2024
2023-08-21	0.2008
2023-08-18	0.2012
2023-08-17	0.2009
2023-08-16	0.2004
2023-08-15	0.2005
2023-08-14	0.2015
2023-08-11	0.2038
2023-08-10	0.2043
2023-08-09	0.2039
2023-08-08	0.204
2023-08-07	0.204
2023-08-04	0.2052
2023-08-03	0.2033
2023-08-02	0.2078
2023-08-01	0.2086
2023-07-31	0.2116
2023-07-28	0.2112
2023-07-27	0.2108
2023-07-26	0.2111
2023-07-25	0.2104
2023-07-24	0.2114
2023-07-21	0.2092
2023-07-20	0.2084
2023-07-19	0.2086
2023-07-18	0.2078
2023-07-17	0.2079
2023-07-14	0.2087
2023-07-13	0.2084
2023-07-12	0.2075
2023-07-11	0.2059
2023-07-10	0.2041
2023-07-07	0.2052
2023-07-06	0.2032
2023-07-05	0.2062
2023-07-04	0.2065
2023-07-03	0.208
2023-06-30	0.2089
2023-06-29	0.2059
2023-06-28	0.206
2023-06-27	0.2078
2023-06-26	0.2096
2023-06-23	0.2089
2023-06-22	0.2096
2023-06-21	0.2099
2023-06-20	0.2087
2023-06-19	0.2093
2023-06-16	0.2074
2023-06-15	0.2078
2023-06-14	0.2076
2023-06-13	0.2055
2023-06-12	0.2056
2023-06-09	0.2049
2023-06-08	0.2032
2023-06-07	0.2031
2023-06-06	0.2035
2023-06-05	0.2029
2023-06-02	0.2017
2023-06-01	0.1994
2023-05-31	0.1977
2023-05-30	0.1985
2023-05-29	0.1993
2023-05-26	0.2002
2023-05-25	0.1985
2023-05-24	0.2015
2023-05-23	0.2011
2023-05-22	0.2013
2023-05-19	0.2
2023-05-18	0.2013
2023-05-17	0.2024
2023-05-16	0.2024
2023-05-15	0.2044
2023-05-12	0.2031
2023-05-11	0.2027
2023-05-10	0.2022
2023-05-09	0.2005
2023-05-08	0.1995
2023-05-05	0.2019
2023-05-04	0.2006
2023-05-03	0.2001
2023-05-02	0.1984
2023-05-01	0.2004
2023-04-28	0.2004
2023-04-27	0.2009
2023-04-26	0.1982
2023-04-25	0.198
2023-04-24	0.1986
2023-04-21	0.198
2023-04-20	0.198
2023-04-19	0.197
2023-04-18	0.2006
2023-04-17	0.2023
2023-04-14	0.2036
2023-04-13	0.2029
2023-04-12	0.2033
2023-04-11	0.1997
2023-04-10	0.1974
2023-04-07	0.1978
2023-04-06	0.1976
2023-04-05	0.1986
2023-04-04	0.1971
2023-04-03	0.1974
2023-03-31	0.1975
2023-03-30	0.1963
2023-03-29	0.1946
2023-03-28	0.1935
2023-03-27	0.1923
2023-03-24	0.1906
2023-03-23	0.1887
2023-03-22	0.1908
2023-03-21	0.1907
2023-03-20	0.1909
2023-03-17	0.1894
2023-03-16	0.1911
2023-03-15	0.189
2023-03-14	0.1902
2023-03-13	0.1905
2023-03-10	0.1917
2023-03-09	0.1936
2023-03-08	0.1943
2023-03-07	0.1926
2023-03-06	0.194
2023-03-03	0.1925
2023-03-02	0.1922
2023-03-01	0.193
2023-02-28	0.1909
2023-02-27	0.1922
2023-02-24	0.1919
2023-02-23	0.1946
2023-02-22	0.194
2023-02-21	0.1935
2023-02-20	0.1935
2023-02-17	0.1935
2023-02-16	0.1916
2023-02-15	0.1916
2023-02-14	0.1926
2023-02-13	0.1938
2023-02-10	0.1917
2023-02-09	0.189
2023-02-08	0.1922
2023-02-07	0.1919
2023-02-06	0.1943
2023-02-03	0.1941
2023-02-02	0.198
2023-02-01	0.1978
2023-01-31	0.1971
2023-01-30	0.1954
2023-01-27	0.1957
2023-01-26	0.1974
2023-01-25	0.1971
2023-01-24	0.1945
2023-01-23	0.192
2023-01-20	0.192
2023-01-19	0.1932
2023-01-18	0.1928
2023-01-17	0.196
2023-01-16	0.1942
2023-01-13	0.1962
2023-01-12	0.1957
2023-01-11	0.1938
2023-01-10	0.1923
2023-01-09	0.1903
2023-01-06	0.1913
2023-01-05	0.1868
2023-01-04	0.1841
2023-01-03	0.1825
2023-01-02	0.1864
2022-12-29	0.1891
2022-12-28	0.1898
2022-12-27	0.1889
2022-12-26	0.1916
2022-12-23	0.1936
2022-12-22	0.1935
2022-12-21	0.1922
2022-12-20	0.1923
2022-12-19	0.1889
2022-12-16	0.1882
2022-12-15	0.1882
2022-12-14	0.1894
2022-12-13	0.1889
2022-12-12	0.1878
2022-12-09	0.1908
2022-12-08	0.1913
2022-12-07	0.1921
2022-12-06	0.191
2022-12-05	0.1893
2022-12-02	0.1916
2022-12-01	0.1928
2022-11-30	0.1928
2022-11-29	0.1897
2022-11-28	0.1864
2022-11-25	0.1848
2022-11-24	0.1879
2022-11-23	0.1866
2022-11-22	0.1866
2022-11-21	0.188
2022-11-18	0.1857
2022-11-17	0.1844
2022-11-16	0.1852
2022-11-15	0.1875
2022-11-14	0.1875
2022-11-11	0.1878
2022-11-10	0.1871
2022-11-09	0.1928
2022-11-08	0.1944
2022-11-07	0.1939
2022-11-04	0.1977
2022-11-03	0.1954
2022-11-02	0.1944
2022-11-01	0.1944
2022-10-31	0.193
2022-10-28	0.1888
2022-10-27	0.1871
2022-10-26	0.1858
2022-10-25	0.188
2022-10-24	0.1885
2022-10-21	0.1937
2022-10-20	0.1917
2022-10-19	0.1897
2022-10-18	0.1908
2022-10-17	0.1893
2022-10-14	0.1878
2022-10-13	0.19
2022-10-12	0.1889
2022-10-11	0.1886
2022-10-10	0.1926
2022-10-07	0.1923
2022-10-06	0.1914
2022-10-05	0.1925
2022-10-04	0.1931
2022-10-03	0.1935
2022-09-30	0.1846
2022-09-29	0.1851
2022-09-28	0.186
2022-09-27	0.1858
2022-09-26	0.1854
2022-09-23	0.19
2022-09-22	0.1954
2022-09-21	0.1933
2022-09-20	0.1943
2022-09-19	0.1934
2022-09-16	0.1903
2022-09-15	0.1906
2022-09-14	0.1936
2022-09-13	0.1926
2022-09-12	0.1964
2022-09-09	0.1942
2022-09-08	0.1917
2022-09-07	0.1905
2022-09-06	0.1903
2022-09-05	0.194
2022-09-02	0.1934
2022-09-01	0.1907
2022-08-31	0.1929
2022-08-30	0.1952
2022-08-29	0.1988
2022-08-26	0.1975
2022-08-25	0.1957
2022-08-24	0.1956
2022-08-23	0.1958
2022-08-22	0.1939
2022-08-19	0.1934
2022-08-18	0.1934
2022-08-17	0.1936
2022-08-16	0.1943
2022-08-15	0.1961
2022-08-12	0.197
2022-08-11	0.1937
2022-08-10	0.1963
2022-08-09	0.1951
2022-08-08	0.1955
2022-08-05	0.1936
2022-08-04	0.1918
2022-08-03	0.1892
2022-08-02	0.1893
2022-08-01	0.1928
2022-07-29	0.1933
2022-07-28	0.1929
2022-07-27	0.1907
2022-07-26	0.1868
2022-07-25	0.1866
2022-07-22	0.1819
2022-07-21	0.1819
2022-07-20	0.1827
2022-07-19	0.1847
2022-07-18	0.1839
2022-07-15	0.1849
2022-07-14	0.1843
2022-07-13	0.1854
2022-07-12	0.1839
2022-07-11	0.1859
2022-07-08	0.1902
2022-07-07	0.1872
2022-07-06	0.1841
2022-07-05	0.1856
2022-07-04	0.1876
2022-07-01	0.1875
2022-06-30	0.1902
2022-06-29	0.1929
2022-06-28	0.1898
2022-06-27	0.1909
2022-06-24	0.1907
2022-06-23	0.1907
2022-06-22	0.1924
2022-06-21	0.195
2022-06-20	0.1927
2022-06-17	0.194
2022-06-16	0.1978
2022-06-15	0.1978
2022-06-14	0.1954
2022-06-13	0.1954
2022-06-10	0.2005
2022-06-09	0.2037
2022-06-08	0.2041
2022-06-07	0.2052
2022-06-06	0.2085
2022-06-03	0.2095
2022-06-02	0.2084
2022-06-01	0.2076
2022-05-31	0.2112
2022-05-30	0.2103
2022-05-27	0.2113
2022-05-26	0.2096
2022-05-25	0.207
2022-05-24	0.2075
2022-05-23	0.2078
2022-05-20	0.2049
2022-05-19	0.2027
2022-05-18	0.2012
2022-05-17	0.2025
2022-05-16	0.1976
2022-05-13	0.1975
2022-05-12	0.1947
2022-05-11	0.1946
2022-05-10	0.1948
2022-05-09	0.1937
2022-05-06	0.1968
2022-05-05	0.1989
2022-05-04	0.2032
2022-05-03	0.2016
2022-05-02	0.1966
2022-04-29	0.2011
2022-04-28	0.2023
2022-04-27	0.2014
2022-04-26	0.2
2022-04-25	0.2049
2022-04-22	0.2085
2022-04-21	0.2163
2022-04-20	0.2163
2022-04-19	0.2142
2022-04-18	0.2148
2022-04-15	0.2129
2022-04-14	0.2127
2022-04-13	0.2131
2022-04-12	0.2139
2022-04-11	0.2129
2022-04-08	0.2129
2022-04-07	0.2104
2022-04-06	0.212
2022-04-05	0.2149
2022-04-04	0.2177
2022-04-01	0.2146
2022-03-31	0.2109
2022-03-30	0.2096
2022-03-29	0.2101
2022-03-28	0.2097
2022-03-25	0.2108
2022-03-24	0.2071
2022-03-23	0.2071
2022-03-22	0.2036
2022-03-21	0.2025
2022-03-18	0.199
2022-03-17	0.1983
2022-03-16	0.197
2022-03-15	0.1936
2022-03-14	0.1952
2022-03-11	0.197
2022-03-10	0.1995
2022-03-09	0.1995
2022-03-08	0.1976
2022-03-07	0.1956
2022-03-04	0.1975
2022-03-03	0.1987
2022-03-02	0.1961
2022-03-01	0.1937
2022-02-28	0.1938
2022-02-25	0.1937
2022-02-24	0.1952
2022-02-23	0.1996
2022-02-22	0.1977
2022-02-21	0.1959
2022-02-18	0.1946
2022-02-17	0.1933
2022-02-16	0.1946
2022-02-15	0.1938
2022-02-14	0.1917
2022-02-11	0.1903
2022-02-10	0.1904
2022-02-09	0.191
2022-02-08	0.1901
2022-02-07	0.19
2022-02-04	0.1877
2022-02-03	0.1892
2022-02-02	0.19
2022-02-01	0.1899
2022-01-31	0.1885
2022-01-28	0.1863
2022-01-27	0.1849
2022-01-26	0.184
2022-01-25	0.1837
2022-01-24	0.1822
2022-01-21	0.1832
2022-01-20	0.1845
2022-01-19	0.1839
2022-01-18	0.1796
2022-01-17	0.1812
2022-01-14	0.1807
2022-01-13	0.1808
2022-01-12	0.1807
2022-01-11	0.1796
2022-01-10	0.1765
2022-01-07	0.1774
2022-01-06	0.1759
2022-01-05	0.1751
2022-01-04	0.1761
2022-01-03	0.176
2021-12-31	0.1795
2021-12-30	0.1795
2021-12-29	0.1753
2021-12-28	0.1776
2021-12-27	0.1778
2021-12-24	0.1762
2021-12-23	0.1762
2021-12-22	0.1768
2021-12-21	0.174
2021-12-20	0.1741
2021-12-17	0.1755
2021-12-16	0.1758
2021-12-15	0.176
2021-12-14	0.176
2021-12-13	0.176
2021-12-10	0.1781
2021-12-09	0.1794
2021-12-08	0.1807
2021-12-07	0.1781
2021-12-06	0.1757
2021-12-03	0.1769
2021-12-02	0.1771
2021-12-01	0.1756
2021-11-30	0.1778
2021-11-29	0.1785
2021-11-26	0.1782
2021-11-25	0.1796
2021-11-24	0.1784
2021-11-23	0.1795
2021-11-22	0.179
2021-11-19	0.1781
2021-11-18	0.1799
2021-11-17	0.1808
2021-11-16	0.1817
2021-11-15	0.1832
2021-11-12	0.1832
2021-11-11	0.1852
2021-11-10	0.1821
2021-11-09	0.1824
2021-11-08	0.1803
2021-11-05	0.1804
2021-11-04	0.1784
2021-11-03	0.18
2021-11-02	0.176
2021-11-01	0.176
2021-10-29	0.1773
2021-10-28	0.1771
2021-10-27	0.1806
2021-10-26	0.1796
2021-10-25	0.1799
2021-10-22	0.177
2021-10-21	0.1767
2021-10-20	0.1786
2021-10-19	0.179
2021-10-18	0.1814
2021-10-15	0.1831
2021-10-14	0.1813
2021-10-13	0.1814
2021-10-12	0.1807
2021-10-11	0.1806
2021-10-08	0.1814
2021-10-07	0.1812
2021-10-06	0.1821
2021-10-05	0.1826
2021-10-04	0.1833
2021-10-01	0.1864
2021-09-30	0.1837
2021-09-29	0.1846
2021-09-28	0.1842
2021-09-27	0.1854
2021-09-24	0.1874
2021-09-23	0.1885
2021-09-22	0.1891
2021-09-21	0.1897
2021-09-20	0.1878
2021-09-17	0.189
2021-09-16	0.1903
2021-09-15	0.1914
2021-09-14	0.1909
2021-09-13	0.1918
2021-09-10	0.1906
2021-09-09	0.1924
2021-09-08	0.1879
2021-09-07	0.1934
2021-09-06	0.1933
2021-09-03	0.1925
2021-09-02	0.1928
2021-09-01	0.1928
2021-08-31	0.1941
2021-08-30	0.1928
2021-08-27	0.1921
2021-08-26	0.1903
2021-08-25	0.1918
2021-08-24	0.1906
2021-08-23	0.1858
2021-08-20	0.1859
2021-08-19	0.1846
2021-08-18	0.1858
2021-08-17	0.1888
2021-08-16	0.19
2021-08-13	0.1906
2021-08-12	0.1903
2021-08-11	0.1916
2021-08-10	0.1927
2021-08-09	0.191
2021-08-06	0.1911
2021-08-05	0.1905
2021-08-04	0.1934
2021-08-03	0.1923
2021-08-02	0.1931
2021-07-30	0.1918
2021-07-29	0.1968
2021-07-28	0.1954
2021-07-27	0.1934
2021-07-26	0.1932
2021-07-23	0.1922
2021-07-22	0.1922
2021-07-21	0.1927
2021-07-20	0.1915
2021-07-19	0.1904
2021-07-16	0.1955
2021-07-15	0.1956
2021-07-14	0.1971
2021-07-13	0.1937
2021-07-12	0.1932
2021-07-08	0.1901
2021-07-07	0.1911
2021-07-06	0.1923
2021-07-05	0.1964
2021-07-02	0.1976
2021-07-01	0.1981
2021-06-30	0.2012
2021-06-29	0.2017
2021-06-28	0.2029
2021-06-25	0.2026
2021-06-24	0.2035
2021-06-23	0.2013
2021-06-22	0.2016
2021-06-21	0.1994
2021-06-18	0.1964
2021-06-17	0.1996
2021-06-16	0.1978
2021-06-15	0.1981
2021-06-14	0.1975
2021-06-11	0.1953
2021-06-10	0.1978
2021-06-09	0.1975
2021-06-08	0.1986
2021-06-07	0.1981
2021-06-04	0.198
2021-06-03	0.1969
2021-06-02	0.197
2021-06-01	0.1941
2021-05-31	0.1916
2021-05-28	0.1913
2021-05-27	0.1908
2021-05-26	0.1882
2021-05-25	0.1875
2021-05-24	0.1879
2021-05-21	0.1864
2021-05-20	0.1892
2021-05-19	0.1883
2021-05-18	0.1901
2021-05-17	0.1896
2021-05-14	0.1896
2021-05-13	0.1883
2021-05-12	0.1884
2021-05-11	0.1915
2021-05-10	0.1912
2021-05-07	0.1909
2021-05-06	0.1893
2021-05-05	0.1867
2021-05-04	0.1836
2021-05-03	0.1837
2021-04-30	0.1839
2021-04-29	0.1873
2021-04-28	0.1871
2021-04-27	0.1834
2021-04-26	0.1839
2021-04-23	0.1826
2021-04-22	0.1836
2021-04-21	0.1795
2021-04-20	0.1795
2021-04-19	0.1802
2021-04-16	0.1789
2021-04-15	0.178
2021-04-14	0.1768
2021-04-13	0.1749
2021-04-12	0.1744
2021-04-09	0.1759
2021-04-08	0.1794
2021-04-07	0.1781
2021-04-06	0.1788
2021-04-05	0.1765
2021-04-02	0.1752
2021-04-01	0.1751
2021-03-31	0.1775
2021-03-30	0.1731
2021-03-29	0.1729
2021-03-26	0.1737
2021-03-25	0.177
2021-03-24	0.1779
2021-03-23	0.181
2021-03-22	0.1815
2021-03-19	0.182
2021-03-18	0.1798
2021-03-17	0.179
2021-03-16	0.1778
2021-03-15	0.178
2021-03-12	0.1801
2021-03-11	0.1806
2021-03-10	0.1763
2021-03-09	0.1723
2021-03-08	0.1702
2021-03-05	0.1757
2021-03-04	0.1764
2021-03-03	0.1779
2021-03-02	0.1762
2021-03-01	0.1772
2021-02-26	0.1786
2021-02-25	0.1808
2021-02-24	0.185
2021-02-23	0.1838
2021-02-22	0.1829
2021-02-19	0.1858
2021-02-18	0.1842
2021-02-17	0.1848
2021-02-16	0.1861
2021-02-12	0.1862
2021-02-11	0.1863
2021-02-10	0.1857
2021-02-09	0.1859
2021-02-08	0.1864
2021-02-05	0.1862
2021-02-04	0.1842
2021-02-03	0.1868
2021-02-02	0.1863
2021-02-01	0.1841
2021-01-29	0.183
2021-01-28	0.1838
2021-01-27	0.1847
2021-01-26	0.1867
2021-01-25	0.1829
2021-01-22	0.1829
2021-01-21	0.1869
2021-01-20	0.189
2021-01-19	0.1866
2021-01-18	0.1888
2021-01-15	0.1889
2021-01-14	0.1924
2021-01-13	0.1887
2021-01-12	0.1879
2021-01-11	0.1822
2021-01-08	0.1846
2021-01-07	0.1848
2021-01-06	0.1882
2021-01-05	0.1892
2021-01-04	0.1888
2021-01-01	0.1925
2020-12-31	0.1925
2020-12-30	0.1925
2020-12-29	0.1919
2020-12-28	0.1905
2020-12-24	0.1917
2020-12-23	0.1917
2020-12-22	0.1938
2020-12-21	0.1952
2020-12-18	0.196
2020-12-17	0.1977
2020-12-16	0.1967
2020-12-15	0.1967
2020-12-14	0.1953
2020-12-11	0.1974
2020-12-10	0.199
2020-12-09	0.1934
2020-12-08	0.1953
2020-12-07	0.1961
2020-12-04	0.1939
2020-12-03	0.1941
2020-12-02	0.1916
2020-12-01	0.192
2020-11-30	0.1875
2020-11-27	0.1871
2020-11-26	0.1874
2020-11-25	0.1878
2020-11-24	0.1861
2020-11-23	0.1838
2020-11-20	0.1858
2020-11-19	0.1885
2020-11-18	0.1864
2020-11-17	0.1877
2020-11-16	0.1846
2020-11-13	0.1832
2020-11-12	0.1832
2020-11-11	0.1855
2020-11-10	0.1847
2020-11-09	0.1857
2020-11-06	0.1864
2020-11-05	0.181
2020-11-04	0.1765
2020-11-03	0.1737
2020-11-02	0.1741
2020-10-30	0.174
2020-10-29	0.1729
2020-10-28	0.174
2020-10-27	0.1752
2020-10-26	0.1778
2020-10-23	0.1779
2020-10-22	0.1788
2020-10-21	0.1783
2020-10-20	0.1784
2020-10-19	0.1783
2020-10-16	0.1771
2020-10-15	0.1781
2020-10-14	0.1788
2020-10-13	0.1795
2020-10-09	0.1806
2020-10-08	0.1786
2020-10-07	0.1782
2020-10-06	0.1788
2020-10-05	0.1793
2020-10-02	0.1758
2020-10-01	0.1772
2020-09-30	0.1782
2020-09-29	0.1774
2020-09-28	0.1766
2020-09-25	0.1797
2020-09-24	0.1815
2020-09-23	0.1786
2020-09-22	0.1827
2020-09-21	0.1847
2020-09-18	0.1856
2020-09-17	0.1908
2020-09-16	0.1909
2020-09-15	0.1895
2020-09-14	0.1897
2020-09-11	0.1879
2020-09-10	0.1879
2020-09-09	0.1884
2020-09-08	0.1865
2020-09-04	0.1886
2020-09-03	0.1889
2020-09-02	0.1871
2020-09-01	0.1853
2020-08-31	0.182
2020-08-28	0.1855
2020-08-27	0.1795
2020-08-26	0.1783
2020-08-25	0.1815
2020-08-24	0.1782
2020-08-21	0.1779
2020-08-20	0.1799
2020-08-19	0.1799
2020-08-18	0.1828
2020-08-17	0.1815
2020-08-14	0.1844
2020-08-13	0.1862
2020-08-12	0.1839
2020-08-11	0.1858
2020-08-10	0.1824
2020-08-07	0.1839
2020-08-06	0.1875
2020-08-05	0.1889
2020-08-04	0.1889
2020-08-03	0.1879
2020-07-31	0.1914
2020-07-30	0.1939
2020-07-29	0.1934
2020-07-28	0.194
2020-07-27	0.1943
2020-07-24	0.1911
2020-07-23	0.1918
2020-07-22	0.1954
2020-07-21	0.1933
2020-07-20	0.1877
2020-07-17	0.1856
2020-07-16	0.1876
2020-07-15	0.1861
2020-07-14	0.1862
2020-07-13	0.185
2020-07-10	0.1878
2020-07-09	0.1871
2020-07-08	0.1871
2020-07-07	0.1859
2020-07-06	0.1866
2020-07-03	0.1881
2020-07-02	0.1866
2020-07-01	0.188
2020-06-30	0.1829
2020-06-29	0.185
2020-06-26	0.1822
2020-06-25	0.1867
2020-06-24	0.187
2020-06-23	0.194
2020-06-22	0.1903
2020-06-19	0.1882
2020-06-18	0.1858
2020-06-17	0.1912
2020-06-16	0.1907
2020-06-15	0.1939
2020-06-12	0.198
2020-06-11	0.2009
2020-06-10	0.2009
2020-06-09	0.204
2020-06-08	0.2073
2020-06-05	0.2016
2020-06-04	0.1953
2020-06-03	0.1974
2020-06-02	0.1922
2020-06-01	0.1863
2020-05-29	0.1873
2020-05-28	0.1849
2020-05-27	0.1896
2020-05-26	0.187
2020-05-25	0.1836
2020-05-22	0.1807
2020-05-21	0.1801
2020-05-20	0.1756
2020-05-19	0.1737
2020-05-18	0.1748
2020-05-15	0.1707
2020-05-14	0.172
2020-05-13	0.1698
2020-05-12	0.1699
2020-05-11	0.1718
2020-05-08	0.1744
2020-05-07	0.1714
2020-05-06	0.1749
2020-05-05	0.1792
2020-05-04	0.1803
2020-05-01	0.1823
2020-04-30	0.1822
2020-04-29	0.1874
2020-04-28	0.1817
2020-04-27	0.1768
2020-04-24	0.1788
2020-04-23	0.1806
2020-04-22	0.1832
2020-04-21	0.1881
2020-04-20	0.188
2020-04-17	0.1909
2020-04-16	0.1911
2020-04-15	0.1908
2020-04-14	0.1936
2020-04-13	0.1922
2020-04-10	0.1958
2020-04-09	0.1958
2020-04-08	0.1951
2020-04-07	0.1914
2020-04-06	0.1891
2020-04-03	0.1869
2020-04-02	0.1902
2020-04-01	0.1904
2020-03-31	0.1921
2020-03-30	0.1925
2020-03-27	0.196
2020-03-26	0.199
2020-03-25	0.1985
2020-03-24	0.1961
2020-03-23	0.1944
2020-03-20	0.1974
2020-03-19	0.1962
2020-03-18	0.1957
2020-03-17	0.1995
2020-03-16	0.2
2020-03-13	0.2057
2020-03-12	0.2087
2020-03-11	0.2076
2020-03-10	0.2153
2020-03-09	0.2116
2020-03-06	0.2161
2020-03-05	0.217
2020-03-04	0.2181
2020-03-03	0.2215
2020-03-02	0.2235
2020-02-28	0.2235
2020-02-27	0.2229
2020-02-26	0.2247
2020-02-25	0.2279
2020-02-24	0.2279
2020-02-21	0.2278
2020-02-20	0.2276
2020-02-19	0.2291
2020-02-18	0.2296
2020-02-17	0.2311
2020-02-14	0.2327
2020-02-13	0.2298
2020-02-12	0.2296
2020-02-11	0.2308
2020-02-10	0.2312
2020-02-07	0.2314
2020-02-06	0.2335
2020-02-05	0.2361
2020-02-04	0.235
2020-02-03	0.2354
2020-01-31	0.2335
2020-01-30	0.2357
2020-01-29	0.2364
2020-01-28	0.2384
2020-01-27	0.2377
2020-01-24	0.2391
2020-01-23	0.2397
2020-01-22	0.2391
2020-01-21	0.2374
2020-01-20	0.2386
2020-01-17	0.2403
2020-01-16	0.2389
2020-01-15	0.2395
2020-01-14	0.2419
2020-01-13	0.2411
2020-01-10	0.2441
2020-01-09	0.2443
2020-01-08	0.246
2020-01-07	0.2458
2020-01-06	0.2462
2020-01-03	0.2458
2020-01-02	0.2483
2020-01-01	0.2488
2019-12-31	0.2488
2019-12-30	0.2488
2019-12-27	0.2471
2019-12-26	0.2465
2019-12-25	0.2449
2019-12-24	0.2448
2019-12-23	0.2449
2019-12-20	0.2437
2019-12-19	0.2457
2019-12-18	0.2461
2019-12-17	0.2456
2019-12-16	0.2461
2019-12-13	0.2434
2019-12-12	0.2444
2019-12-11	0.2424
2019-12-10	0.2411
2019-12-09	0.2414
2019-12-06	0.2414
2019-12-05	0.2389
2019-12-04	0.2376
2019-12-03	0.2377
2019-12-02	0.2368
2019-11-29	0.236
2019-11-28	0.2386
2019-11-27	0.2345
2019-11-26	0.2362
2019-11-25	0.2366
2019-11-22	0.2383
2019-11-21	0.2385
2019-11-20	0.2382
2019-11-19	0.2384
2019-11-18	0.2371
2019-11-15	0.2383
2019-11-14	0.2384
2019-11-13	0.2398
2019-11-12	0.2399
2019-11-11	0.2408
2019-11-08	0.2402
2019-11-07	0.2438
2019-11-06	0.2449
2019-11-05	0.2504
2019-11-04	0.249
2019-11-01	0.2506
2019-10-31	0.2488
2019-10-30	0.2504
2019-10-29	0.2501
2019-10-28	0.2505
2019-10-25	0.2497
2019-10-24	0.2474
2019-10-23	0.2478
2019-10-22	0.245
2019-10-21	0.2421
2019-10-18	0.2431
2019-10-17	0.2401
2019-10-16	0.2408
2019-10-15	0.2392
2019-10-14	0.2423
2019-10-11	0.2433
2019-10-10	0.2433
2019-10-09	0.2432
2019-10-08	0.2441
2019-10-07	0.2435
2019-10-04	0.2465
2019-10-03	0.2448
2019-10-02	0.2421
2019-10-01	0.2404
2019-09-30	0.2406
2019-09-27	0.2404
2019-09-26	0.2397
2019-09-25	0.2409
2019-09-24	0.2401
2019-09-23	0.2401
2019-09-20	0.241
2019-09-19	0.24
2019-09-18	0.2432
2019-09-17	0.2452
2019-09-16	0.245
2019-09-13	0.2447
2019-09-12	0.2462
2019-09-11	0.2458
2019-09-10	0.245
2019-09-09	0.2441
2019-09-06	0.2462
2019-09-05	0.2433
2019-09-04	0.2442
2019-09-03	0.2399
2019-09-02	0.2387
2019-08-30	0.2413
2019-08-29	0.2399
2019-08-28	0.2399
2019-08-27	0.242
2019-08-26	0.2405
2019-08-23	0.2426
2019-08-22	0.2456
2019-08-21	0.2483
2019-08-20	0.2466
2019-08-19	0.2454
2019-08-16	0.2496
2019-08-15	0.2505
2019-08-14	0.2467
2019-08-13	0.2521
2019-08-12	0.2509
2019-08-09	0.2537
2019-08-08	0.2551
2019-08-07	0.2519
2019-08-06	0.2524
2019-08-05	0.2513
2019-08-02	0.2571
2019-08-01	0.2603
2019-07-31	0.2622
2019-07-30	0.2637
2019-07-29	0.2644
2019-07-26	0.2648
2019-07-25	0.2644
2019-07-24	0.2649
2019-07-23	0.2649
2019-07-22	0.2673
2019-07-19	0.2666
2019-07-18	0.2688
2019-07-17	0.2656
2019-07-16	0.2653
2019-07-15	0.2661
2019-07-12	0.2675
2019-07-11	0.2662
2019-07-10	0.2663
2019-07-09	0.2631
2019-07-08	0.2626
2019-07-05	0.2616
2019-07-04	0.2631
2019-07-03	0.2612
2019-07-02	0.2598
2019-07-01	0.2604
2019-06-28	0.2596
2019-06-27	0.2618
2019-06-26	0.26
2019-06-25	0.2598
2019-06-24	0.2614
2019-06-21	0.2618
2019-06-20	0.2605
2019-06-19	0.2605
2019-06-18	0.259
2019-06-17	0.2572
2019-06-14	0.2566
2019-06-13	0.2598
2019-06-12	0.2586
2019-06-11	0.2592
2019-06-10	0.2573
2019-06-07	0.2577
2019-06-06	0.2577
2019-06-05	0.2576
2019-06-04	0.2594
2019-06-03	0.2573
2019-05-31	0.2549
2019-05-30	0.2511
2019-05-29	0.2516
2019-05-28	0.2484
2019-05-27	0.2473
2019-05-24	0.2485
2019-05-23	0.2475
2019-05-22	0.2475
2019-05-21	0.2476
2019-05-20	0.2441
2019-05-17	0.2439
2019-05-16	0.2471
2019-05-15	0.2499
2019-05-14	0.2514
2019-05-13	0.2503
2019-05-10	0.2527
2019-05-09	0.2533
2019-05-08	0.2545
2019-05-07	0.2518
2019-05-06	0.2519
2019-05-03	0.2539
2019-05-02	0.2521
2019-05-01	0.255
2019-04-30	0.255
2019-04-29	0.2536
2019-04-26	0.2545
2019-04-25	0.2528
2019-04-24	0.2504
2019-04-23	0.2549
2019-04-22	0.254
2019-04-19	0.2545
2019-04-18	0.2545
2019-04-17	0.2539
2019-04-16	0.2561
2019-04-15	0.2582
2019-04-12	0.2576
2019-04-11	0.2591
2019-04-10	0.2614
2019-04-09	0.2596
2019-04-08	0.2597
2019-04-05	0.2581
2019-04-04	0.2591
2019-04-03	0.2584
2019-04-02	0.2593
2019-04-01	0.2596
2019-03-29	0.2547
2019-03-28	0.2563
2019-03-27	0.2504
2019-03-26	0.2579
2019-03-25	0.2594
2019-03-22	0.256
2019-03-21	0.2636
2019-03-20	0.2648
2019-03-19	0.2639
2019-03-18	0.2637
2019-03-15	0.2622
2019-03-14	0.2601
2019-03-13	0.2621
2019-03-12	0.2623
2019-03-11	0.2603
2019-03-08	0.2586
2019-03-07	0.2584
2019-03-06	0.2604
2019-03-05	0.2648
2019-03-04	0.2648
2019-03-01	0.2649
2019-02-28	0.2666
2019-02-27	0.2682
2019-02-26	0.2667
2019-02-25	0.2665
2019-02-22	0.2668
2019-02-21	0.2653
2019-02-20	0.2682
2019-02-19	0.2686
2019-02-18	0.2677
2019-02-15	0.2702
2019-02-14	0.2686
2019-02-13	0.2664
2019-02-12	0.2695
2019-02-11	0.2661
2019-02-08	0.2681
2019-02-07	0.2691
2019-02-06	0.2704
2019-02-05	0.2725
2019-02-04	0.2726
2019-02-01	0.2732
2019-01-31	0.2744
2019-01-30	0.2714
2019-01-29	0.2688
2019-01-28	0.2658
2019-01-25	0.2652
2019-01-24	0.265
2019-01-23	0.2655
2019-01-22	0.2621
2019-01-21	0.2663
2019-01-18	0.2665
2019-01-17	0.2666
2019-01-16	0.2676
2019-01-15	0.2691
2019-01-14	0.2703
2019-01-11	0.2695
2019-01-10	0.2695
2019-01-09	0.2717
2019-01-08	0.2693
2019-01-07	0.2677
2019-01-04	0.2692
2019-01-03	0.2662
2019-01-02	0.2638
2019-01-01	0.2576
2018-12-31	0.2576
2018-12-28	0.2576
2018-12-27	0.2581
2018-12-26	0.255
2018-12-25	0.2561
2018-12-24	0.2561
2018-12-21	0.2561
2018-12-20	0.2602
2018-12-19	0.2566
2018-12-18	0.2556
2018-12-17	0.2565
2018-12-14	0.2553
2018-12-13	0.257
2018-12-12	0.2594
2018-12-11	0.2561
2018-12-10	0.2552
2018-12-07	0.2559
2018-12-06	0.2578
2018-12-05	0.2585
2018-12-04	0.2596
2018-12-03	0.2603
2018-11-30	0.2586
2018-11-29	0.2596
2018-11-28	0.2597
2018-11-27	0.2581
2018-11-26	0.2537
2018-11-23	0.2612
2018-11-22	0.2628
2018-11-21	0.2633
2018-11-20	0.2661
2018-11-19	0.2661
2018-11-16	0.2671
2018-11-15	0.2642
2018-11-14	0.2643
2018-11-13	0.2629
2018-11-12	0.2654
2018-11-09	0.2678
2018-11-08	0.2659
2018-11-07	0.268
2018-11-06	0.2658
2018-11-05	0.2684
2018-11-02	0.2705
2018-11-01	0.27
2018-10-31	0.2687
2018-10-30	0.2705
2018-10-29	0.269
2018-10-26	0.2745
2018-10-25	0.2698
2018-10-24	0.2677
2018-10-23	0.2707
2018-10-22	0.2713
2018-10-19	0.2692
2018-10-18	0.2687
2018-10-17	0.2712
2018-10-16	0.2685
2018-10-15	0.2677
2018-10-12	0.2643
2018-10-11	0.2643
2018-10-10	0.2663
2018-10-09	0.2692
2018-10-08	0.2646
2018-10-05	0.2604
2018-10-04	0.2581
2018-10-03	0.2564
2018-10-02	0.2537
2018-10-01	0.2488
2018-09-28	0.247
2018-09-27	0.2492
2018-09-26	0.248
2018-09-25	0.2454
2018-09-24	0.2445
2018-09-21	0.2469
2018-09-20	0.2452
2018-09-19	0.2422
2018-09-18	0.2402
2018-09-17	0.2419
2018-09-14	0.2396
2018-09-13	0.2377
2018-09-12	0.2403
2018-09-11	0.2407
2018-09-10	0.2447
2018-09-07	0.2463
2018-09-06	0.2464
2018-09-05	0.2412
2018-09-04	0.2404
2018-09-03	0.2404
2018-08-31	0.2466
2018-08-30	0.241
2018-08-29	0.2434
2018-08-28	0.2419
2018-08-27	0.2452
2018-08-24	0.2437
2018-08-23	0.2431
2018-08-22	0.2473
2018-08-21	0.247
2018-08-20	0.252
2018-08-17	0.2556
2018-08-16	0.256
2018-08-15	0.256
2018-08-14	0.2586
2018-08-13	0.2575
2018-08-10	0.2591
2018-08-09	0.2631
2018-08-08	0.2651
2018-08-07	0.2666
2018-08-06	0.2676
2018-08-03	0.2697
2018-08-02	0.2666
2018-08-01	0.2666
2018-07-31	0.2661
2018-07-30	0.2681
2018-07-27	0.2695
2018-07-26	0.2668
2018-07-25	0.2711
2018-07-24	0.2668
2018-07-23	0.2643
2018-07-20	0.2654
2018-07-19	0.2611
2018-07-18	0.2596
2018-07-17	0.2605
2018-07-16	0.2591
2018-07-13	0.2596
2018-07-12	0.2576
2018-07-11	0.2581
2018-07-10	0.2621
2018-07-09	0.2582
2018-07-06	0.2589
2018-07-05	0.2543
2018-07-04	0.2555
2018-07-03	0.2566
2018-07-02	0.2555
2018-06-29	0.258
2018-06-28	0.2592
2018-06-27	0.2589
2018-06-26	0.2631
2018-06-25	0.2648
2018-06-22	0.2641
2018-06-21	0.2653
2018-06-20	0.2651
2018-06-19	0.2668
2018-06-18	0.2669
2018-06-15	0.2681
2018-06-14	0.2627
2018-06-13	0.2688
2018-06-12	0.269
2018-06-11	0.2696
2018-06-08	0.2696
2018-06-07	0.2559
2018-06-06	0.2599
2018-06-05	0.2626
2018-06-04	0.2669
2018-06-01	0.2657
2018-05-31	0.2686
2018-05-30	0.2685
2018-05-29	0.2684
2018-05-28	0.2677
2018-05-25	0.2738
2018-05-24	0.274
2018-05-23	0.2757
2018-05-22	0.2743
2018-05-21	0.272
2018-05-18	0.2676
2018-05-17	0.2706
2018-05-16	0.2721
2018-05-15	0.2737
2018-05-14	0.2761
2018-05-11	0.2778
2018-05-10	0.2817
2018-05-09	0.2783
2018-05-08	0.2807
2018-05-07	0.2816
2018-05-04	0.2833
2018-05-03	0.2834
2018-05-02	0.2816
2018-05-01	0.2851
2018-04-30	0.2852
2018-04-27	0.2893
2018-04-26	0.2878
2018-04-25	0.2869
2018-04-24	0.2878
2018-04-23	0.2897
2018-04-20	0.293
2018-04-19	0.2951
2018-04-18	0.2958
2018-04-17	0.2934
2018-04-16	0.2924
2018-04-13	0.2919
2018-04-12	0.293
2018-04-11	0.2963
2018-04-10	0.2933
2018-04-09	0.2923
2018-04-06	0.2968
2018-04-05	0.299
2018-04-04	0.3004
2018-04-03	0.2993
2018-04-02	0.302
2018-03-30	0.3025
2018-03-29	0.3024
2018-03-28	0.3012
2018-03-27	0.3006
2018-03-26	0.3019
2018-03-23	0.3019
2018-03-22	0.3015
2018-03-21	0.3056
2018-03-20	0.3019
2018-03-19	0.3043
2018-03-16	0.3049
2018-03-15	0.3043
2018-03-14	0.3067
2018-03-13	0.3067
2018-03-12	0.3065
2018-03-09	0.3071
2018-03-08	0.3061
2018-03-07	0.3081
2018-03-06	0.3114
2018-03-05	0.3084
2018-03-02	0.3075
2018-03-01	0.3075
2018-02-28	0.308
2018-02-27	0.3075
2018-02-26	0.31
2018-02-23	0.3089
2018-02-22	0.3076
2018-02-21	0.3059
2018-02-20	0.3071
2018-02-19	0.3091
2018-02-16	0.3095
2018-02-15	0.3099
2018-02-14	0.3108
2018-02-13	0.3034
2018-02-12	0.3034
2018-02-09	0.3035
2018-02-08	0.3044
2018-02-07	0.3057
2018-02-06	0.3091
2018-02-05	0.3065
2018-02-02	0.3108
2018-02-01	0.3158
2018-01-31	0.3139
2018-01-30	0.3144
2018-01-29	0.317
2018-01-26	0.3174
2018-01-25	0.3176
2018-01-24	0.3178
2018-01-23	0.3089
2018-01-22	0.3123
2018-01-19	0.3129
2018-01-18	0.3119
2018-01-17	0.3102
2018-01-16	0.3101
2018-01-15	0.3109
2018-01-12	0.3119
2018-01-11	0.311
2018-01-10	0.3098
2018-01-09	0.3079
2018-01-08	0.3086
2018-01-05	0.3097
2018-01-04	0.3091
2018-01-03	0.3089
2018-01-02	0.3069
2018-01-01	0.3019
2017-12-29	0.3019
2017-12-28	0.3019
2017-12-27	0.3017
2017-12-26	0.302
2017-12-25	0.2997
2017-12-22	0.2997
2017-12-21	0.3023
2017-12-20	0.3032
2017-12-19	0.3039
2017-12-18	0.3038
2017-12-15	0.3035
2017-12-14	0.2992
2017-12-13	0.3021
2017-12-12	0.3024
2017-12-11	0.3026
2017-12-08	0.3038
2017-12-07	0.3039
2017-12-06	0.309
2017-12-05	0.3085
2017-12-04	0.3083
2017-12-01	0.3069
2017-11-30	0.3056
2017-11-29	0.3081
2017-11-28	0.3113
2017-11-27	0.3098
2017-11-24	0.3093
2017-11-23	0.3104
2017-11-22	0.3101
2017-11-21	0.3069
2017-11-20	0.307
2017-11-17	0.307
2017-11-16	0.3054
2017-11-15	0.3018
2017-11-14	0.3019
2017-11-13	0.3049
2017-11-10	0.3051
2017-11-09	0.3075
2017-11-08	0.3073
2017-11-07	0.3057
2017-11-06	0.3078
2017-11-03	0.3017
2017-11-02	0.306
2017-11-01	0.306
2017-10-31	0.3055
2017-10-30	0.304
2017-10-27	0.309
2017-10-26	0.3039
2017-10-25	0.3093
2017-10-24	0.3083
2017-10-23	0.3089
2017-10-20	0.3132
2017-10-19	0.3157
2017-10-18	0.3154
2017-10-17	0.3166
2017-10-16	0.3154
2017-10-13	0.318
2017-10-12	0.3154
2017-10-11	0.3152
2017-10-10	0.3145
2017-10-09	0.3136
2017-10-06	0.3169
2017-10-05	0.317
2017-10-04	0.319
2017-10-03	0.3182
2017-10-02	0.317
2017-09-29	0.3162
2017-09-28	0.3142
2017-09-27	0.3131
2017-09-26	0.3159
2017-09-25	0.3165
2017-09-22	0.32
2017-09-21	0.3187
2017-09-20	0.3192
2017-09-19	0.319
2017-09-18	0.3188
2017-09-15	0.3217
2017-09-14	0.3206
2017-09-13	0.319
2017-09-12	0.32
2017-09-11	0.3222
2017-09-08	0.324
2017-09-07	0.3226
2017-09-06	0.3226
2017-09-05	0.3209
2017-09-04	0.3184
2017-09-01	0.3183
2017-08-31	0.3176
2017-08-30	0.3165
2017-08-29	0.316
2017-08-28	0.3157
2017-08-25	0.3165
2017-08-24	0.3176
2017-08-23	0.3184
2017-08-22	0.3164
2017-08-21	0.316
2017-08-18	0.3178
2017-08-17	0.315
2017-08-16	0.3172
2017-08-15	0.3155
2017-08-14	0.3135
2017-08-11	0.3131
2017-08-10	0.3149
2017-08-09	0.3169
2017-08-08	0.3198
2017-08-07	0.3199
2017-08-04	0.3194
2017-08-03	0.3213
2017-08-02	0.3212
2017-08-01	0.3199
2017-07-31	0.3199
2017-07-28	0.3193
2017-07-27	0.3171
2017-07-26	0.3186
2017-07-25	0.3152
2017-07-24	0.3177
2017-07-21	0.3183
2017-07-20	0.3205
2017-07-19	0.3175
2017-07-18	0.317
2017-07-17	0.3141
2017-07-14	0.3145
2017-07-13	0.3111
2017-07-12	0.3118
2017-07-11	0.3073
2017-07-10	0.3071
2017-07-07	0.3048
2017-07-06	0.3034
2017-07-05	0.304
2017-07-04	0.3022
2017-07-03	0.3029
2017-06-30	0.3024
2017-06-29	0.3026
2017-06-28	0.3048
2017-06-27	0.3018
2017-06-26	0.3034
2017-06-23	0.2992
2017-06-22	0.2992
2017-06-21	0.2998
2017-06-20	0.3005
2017-06-19	0.3046
2017-06-16	0.3036
2017-06-15	0.3054
2017-06-14	0.3054
2017-06-13	0.3016
2017-06-12	0.3014
2017-06-09	0.3033
2017-06-08	0.3066
2017-06-07	0.3059
2017-06-06	0.305
2017-06-05	0.3033
2017-06-02	0.3079
2017-06-01	0.3076
2017-05-31	0.31
2017-05-30	0.307
2017-05-29	0.307
2017-05-26	0.3068
2017-05-25	0.3054
2017-05-24	0.305
2017-05-23	0.3058
2017-05-22	0.3063
2017-05-19	0.3074
2017-05-18	0.2967
2017-05-17	0.3186
2017-05-16	0.323
2017-05-15	0.3214
2017-05-12	0.3203
2017-05-11	0.3185
2017-05-10	0.3157
2017-05-09	0.3135
2017-05-08	0.3127
2017-05-05	0.3147
2017-05-04	0.3136
2017-05-03	0.316
2017-05-02	0.3173
2017-05-01	0.3148
2017-04-28	0.3148
2017-04-27	0.3141
2017-04-26	0.3152
2017-04-25	0.3177
2017-04-24	0.3197
2017-04-21	0.3176
2017-04-20	0.3176
2017-04-19	0.3172
2017-04-18	0.3217
2017-04-17	0.3227
2017-04-14	0.318
2017-04-13	0.318
2017-04-12	0.3199
2017-04-11	0.3187
2017-04-10	0.3193
2017-04-07	0.3179
2017-04-06	0.3182
2017-04-05	0.3205
2017-04-04	0.3232
2017-04-03	0.3211
2017-03-31	0.3202
2017-03-30	0.3175
2017-03-29	0.3206
2017-03-28	0.3184
2017-03-27	0.3199
2017-03-24	0.3217
2017-03-23	0.3185
2017-03-22	0.3239
2017-03-21	0.3238
2017-03-20	0.3255
2017-03-17	0.3235
2017-03-16	0.3206
2017-03-15	0.3222
2017-03-14	0.3156
2017-03-13	0.3171
2017-03-10	0.3185
2017-03-09	0.3131
2017-03-08	0.3161
2017-03-07	0.3206
2017-03-06	0.3186
2017-03-03	0.321
2017-03-02	0.3169
2017-03-01	0.3236
2017-02-28	0.3216
2017-02-27	0.3216
2017-02-24	0.3214
2017-02-23	0.3268
2017-02-22	0.3264
2017-02-21	0.3231
2017-02-20	0.3239
2017-02-17	0.3221
2017-02-16	0.3237
2017-02-15	0.3271
2017-02-14	0.3241
2017-02-13	0.3214
2017-02-10	0.321
2017-02-09	0.3195
2017-02-08	0.3207
2017-02-07	0.3205
2017-02-06	0.321
2017-02-03	0.3207
2017-02-02	0.3201
2017-02-01	0.3195
2017-01-31	0.3174
2017-01-30	0.3198
2017-01-27	0.3184
2017-01-26	0.3146
2017-01-25	0.3155
2017-01-24	0.3155
2017-01-23	0.3161
2017-01-20	0.3155
2017-01-19	0.3129
2017-01-18	0.3095
2017-01-17	0.3114
2017-01-16	0.3085
2017-01-13	0.3105
2017-01-12	0.3137
2017-01-11	0.3127
2017-01-10	0.3129
2017-01-09	0.3128
2017-01-06	0.3101
2017-01-05	0.3126
2017-01-04	0.311
2017-01-03	0.3063
2017-01-02	0.3044
2016-12-30	0.3073
2016-12-29	0.3073
2016-12-28	0.3044
2016-12-27	0.3057
2016-12-26	0.3052
2016-12-23	0.3058
2016-12-22	0.3042
2016-12-21	0.3005
2016-12-20	0.2981
2016-12-19	0.2972
2016-12-16	0.2949
2016-12-15	0.2968
2016-12-14	0.2967
2016-12-13	0.2998
2016-12-12	0.2995
2016-12-09	0.296
2016-12-08	0.2963
2016-12-07	0.2956
2016-12-06	0.2934
2016-12-05	0.2923
2016-12-02	0.2878
2016-12-01	0.288
2016-11-30	0.2955
2016-11-29	0.2942
2016-11-28	0.2954
2016-11-25	0.2922
2016-11-24	0.2949
2016-11-23	0.2946
2016-11-22	0.2981
2016-11-21	0.2983
2016-11-18	0.2955
2016-11-17	0.2924
2016-11-16	0.2924
2016-11-15	0.2907
2016-11-14	0.2913
2016-11-11	0.2949
2016-11-10	0.2953
2016-11-09	0.3109
2016-11-08	0.3155
2016-11-07	0.3124
2016-11-04	0.3093
2016-11-03	0.3085
2016-11-02	0.309
2016-11-01	0.309
2016-10-31	0.3135
2016-10-28	0.3119
2016-10-27	0.3155
2016-10-26	0.3184
2016-10-25	0.3211
2016-10-24	0.3201
2016-10-21	0.3174
2016-10-20	0.3181
2016-10-19	0.3155
2016-10-18	0.3136
2016-10-17	0.3123
2016-10-14	0.312
2016-10-13	0.3147
2016-10-12	0.3123
2016-10-11	0.313
2016-10-10	0.3119
2016-10-07	0.3105
2016-10-06	0.3096
2016-10-05	0.3105
2016-10-04	0.307
2016-10-03	0.3115
2016-09-30	0.3067
2016-09-29	0.3068
2016-09-28	0.3109
2016-09-27	0.3092
2016-09-26	0.3086
2016-09-23	0.3082
2016-09-22	0.3105
2016-09-21	0.3118
2016-09-20	0.3069
2016-09-19	0.3055
2016-09-16	0.3065
2016-09-15	0.3028
2016-09-14	0.2992
2016-09-13	0.3019
2016-09-12	0.3081
2016-09-09	0.3055
2016-09-08	0.3116
2016-09-07	0.3132
2016-09-06	0.313
2016-09-05	0.3046
2016-09-02	0.307
2016-09-01	0.3069
2016-08-31	0.3102
2016-08-30	0.3085
2016-08-29	0.3096
2016-08-26	0.3062
2016-08-25	0.309
2016-08-24	0.31
2016-08-23	0.3092
2016-08-22	0.3124
2016-08-19	0.3121
2016-08-18	0.3087
2016-08-17	0.3121
2016-08-16	0.3122
2016-08-15	0.3139
2016-08-12	0.3132
2016-08-11	0.318
2016-08-10	0.3198
2016-08-09	0.3179
2016-08-08	0.315
2016-08-05	0.3159
2016-08-04	0.3131
2016-08-03	0.3089
2016-08-02	0.307
2016-08-01	0.3063
2016-07-29	0.308
2016-07-28	0.304
2016-07-27	0.3064
2016-07-26	0.3052
2016-07-25	0.3043
2016-07-22	0.3072
2016-07-21	0.3056
2016-07-20	0.3068
2016-07-19	0.3078
2016-07-18	0.3074
2016-07-15	0.3047
2016-07-14	0.3076
2016-07-13	0.3064
2016-07-12	0.3034
2016-07-11	0.3022
2016-07-08	0.303
2016-07-07	0.2969
2016-07-06	0.3003
2016-07-05	0.3028
2016-07-04	0.3059
2016-07-01	0.309
2016-06-30	0.3112
2016-06-29	0.3104
2016-06-28	0.3028
2016-06-27	0.2948
2016-06-24	0.2964
2016-06-23	0.2995
2016-06-22	0.2961
2016-06-21	0.2928
2016-06-20	0.2946
2016-06-17	0.2927
2016-06-16	0.2885
2016-06-15	0.2878
2016-06-14	0.2873
2016-06-13	0.2871
2016-06-10	0.2925
2016-06-09	0.2942
2016-06-08	0.2974
2016-06-07	0.2905
2016-06-06	0.2866
2016-06-03	0.2838
2016-06-02	0.2784
2016-06-01	0.2777
2016-05-31	0.2769
2016-05-30	0.28
2016-05-27	0.2769
2016-05-26	0.2791
2016-05-25	0.2791
2016-05-24	0.28
2016-05-23	0.2799
2016-05-20	0.2841
2016-05-19	0.2805
2016-05-18	0.2802
2016-05-17	0.2866
2016-05-16	0.2857
2016-05-13	0.283
2016-05-12	0.2869
2016-05-11	0.2896
2016-05-10	0.2877
2016-05-09	0.2844
2016-05-06	0.2855
2016-05-05	0.2829
2016-05-04	0.2819
2016-05-03	0.2809
2016-05-02	0.2856
2016-04-29	0.2911
2016-04-28	0.2867
2016-04-27	0.2835
2016-04-26	0.2833
2016-04-25	0.2812
2016-04-22	0.2805
2016-04-21	0.2826
2016-04-20	0.2833
2016-04-19	0.283
2016-04-18	0.2766
2016-04-15	0.283
2016-04-14	0.2871
2016-04-13	0.2859
2016-04-12	0.2866
2016-04-11	0.2863
2016-04-08	0.2786
2016-04-07	0.271
2016-04-06	0.2746
2016-04-05	0.2717
2016-04-04	0.2759
2016-04-01	0.2814
2016-03-31	0.2783
2016-03-30	0.2778
2016-03-29	0.2748
2016-03-28	0.2757
2016-03-25	0.2715
2016-03-24	0.272
2016-03-23	0.2713
2016-03-22	0.2792
2016-03-21	0.2764
2016-03-18	0.2759
2016-03-17	0.2757
2016-03-16	0.2672
2016-03-15	0.2656
2016-03-14	0.2731
2016-03-11	0.2792
2016-03-10	0.2757
2016-03-09	0.2711
2016-03-08	0.2663
2016-03-07	0.2643
2016-03-04	0.266
2016-03-03	0.2632
2016-03-02	0.2569
2016-03-01	0.2546
2016-02-29	0.2489
2016-02-26	0.2504
2016-02-25	0.2528
2016-02-24	0.2526
2016-02-23	0.2527
2016-02-22	0.2534
2016-02-19	0.2487
2016-02-18	0.2482
2016-02-17	0.2509
2016-02-16	0.2456
2016-02-15	0.2496
2016-02-12	0.2498
2016-02-11	0.2503
2016-02-10	0.2545
2016-02-09	0.2574
2016-02-08	0.2567
2016-02-05	0.2562
2016-02-04	0.2571
2016-02-03	0.2567
2016-02-02	0.2507
2016-02-01	0.2523
2016-01-29	0.2501
2016-01-28	0.2457
2016-01-27	0.2434
2016-01-26	0.2467
2016-01-25	0.2445
2016-01-22	0.2442
2016-01-21	0.2405
2016-01-20	0.2441
2016-01-19	0.2461
2016-01-18	0.2466
2016-01-15	0.247
2016-01-14	0.25
2016-01-13	0.249
2016-01-12	0.2482
2016-01-11	0.2467
2016-01-08	0.2485
2016-01-07	0.2472
2016-01-06	0.2485
2016-01-05	0.2495
2016-01-04	0.2475
2016-01-01	0.2525
2015-12-31	0.2525
2015-12-30	0.2525
2015-12-29	0.2587
2015-12-28	0.2592
2015-12-25	0.2534
2015-12-24	0.253
2015-12-23	0.2537
2015-12-22	0.2506
2015-12-21	0.2492
2015-12-18	0.2511
2015-12-17	0.2578
2015-12-16	0.2574
2015-12-15	0.2582
2015-12-14	0.2579
2015-12-11	0.2582
2015-12-10	0.2623
2015-12-09	0.2667
2015-12-08	0.2634
2015-12-07	0.2654
2015-12-04	0.2665
2015-12-03	0.266
2015-12-02	0.2607
2015-12-01	0.2592
2015-11-30	0.2585
2015-11-27	0.26
2015-11-26	0.2672
2015-11-25	0.2672
2015-11-24	0.2703
2015-11-23	0.2679
2015-11-20	0.2699
2015-11-19	0.269
2015-11-18	0.2655
2015-11-17	0.2624
2015-11-16	0.2618
2015-11-13	0.26
2015-11-12	0.2652
2015-11-11	0.2657
2015-11-10	0.2666
2015-11-09	0.2632
2015-11-06	0.2652
2015-11-05	0.2645
2015-11-04	0.2631
2015-11-03	0.2652
2015-11-02	0.2597
2015-10-30	0.2593
2015-10-29	0.2597
2015-10-28	0.2558
2015-10-27	0.2572
2015-10-26	0.256
2015-10-23	0.2577
2015-10-22	0.2558
2015-10-21	0.2537
2015-10-20	0.2559
2015-10-19	0.2573
2015-10-16	0.2548
2015-10-15	0.2633
2015-10-14	0.2623
2015-10-13	0.2568
2015-10-12	0.2657
2015-10-09	0.2655
2015-10-08	0.2643
2015-10-07	0.2575
2015-10-06	0.2595
2015-10-05	0.2556
2015-10-02	0.2543
2015-10-01	0.2494
2015-09-30	0.2532
2015-09-29	0.2461
2015-09-28	0.2434
2015-09-25	0.2514
2015-09-24	0.254
2015-09-23	0.2394
2015-09-22	0.247
2015-09-21	0.2509
2015-09-18	0.2534
2015-09-17	0.2565
2015-09-16	0.2612
2015-09-15	0.2588
2015-09-14	0.2621
2015-09-11	0.2584
2015-09-10	0.2597
2015-09-09	0.2647
2015-09-08	0.2618
2015-09-07	0.2605
2015-09-04	0.2601
2015-09-03	0.2675
2015-09-02	0.2659
2015-09-01	0.2704
2015-08-31	0.2763
2015-08-28	0.2792
2015-08-27	0.2816
2015-08-26	0.2781
2015-08-25	0.2764
2015-08-24	0.2815
2015-08-21	0.2857
2015-08-20	0.2893
2015-08-19	0.2863
2015-08-18	0.2883
2015-08-17	0.2873
2015-08-14	0.2871
2015-08-13	0.2842
2015-08-12	0.2873
2015-08-11	0.2878
2015-08-10	0.2912
2015-08-07	0.2851
2015-08-06	0.2828
2015-08-05	0.2868
2015-08-04	0.2881
2015-08-03	0.2897
2015-07-31	0.2923
2015-07-30	0.2966
2015-07-29	0.3002
2015-07-28	0.2978
2015-07-27	0.2973
2015-07-24	0.298
2015-07-23	0.3043
2015-07-22	0.3102
2015-07-21	0.3153
2015-07-20	0.3127
2015-07-17	0.3137
2015-07-16	0.3166
2015-07-15	0.3186
2015-07-14	0.3185
2015-07-13	0.319
2015-07-10	0.3166
2015-07-09	0.3105
2015-07-08	0.3092
2015-07-07	0.3138
2015-07-06	0.3187
2015-07-03	0.319
2015-07-02	0.3229
2015-07-01	0.3175
2015-06-30	0.3223
2015-06-29	0.3207
2015-06-26	0.3195
2015-06-25	0.3197
2015-06-24	0.3228
2015-06-23	0.3251
2015-06-22	0.3245
2015-06-19	0.3228
2015-06-18	0.3267
2015-06-17	0.3271
2015-06-16	0.3237
2015-06-15	0.3198
2015-06-12	0.3205
2015-06-11	0.3237
2015-06-10	0.3206
2015-06-09	0.3229
2015-06-08	0.3212
2015-06-05	0.3181
2015-06-04	0.3183
2015-06-03	0.3192
2015-06-02	0.3194
2015-06-01	0.3153
2015-05-29	0.3145
2015-05-28	0.3162
2015-05-27	0.3184
2015-05-26	0.3171
2015-05-25	0.3229
2015-05-22	0.3231
2015-05-21	0.3292
2015-05-20	0.333
2015-05-19	0.329
2015-05-18	0.3325
2015-05-15	0.3336
2015-05-14	0.3341
2015-05-13	0.3289
2015-05-12	0.3311
2015-05-11	0.3266
2015-05-08	0.3363
2015-05-07	0.3305
2015-05-06	0.3296
2015-05-05	0.3275
2015-05-04	0.324
2015-05-01	0.3317
2015-04-30	0.3317
2015-04-29	0.3377
2015-04-28	0.3406
2015-04-27	0.3429
2015-04-24	0.3388
2015-04-23	0.3366
2015-04-22	0.3321
2015-04-21	0.3296
2015-04-20	0.3297
2015-04-17	0.3288
2015-04-16	0.3309
2015-04-15	0.3301
2015-04-14	0.3264
2015-04-13	0.3204
2015-04-10	0.3251
2015-04-09	0.3269
2015-04-08	0.3279
2015-04-07	0.3196
2015-04-06	0.3199
2015-04-03	0.3204
2015-04-02	0.3205
2015-04-01	0.3159
2015-03-31	0.3129
2015-03-30	0.3095
2015-03-27	0.3077
2015-03-26	0.3142
2015-03-25	0.3124
2015-03-24	0.3185
2015-03-23	0.3193
2015-03-20	0.3097
2015-03-19	0.3038
2015-03-18	0.3116
2015-03-17	0.3087
2015-03-16	0.308
2015-03-13	0.3078
2015-03-12	0.3159
2015-03-11	0.3199
2015-03-10	0.3223
2015-03-09	0.3203
2015-03-06	0.3266
2015-03-05	0.3329
2015-03-04	0.336
2015-03-03	0.3412
2015-03-02	0.3452
2015-02-27	0.3522
2015-02-26	0.3438
2015-02-25	0.3478
2015-02-24	0.353
2015-02-23	0.3474
2015-02-20	0.3487
2015-02-19	0.3489
2015-02-18	0.3524
2015-02-17	0.3534
2015-02-16	0.3528
2015-02-13	0.3528
2015-02-12	0.3545
2015-02-11	0.3485
2015-02-10	0.3528
2015-02-09	0.361
2015-02-06	0.3594
2015-02-05	0.3643
2015-02-04	0.3647
2015-02-03	0.3711
2015-02-02	0.3667
2015-01-30	0.3728
2015-01-29	0.3841
2015-01-28	0.3881
2015-01-27	0.3887
2015-01-26	0.3871
2015-01-23	0.3876
2015-01-22	0.3884
2015-01-21	0.3845
2015-01-20	0.3826
2015-01-19	0.3771
2015-01-16	0.3815
2015-01-15	0.3785
2015-01-14	0.3823
2015-01-13	0.3784
2015-01-12	0.374
2015-01-09	0.3802
2015-01-08	0.3755
2015-01-07	0.3727
2015-01-06	0.3704
2015-01-05	0.3695
2015-01-02	0.3712
2015-01-01	0.3763
2014-12-31	0.3763
2014-12-30	0.3763
2014-12-29	0.37
2014-12-26	0.3747
2014-12-25	0.371
2014-12-24	0.371
2014-12-23	0.3711
2014-12-22	0.376
2014-12-19	0.376
2014-12-18	0.3756
2014-12-17	0.3683
2014-12-16	0.3652
2014-12-15	0.371
2014-12-12	0.3767
2014-12-11	0.3774
2014-12-10	0.3822
2014-12-09	0.3857
2014-12-08	0.3846
2014-12-05	0.3862
2014-12-04	0.3859
2014-12-03	0.3918
2014-12-02	0.3894
2014-12-01	0.3906
2014-11-28	0.3897
2014-11-27	0.3952
2014-11-26	0.3998
2014-11-25	0.3952
2014-11-24	0.3928
2014-11-21	0.3976
2014-11-20	0.3886
2014-11-19	0.3888
2014-11-18	0.3872
2014-11-17	0.3834
2014-11-14	0.3844
2014-11-13	0.3863
2014-11-12	0.3896
2014-11-11	0.391
2014-11-10	0.3917
2014-11-07	0.3908
2014-11-06	0.3891
2014-11-05	0.3992
2014-11-04	0.4005
2014-11-03	0.4005
2014-10-31	0.4035
2014-10-30	0.416
2014-10-29	0.4063
2014-10-28	0.4063
2014-10-27	0.3964
2014-10-24	0.4042
2014-10-23	0.4002
2014-10-22	0.4021
2014-10-21	0.4031
2014-10-20	0.4057
2014-10-17	0.4106
2014-10-16	0.4044
2014-10-15	0.4068
2014-10-14	0.4166
2014-10-13	0.4177
2014-10-10	0.4116
2014-10-09	0.417
2014-10-08	0.4207
2014-10-07	0.4173
2014-10-06	0.4126
2014-10-03	0.4067
2014-10-02	0.4008
2014-10-01	0.403
2014-09-30	0.4088
2014-09-29	0.4087
2014-09-26	0.4132
2014-09-25	0.4118
2014-09-24	0.4195
2014-09-23	0.4146
2014-09-22	0.4169
2014-09-19	0.4223
2014-09-18	0.4229
2014-09-17	0.424
2014-09-16	0.4287
2014-09-15	0.4269
2014-09-12	0.4275
2014-09-11	0.4352
2014-09-10	0.437
2014-09-09	0.4373
2014-09-08	0.441
2014-09-05	0.4463
2014-09-04	0.4458
2014-09-03	0.447
2014-09-02	0.4457
2014-09-01	0.4453
2014-08-29	0.4472
2014-08-28	0.4461
2014-08-27	0.445
2014-08-26	0.4421
2014-08-25	0.437
2014-08-22	0.439
2014-08-21	0.4408
2014-08-20	0.442
2014-08-19	0.4451
2014-08-18	0.4429
2014-08-15	0.4425
2014-08-14	0.4412
2014-08-13	0.4385
2014-08-12	0.4392
2014-08-11	0.4395
2014-08-08	0.4379
2014-08-07	0.4357
2014-08-06	0.4398
2014-08-05	0.4382
2014-08-04	0.4428
2014-08-01	0.443
2014-07-31	0.4417
2014-07-30	0.4453
2014-07-29	0.4483
2014-07-28	0.45
2014-07-25	0.4486
2014-07-24	0.45
2014-07-23	0.4508
2014-07-22	0.4519
2014-07-21	0.4505
2014-07-18	0.4493
2014-07-17	0.4428
2014-07-16	0.4497
2014-07-15	0.4505
2014-07-14	0.4523
2014-07-11	0.4503
2014-07-10	0.4506
2014-07-09	0.452
2014-07-08	0.452
2014-07-07	0.4496
2014-07-04	0.4518
2014-07-03	0.4524
2014-07-02	0.4494
2014-07-01	0.4542
2014-06-30	0.4516
2014-06-27	0.4558
2014-06-26	0.4552
2014-06-25	0.4529
2014-06-24	0.4494
2014-06-23	0.4509
2014-06-20	0.4484
2014-06-19	0.4499
2014-06-18	0.4488
2014-06-17	0.4421
2014-06-16	0.4476
2014-06-13	0.4496
2014-06-12	0.4484
2014-06-11	0.4477
2014-06-10	0.4499
2014-06-09	0.4489
2014-06-06	0.4449
2014-06-05	0.4421
2014-06-04	0.439
2014-06-03	0.4385
2014-06-02	0.4392
2014-05-30	0.4463
2014-05-29	0.4494
2014-05-28	0.4479
2014-05-27	0.4469
2014-05-26	0.4496
2014-05-23	0.4497
2014-05-22	0.4514
2014-05-21	0.453
2014-05-20	0.4512
2014-05-19	0.4534
2014-05-16	0.4516
2014-05-15	0.4504
2014-05-14	0.454
2014-05-13	0.4515
2014-05-12	0.4516
2014-05-09	0.4519
2014-05-08	0.4514
2014-05-07	0.4511
2014-05-06	0.4486
2014-05-05	0.4458
2014-05-02	0.4505
2014-05-01	0.4477
2014-04-30	0.4478
2014-04-29	0.4473
2014-04-28	0.4497
2014-04-25	0.4455
2014-04-24	0.4516
2014-04-23	0.4502
2014-04-22	0.4468
2014-04-21	0.447
2014-04-18	0.447
2014-04-17	0.4469
2014-04-16	0.4457
2014-04-15	0.4478
2014-04-14	0.4517
2014-04-11	0.4508
2014-04-10	0.4532
2014-04-09	0.4575
2014-04-08	0.4543
2014-04-07	0.4507
2014-04-04	0.4472
2014-04-03	0.439
2014-04-02	0.4407
2014-04-01	0.4423
2014-03-31	0.4402
2014-03-28	0.4422
2014-03-27	0.4426
2014-03-26	0.4344
2014-03-25	0.4326
2014-03-24	0.4306
2014-03-21	0.4301
2014-03-20	0.4295
2014-03-19	0.4258
2014-03-18	0.4284
2014-03-17	0.4256
2014-03-14	0.4262
2014-03-13	0.423
2014-03-12	0.4251
2014-03-11	0.423
2014-03-10	0.4256
2014-03-07	0.4273
2014-03-06	0.4304
2014-03-05	0.4314
2014-03-04	0.4271
2014-03-03	0.4266
2014-02-28	0.4277
2014-02-27	0.4307
2014-02-26	0.4256
2014-02-25	0.4272
2014-02-24	0.4275
2014-02-21	0.4263
2014-02-20	0.4219
2014-02-19	0.4177
2014-02-18	0.4174
2014-02-17	0.4184
2014-02-14	0.4186
2014-02-13	0.4177
2014-02-12	0.4123
2014-02-11	0.4166
2014-02-10	0.4151
2014-02-07	0.4201
2014-02-06	0.4197
2014-02-05	0.4169
2014-02-04	0.4157
2014-02-03	0.4098
2014-01-31	0.4145
2014-01-30	0.4146
2014-01-29	0.4106
2014-01-28	0.4122
2014-01-27	0.413
2014-01-24	0.417
2014-01-23	0.4174
2014-01-22	0.4214
2014-01-21	0.4242
2014-01-20	0.4266
2014-01-17	0.4269
2014-01-16	0.4231
2014-01-15	0.4236
2014-01-14	0.4255
2014-01-13	0.4238
2014-01-10	0.424
2014-01-09	0.4183
2014-01-08	0.4173
2014-01-07	0.4215
2014-01-06	0.4208
2014-01-03	0.4208
2014-01-02	0.4188
2014-01-01	0.4234
2013-12-31	0.4234
2013-12-30	0.4233
2013-12-27	0.4276
2013-12-26	0.4252
2013-12-25	0.4243
2013-12-24	0.4242
2013-12-23	0.4243
2013-12-20	0.4188
2013-12-19	0.4249
2013-12-18	0.4299
2013-12-17	0.4312
2013-12-16	0.4296
2013-12-13	0.4292
2013-12-12	0.4287
2013-12-11	0.4271
2013-12-10	0.4331
2013-12-09	0.4311
2013-12-06	0.4298
2013-12-05	0.4235
2013-12-04	0.4182
2013-12-03	0.4209
2013-12-02	0.4245
2013-11-29	0.4281
2013-11-28	0.4315
2013-11-27	0.4292
2013-11-26	0.4354
2013-11-25	0.4379
2013-11-22	0.4388
2013-11-21	0.4336
2013-11-20	0.4402
2013-11-19	0.4403
2013-11-18	0.4418
2013-11-15	0.4312
2013-11-14	0.4322
2013-11-13	0.4285
2013-11-12	0.4286
2013-11-11	0.429
2013-11-08	0.4321
2013-11-07	0.4337
2013-11-06	0.4375
2013-11-05	0.4382
2013-11-04	0.4453
2013-11-01	0.4431
2013-10-31	0.4464
2013-10-30	0.4579
2013-10-29	0.4577
2013-10-28	0.4586
2013-10-25	0.4571
2013-10-24	0.4537
2013-10-23	0.457
2013-10-22	0.4603
2013-10-21	0.4601
2013-10-18	0.4611
2013-10-17	0.4646
2013-10-16	0.4586
2013-10-15	0.4586
2013-10-14	0.4584
2013-10-11	0.46
2013-10-10	0.4587
2013-10-09	0.453
2013-10-08	0.4522
2013-10-07	0.4536
2013-10-04	0.4521
2013-10-03	0.4531
2013-10-02	0.4563
2013-10-01	0.4513
2013-09-30	0.4512
2013-09-27	0.4442
2013-09-26	0.4452
2013-09-25	0.448
2013-09-24	0.4543
2013-09-23	0.4548
2013-09-20	0.4525
2013-09-19	0.454
2013-09-18	0.4574
2013-09-17	0.4433
2013-09-16	0.4378
2013-09-13	0.4385
2013-09-12	0.4396
2013-09-11	0.4391
2013-09-10	0.4381
2013-09-09	0.4393
2013-09-06	0.4335
2013-09-05	0.4302
2013-09-04	0.4236
2013-09-03	0.4239
2013-09-02	0.4205
2013-08-30	0.419
2013-08-29	0.4238
2013-08-28	0.4263
2013-08-27	0.4216
2013-08-26	0.4203
2013-08-23	0.4258
2013-08-22	0.4107
2013-08-21	0.4078
2013-08-20	0.4178
2013-08-19	0.4146
2013-08-16	0.418
2013-08-15	0.4272
2013-08-14	0.4302
2013-08-13	0.4321
2013-08-12	0.4372
2013-08-09	0.4402
2013-08-08	0.4377
2013-08-07	0.4322
2013-08-06	0.435
2013-08-05	0.4338
2013-08-02	0.4371
2013-08-01	0.4339
2013-07-31	0.4391
2013-07-30	0.438
2013-07-29	0.4408
2013-07-26	0.4431
2013-07-25	0.4459
2013-07-24	0.4442
2013-07-23	0.4518
2013-07-22	0.4479
2013-07-19	0.4451
2013-07-18	0.4491
2013-07-17	0.4493
2013-07-16	0.4438
2013-07-15	0.4506
2013-07-12	0.441
2013-07-11	0.4437
2013-07-10	0.4416
2013-07-09	0.443
2013-07-08	0.4417
2013-07-05	0.4439
2013-07-04	0.4448
2013-07-03	0.4409
2013-07-02	0.4435
2013-07-01	0.4488
2013-06-28	0.448
2013-06-27	0.4548
2013-06-26	0.4572
2013-06-25	0.4517
2013-06-24	0.4492
2013-06-21	0.446
2013-06-20	0.4427
2013-06-19	0.4495
2013-06-18	0.4584
2013-06-17	0.4606
2013-06-14	0.4645
2013-06-13	0.4716
2013-06-12	0.4639
2013-06-11	0.4689
2013-06-10	0.4659
2013-06-07	0.469
2013-06-06	0.4694
2013-06-05	0.4698
2013-06-04	0.4704
2013-06-03	0.4707
2013-05-31	0.4666
2013-05-30	0.4739
2013-05-29	0.4738
2013-05-28	0.4818
2013-05-27	0.4867
2013-05-24	0.4874
2013-05-23	0.4892
2013-05-22	0.4879
2013-05-21	0.4899
2013-05-20	0.4903
2013-05-17	0.4913
2013-05-16	0.4934
2013-05-15	0.4944
2013-05-14	0.495
2013-05-13	0.4981
2013-05-10	0.4949
2013-05-09	0.4966
2013-05-08	0.4986
2013-05-07	0.498
2013-05-06	0.4976
2013-05-03	0.4977
2013-05-02	0.4976
2013-05-01	0.4996
2013-04-30	0.4996
2013-04-29	0.4977
2013-04-26	0.5003
2013-04-25	0.4996
2013-04-24	0.4973
2013-04-23	0.4939
2013-04-22	0.4947
2013-04-19	0.4973
2013-04-18	0.4954
2013-04-17	0.4996
2013-04-16	0.5032
2013-04-15	0.4997
2013-04-12	0.5077
2013-04-11	0.5059
2013-04-10	0.5066
2013-04-09	0.505
2013-04-08	0.502
2013-04-05	0.5035
2013-04-04	0.4955
2013-04-03	0.4931
2013-04-02	0.4943
2013-04-01	0.494
2013-03-29	0.494
2013-03-28	0.4945
2013-03-27	0.4973
2013-03-26	0.4957
2013-03-25	0.4978
2013-03-22	0.4976
2013-03-21	0.4985
2013-03-20	0.5032
2013-03-19	0.5035
2013-03-18	0.5045
2013-03-15	0.5046
2013-03-14	0.5073
2013-03-13	0.5081
2013-03-12	0.5089
2013-03-11	0.5109
2013-03-08	0.5142
2013-03-07	0.5104
2013-03-06	0.5075
2013-03-05	0.5091
2013-03-04	0.5074
2013-03-01	0.5051
2013-02-28	0.505
2013-02-27	0.5069
2013-02-26	0.5044
2013-02-25	0.5043
2013-02-22	0.5069
2013-02-21	0.5067
2013-02-20	0.5098
2013-02-19	0.5117
2013-02-18	0.5093
2013-02-15	0.5079
2013-02-14	0.5112
2013-02-13	0.509
2013-02-12	0.5079
2013-02-11	0.5069
2013-02-08	0.5068
2013-02-07	0.5085
2013-02-06	0.5024
2013-02-05	0.5039
2013-02-04	0.501
2013-02-01	0.503
2013-01-31	0.5023
2013-01-30	0.5021
2013-01-29	0.5036
2013-01-28	0.5011
2013-01-25	0.4926
2013-01-24	0.4926
2013-01-23	0.4913
2013-01-22	0.4895
2013-01-21	0.4898
2013-01-18	0.49
2013-01-17	0.4906
2013-01-16	0.4896
2013-01-15	0.4912
2013-01-14	0.4922
2013-01-11	0.4918
2013-01-10	0.4929
2013-01-09	0.4907
2013-01-08	0.4898
2013-01-07	0.4934
2013-01-04	0.4915
2013-01-03	0.4888
2013-01-02	0.4889
2013-01-01	0.4882
2012-12-31	0.4882
2012-12-28	0.4884
2012-12-27	0.4894
2012-12-26	0.488
2012-12-25	0.4812
2012-12-24	0.4812
2012-12-21	0.4812
2012-12-20	0.4832
2012-12-19	0.4827
2012-12-18	0.4787
2012-12-17	0.4763
2012-12-14	0.4795
2012-12-13	0.4796
2012-12-12	0.4826
2012-12-11	0.4811
2012-12-10	0.4815
2012-12-07	0.4819
2012-12-06	0.4814
2012-12-05	0.479
2012-12-04	0.4718
2012-12-03	0.4708
2012-11-30	0.4681
2012-11-29	0.4765
2012-11-28	0.4778
2012-11-27	0.4798
2012-11-26	0.4801
2012-11-23	0.4804
2012-11-22	0.4751
2012-11-21	0.4765
2012-11-20	0.4807
2012-11-19	0.4811
2012-11-16	0.4798
2012-11-15	0.4839
2012-11-14	0.4838
2012-11-13	0.4859
2012-11-12	0.4876
2012-11-09	0.4887
2012-11-08	0.4901
2012-11-07	0.4917
2012-11-06	0.4921
2012-11-05	0.4913
2012-11-02	0.4922
2012-11-01	0.4924
2012-10-31	0.4924
2012-10-30	0.4925
2012-10-29	0.4918
2012-10-26	0.4933
2012-10-25	0.4938
2012-10-24	0.4938
2012-10-23	0.4933
2012-10-22	0.494
2012-10-19	0.4933
2012-10-18	0.4935
2012-10-17	0.4923
2012-10-16	0.4913
2012-10-15	0.4911
2012-10-12	0.4892
2012-10-11	0.4897
2012-10-10	0.4896
2012-10-09	0.4917
2012-10-08	0.4922
2012-10-05	0.4924
2012-10-04	0.4953
2012-10-03	0.4945
2012-10-02	0.4931
2012-10-01	0.4935
2012-09-28	0.4929
2012-09-27	0.4926
2012-09-26	0.4911
2012-09-25	0.4923
2012-09-24	0.4935
2012-09-21	0.4942
2012-09-20	0.4947
2012-09-19	0.4939
2012-09-18	0.4943
2012-09-17	0.4918
2012-09-14	0.4971
2012-09-13	0.4948
2012-09-12	0.4933
2012-09-11	0.4959
2012-09-10	0.4945
2012-09-07	0.4931
2012-09-06	0.4931
2012-09-05	0.4904
2012-09-04	0.4895
2012-09-03	0.4918
2012-08-31	0.4925
2012-08-30	0.4881
2012-08-29	0.4878
2012-08-28	0.4892
2012-08-27	0.4916
2012-08-24	0.4938
2012-08-23	0.4941
2012-08-22	0.496
2012-08-21	0.4961
2012-08-20	0.4959
2012-08-17	0.4961
2012-08-16	0.4953
2012-08-15	0.4942
2012-08-14	0.4934
2012-08-13	0.4948
2012-08-10	0.4962
2012-08-09	0.4958
2012-08-08	0.4948
2012-08-07	0.493
2012-08-06	0.4924
2012-08-03	0.4928
2012-08-02	0.4882
2012-08-01	0.4891
2012-07-31	0.4863
2012-07-30	0.4899
2012-07-27	0.4946
2012-07-26	0.4947
2012-07-25	0.4915
2012-07-24	0.4887
2012-07-23	0.4905
2012-07-20	0.4942
2012-07-19	0.4971
2012-07-18	0.4946
2012-07-17	0.4948
2012-07-16	0.4915
2012-07-13	0.4909
2012-07-12	0.4908
2012-07-11	0.4915
2012-07-10	0.4918
2012-07-09	0.492
2012-07-06	0.4931
2012-07-05	0.4952
2012-07-04	0.4931
2012-07-03	0.4961
2012-07-02	0.5038
2012-06-29	0.4976
2012-06-28	0.4816
2012-06-27	0.4816
2012-06-26	0.4825
2012-06-25	0.4851
2012-06-22	0.4837
2012-06-21	0.4847
2012-06-20	0.4937
2012-06-19	0.4931
2012-06-18	0.4845
2012-06-15	0.4882
2012-06-14	0.4862
2012-06-13	0.4827
2012-06-12	0.4835
2012-06-11	0.4842
2012-06-08	0.4947
2012-06-07	0.4919
2012-06-06	0.4919
2012-06-05	0.4939
2012-06-04	0.4864
2012-06-01	0.4902
2012-05-31	0.4944
2012-05-30	0.496
2012-05-29	0.5027
2012-05-28	0.5042
2012-05-25	0.5039
2012-05-24	0.493
2012-05-23	0.4924
2012-05-22	0.4783
2012-05-21	0.4898
2012-05-18	0.4941
2012-05-17	0.4977
2012-05-16	0.4999
2012-05-15	0.4996
2012-05-14	0.5012
2012-05-11	0.5087
2012-05-10	0.5121
2012-05-09	0.5072
2012-05-08	0.5155
2012-05-07	0.521
2012-05-04	0.5188
2012-05-03	0.524
2012-05-02	0.5197
2012-05-01	0.525
2012-04-30	0.5239
2012-04-27	0.5302
2012-04-26	0.5304
2012-04-25	0.5322
2012-04-24	0.5313
2012-04-23	0.5318
2012-04-20	0.5341
2012-04-19	0.5317
2012-04-18	0.5322
2012-04-17	0.5373
2012-04-16	0.5412
2012-04-13	0.5443
2012-04-12	0.5473
2012-04-11	0.5447
2012-04-10	0.5454
2012-04-09	0.5503
2012-04-06	0.549
2012-04-05	0.549
2012-04-04	0.5475
2012-04-03	0.5478
2012-04-02	0.5456
2012-03-30	0.5475
2012-03-29	0.5487
2012-03-28	0.5486
2012-03-27	0.5489
2012-03-26	0.5502
2012-03-23	0.5523
2012-03-22	0.5495
2012-03-21	0.5487
2012-03-20	0.5511
2012-03-19	0.549
2012-03-16	0.5554
2012-03-15	0.5558
2012-03-14	0.5539
2012-03-13	0.5578
2012-03-12	0.5557
2012-03-09	0.5582
2012-03-08	0.5678
2012-03-07	0.5661
2012-03-06	0.5687
2012-03-05	0.5749
2012-03-02	0.5777
2012-03-01	0.5835
2012-02-29	0.5823
2012-02-28	0.59
2012-02-27	0.5856
2012-02-24	0.585
2012-02-23	0.5835
2012-02-22	0.586
2012-02-21	0.5822
2012-02-20	0.5821
2012-02-17	0.5831
2012-02-16	0.5826
2012-02-15	0.5784
2012-02-14	0.581
2012-02-13	0.5826
2012-02-10	0.5811
2012-02-09	0.5826
2012-02-08	0.5809
2012-02-07	0.5793
2012-02-06	0.5792
2012-02-03	0.5827
2012-02-02	0.5815
2012-02-01	0.5769
2012-01-31	0.5723
2012-01-30	0.572
2012-01-27	0.5756
2012-01-26	0.5713
2012-01-25	0.568
2012-01-24	0.5687
2012-01-23	0.5697
2012-01-20	0.5699
2012-01-19	0.5664
2012-01-18	0.5666
2012-01-17	0.5593
2012-01-16	0.5599
2012-01-13	0.5603
2012-01-12	0.5624
2012-01-11	0.5546
2012-01-10	0.5557
2012-01-09	0.5456
2012-01-06	0.5382
2012-01-05	0.5424
2012-01-04	0.5458
2012-01-03	0.5463
2012-01-02	0.5345
2011-12-30	0.5367
2011-12-29	0.536
2011-12-28	0.5336
2011-12-27	0.5373
2011-12-26	0.5389
2011-12-23	0.5386
2011-12-22	0.5387
2011-12-21	0.5374
2011-12-20	0.542
2011-12-19	0.5351
2011-12-16	0.54
2011-12-15	0.5376
2011-12-14	0.532
2011-12-13	0.5363
2011-12-12	0.5423
2011-12-09	0.5562
2011-12-08	0.5489
2011-12-07	0.5558
2011-12-06	0.5582
2011-12-05	0.56
2011-12-02	0.5583
2011-12-01	0.5556
2011-11-30	0.553
2011-11-29	0.542
2011-11-28	0.5393
2011-11-25	0.5285
2011-11-24	0.5269
2011-11-23	0.5356
2011-11-22	0.5499
2011-11-21	0.5531
2011-11-18	0.5599
2011-11-17	0.5623
2011-11-16	0.5651
2011-11-15	0.5643
2011-11-14	0.5659
2011-11-11	0.5739
2011-11-10	0.5677
2011-11-09	0.562
2011-11-08	0.5773
2011-11-07	0.5726
2011-11-04	0.5706
2011-11-03	0.5758
2011-11-02	0.576
2011-11-01	0.5731
2011-10-31	0.5823
2011-10-28	0.5979
2011-10-27	0.585
2011-10-26	0.568
2011-10-25	0.5662
2011-10-24	0.5712
2011-10-21	0.5634
2011-10-20	0.5614
2011-10-19	0.564
2011-10-18	0.5706
2011-10-17	0.5638
2011-10-14	0.5774
2011-10-13	0.5712
2011-10-12	0.5634
2011-10-11	0.5634
2011-10-10	0.5674
2011-10-07	0.5644
2011-10-06	0.5616
2011-10-05	0.5459
2011-10-04	0.5384
2011-10-03	0.5283
2011-09-30	0.5322
2011-09-29	0.5427
2011-09-28	0.5443
2011-09-27	0.5543
2011-09-26	0.5487
2011-09-23	0.5455
2011-09-22	0.5254
2011-09-21	0.5308
2011-09-20	0.56
2011-09-19	0.5556
2011-09-16	0.5771
2011-09-15	0.5865
2011-09-14	0.5834
2011-09-13	0.5848
2011-09-12	0.587
2011-09-09	0.5978
2011-09-08	0.6026
2011-09-07	0.6046
2011-09-06	0.6041
2011-09-05	0.6078
2011-09-02	0.6092
2011-09-01	0.6173
2011-08-31	0.6292
2011-08-30	0.6264
2011-08-29	0.6285
2011-08-26	0.6238
2011-08-25	0.6213
2011-08-24	0.6197
2011-08-23	0.6262
2011-08-22	0.6222
2011-08-19	0.6251
2011-08-18	0.6254
2011-08-17	0.6294
2011-08-16	0.6289
2011-08-15	0.6289
2011-08-12	0.6207
2011-08-11	0.6145
2011-08-10	0.6159
2011-08-09	0.6292
2011-08-08	0.6148
2011-08-05	0.6346
2011-08-04	0.63
2011-08-03	0.6402
2011-08-02	0.6386
2011-08-01	0.6383
2011-07-29	0.6456
2011-07-28	0.6382
2011-07-27	0.643
2011-07-26	0.6501
2011-07-25	0.6493
2011-07-22	0.6442
2011-07-21	0.644
2011-07-20	0.6388
2011-07-19	0.6384
2011-07-18	0.6341
2011-07-15	0.6351
2011-07-14	0.6341
2011-07-13	0.6362
2011-07-12	0.6329
2011-07-11	0.6328
2011-07-08	0.6388
2011-07-07	0.6429
2011-07-06	0.6375
2011-07-05	0.6389
2011-07-04	0.644
2011-07-01	0.6421
2011-06-30	0.6401
2011-06-29	0.6379
2011-06-28	0.6344
2011-06-27	0.6274
2011-06-24	0.6233
2011-06-23	0.6284
2011-06-22	0.6284
2011-06-21	0.6303
2011-06-20	0.6265
2011-06-17	0.6258
2011-06-16	0.6241
2011-06-15	0.6249
2011-06-14	0.6318
2011-06-13	0.6316
2011-06-10	0.6264
2011-06-09	0.6318
2011-06-08	0.6324
2011-06-07	0.6326
2011-06-06	0.6313
2011-06-03	0.6345
2011-06-02	0.6348
2011-06-01	0.6276
2011-05-31	0.6329
2011-05-30	0.6295
2011-05-27	0.6272
2011-05-26	0.6189
2011-05-25	0.6139
2011-05-24	0.6158
2011-05-23	0.6122
2011-05-20	0.6163
2011-05-19	0.6186
2011-05-18	0.6214
2011-05-17	0.6189
2011-05-16	0.6118
2011-05-13	0.6112
2011-05-12	0.6174
2011-05-11	0.6169
2011-05-10	0.6236
2011-05-09	0.6198
2011-05-06	0.6191
2011-05-05	0.6167
2011-05-04	0.6189
2011-05-03	0.6296
2011-05-02	0.6287
2011-04-29	0.6339
2011-04-28	0.6322
2011-04-27	0.6382
2011-04-26	0.6402
2011-04-25	0.6376
2011-04-22	0.6394
2011-04-21	0.6394
2011-04-20	0.6384
2011-04-19	0.6347
2011-04-18	0.6297
2011-04-15	0.6346
2011-04-14	0.6338
2011-04-13	0.6304
2011-04-12	0.6266
2011-04-11	0.6318
2011-04-08	0.6374
2011-04-07	0.6305
2011-04-06	0.6192
2011-04-05	0.621
2011-04-04	0.6222
2011-04-01	0.6222
2011-03-31	0.6127
2011-03-30	0.6141
2011-03-29	0.6075
2011-03-28	0.6014
2011-03-25	0.6019
2011-03-24	0.6027
2011-03-23	0.602
2011-03-22	0.6026
2011-03-21	0.5999
2011-03-18	0.6004
2011-03-17	0.5959
2011-03-16	0.5968
2011-03-15	0.6004
2011-03-14	0.6027
2011-03-11	0.6006
2011-03-10	0.6016
2011-03-09	0.6047
2011-03-08	0.6046
2011-03-07	0.6051
2011-03-04	0.604
2011-03-03	0.6065
2011-03-02	0.6033
2011-03-01	0.6012
2011-02-28	0.601
2011-02-25	0.6013
2011-02-24	0.6005
2011-02-23	0.5972
2011-02-22	0.598
2011-02-21	0.5994
2011-02-18	0.6014
2011-02-17	0.6019
2011-02-16	0.5986
2011-02-15	0.5991
2011-02-14	0.5999
2011-02-11	0.6004
2011-02-10	0.5993
2011-02-09	0.6026
2011-02-08	0.6006
2011-02-07	0.5956
2011-02-04	0.5976
2011-02-03	0.5994
2011-02-02	0.5995
2011-02-01	0.6007
2011-01-31	0.5997
2011-01-28	0.5944
2011-01-27	0.5966
2011-01-26	0.5996
2011-01-25	0.5982
2011-01-24	0.5984
2011-01-21	0.5965
2011-01-20	0.5974
2011-01-19	0.5986
2011-01-18	0.5973
2011-01-17	0.5952
2011-01-14	0.5933
2011-01-13	0.5979
2011-01-12	0.5977
2011-01-11	0.594
2011-01-10	0.5921
2011-01-07	0.5941
2011-01-06	0.5933
2011-01-05	0.5975
2011-01-04	0.602
2011-01-03	0.6072
2010-12-31	0.6026
2010-12-30	0.6024
2010-12-29	0.5963
2010-12-28	0.5913
2010-12-27	0.5933
2010-12-24	0.5914
2010-12-23	0.5916
2010-12-22	0.5883
2010-12-21	0.5899
2010-12-20	0.5861
2010-12-17	0.5835
2010-12-16	0.5872
2010-12-15	0.5849
2010-12-14	0.5892
2010-12-13	0.5905
2010-12-10	0.586
2010-12-09	0.585
2010-12-08	0.5918
2010-12-07	0.5945
2010-12-06	0.5971
2010-12-03	0.5926
2010-12-02	0.5896
2010-12-01	0.5864
2010-11-30	0.5831
2010-11-29	0.582
2010-11-26	0.5791
2010-11-25	0.581
2010-11-24	0.5811
2010-11-23	0.5761
2010-11-22	0.581
2010-11-19	0.5829
2010-11-18	0.5843
2010-11-17	0.5792
2010-11-16	0.5746
2010-11-15	0.5808
2010-11-12	0.5808
2010-11-11	0.5828
2010-11-10	0.5856
2010-11-09	0.588
2010-11-08	0.5881
2010-11-05	0.5958
2010-11-04	0.5988
2010-11-03	0.5918
2010-11-02	0.5869
2010-11-01	0.5869
2010-10-29	0.5878
2010-10-28	0.5867
2010-10-27	0.5813
2010-10-26	0.587
2010-10-25	0.5897
2010-10-22	0.5862
2010-10-21	0.5893
2010-10-20	0.5966
2010-10-19	0.5944
2010-10-18	0.5979
2010-10-15	0.6004
2010-10-14	0.6025
2010-10-13	0.6053
2010-10-12	0.5986
2010-10-11	0.5986
2010-10-08	0.6004
2010-10-07	0.5948
2010-10-06	0.5959
2010-10-05	0.6011
2010-10-04	0.589
2010-10-01	0.5918
2010-09-30	0.5926
2010-09-29	0.5879
2010-09-28	0.5855
2010-09-27	0.5848
2010-09-24	0.5852
2010-09-23	0.5805
2010-09-22	0.5821
2010-09-21	0.5843
2010-09-20	0.5771
2010-09-17	0.5808
2010-09-16	0.5843
2010-09-15	0.5804
2010-09-14	0.5848
2010-09-13	0.5849
2010-09-10	0.5808
2010-09-09	0.5814
2010-09-08	0.5795
2010-09-07	0.5767
2010-09-06	0.5791
2010-09-03	0.5772
2010-09-02	0.5795
2010-09-01	0.5731
2010-08-31	0.5698
2010-08-30	0.5685
2010-08-27	0.5717
2010-08-26	0.5677
2010-08-25	0.567
2010-08-24	0.5646
2010-08-23	0.565
2010-08-20	0.5694
2010-08-19	0.5692
2010-08-18	0.5709
2010-08-17	0.5698
2010-08-16	0.5692
2010-08-13	0.5642
2010-08-12	0.5654
2010-08-11	0.5637
2010-08-10	0.5706
2010-08-09	0.5721
2010-08-06	0.5682
2010-08-05	0.5706
2010-08-04	0.5709
2010-08-03	0.5696
2010-08-02	0.5711
2010-07-30	0.5701
2010-07-29	0.5682
2010-07-28	0.5663
2010-07-27	0.5654
2010-07-26	0.5675
2010-07-23	0.5639
2010-07-22	0.5689
2010-07-21	0.5616
2010-07-20	0.5638
2010-07-19	0.5579
2010-07-16	0.5609
2010-07-15	0.5672
2010-07-14	0.5672
2010-07-13	0.5701
2010-07-12	0.5679
2010-07-09	0.5687
2010-07-08	0.5669
2010-07-07	0.5663
2010-07-06	0.5621
2010-07-05	0.5634
2010-07-02	0.5646
2010-07-01	0.5586
2010-06-30	0.5543
2010-06-29	0.5519
2010-06-28	0.5613
2010-06-25	0.5623
2010-06-24	0.5611
2010-06-23	0.5595
2010-06-22	0.5592
2010-06-21	0.5646
2010-06-18	0.5646
2010-06-17	0.5615
2010-06-16	0.5601
2010-06-15	0.5603
2010-06-14	0.5521
2010-06-11	0.5527
2010-06-10	0.5548
2010-06-09	0.5405
2010-06-08	0.5394
2010-06-07	0.5321
2010-06-04	0.5363
2010-06-03	0.5496
2010-06-02	0.5501
2010-06-01	0.5411
2010-05-31	0.5494
2010-05-28	0.5503
2010-05-27	0.5512
2010-05-26	0.5341
2010-05-25	0.5423
2010-05-24	0.5349
2010-05-21	0.5397
2010-05-20	0.5314
2010-05-19	0.5473
2010-05-18	0.5493
2010-05-17	0.5555
2010-05-14	0.5558
2010-05-13	0.5638
2010-05-12	0.5642
2010-05-11	0.5589
2010-05-10	0.5645
2010-05-07	0.5444
2010-05-06	0.5392
2010-05-05	0.5576
2010-05-04	0.5671
2010-05-03	0.579
2010-04-30	0.5755
2010-04-29	0.5784
2010-04-28	0.5711
2010-04-27	0.5646
2010-04-26	0.5727
2010-04-23	0.5693
2010-04-22	0.5668
2010-04-21	0.5707
2010-04-20	0.5707
2010-04-19	0.5698
2010-04-16	0.569
2010-04-15	0.5719
2010-04-14	0.5731
2010-04-13	0.5716
2010-04-12	0.5702
2010-04-09	0.5665
2010-04-08	0.5619
2010-04-07	0.5615
2010-04-06	0.57
2010-04-05	0.5678
2010-04-02	0.5666
2010-04-01	0.5666
2010-03-31	0.5606
2010-03-30	0.559
2010-03-29	0.5571
2010-03-26	0.55
2010-03-25	0.5495
2010-03-24	0.5555
2010-03-23	0.5628
2010-03-22	0.5596
2010-03-19	0.5553
2010-03-18	0.5583
2010-03-17	0.5658
2010-03-16	0.5658
2010-03-15	0.5671
2010-03-12	0.5672
2010-03-11	0.5669
2010-03-10	0.5655
2010-03-09	0.5633
2010-03-08	0.5595
2010-03-05	0.5623
2010-03-04	0.5591
2010-03-03	0.5587
2010-03-02	0.558
2010-03-01	0.5569
2010-02-26	0.5534
2010-02-25	0.5484
2010-02-24	0.5479
2010-02-23	0.5478
2010-02-22	0.552
2010-02-19	0.5542
2010-02-18	0.5472
2010-02-17	0.5457
2010-02-16	0.5441
2010-02-15	0.5392
2010-02-12	0.5403
2010-02-11	0.5395
2010-02-10	0.5386
2010-02-09	0.5413
2010-02-08	0.533
2010-02-05	0.5313
2010-02-04	0.5336
2010-02-03	0.5404
2010-02-02	0.5465
2010-02-01	0.5384
2010-01-29	0.5305
2010-01-28	0.5348
2010-01-27	0.5397
2010-01-26	0.5447
2010-01-25	0.5485
2010-01-22	0.5506
2010-01-21	0.5545
2010-01-20	0.5588
2010-01-19	0.5647
2010-01-18	0.5682
2010-01-15	0.5644
2010-01-14	0.5687
2010-01-13	0.5692
2010-01-12	0.5721
2010-01-11	0.576
2010-01-08	0.5793
2010-01-07	0.5726
2010-01-06	0.5772
2010-01-05	0.5777
2010-01-04	0.581
2010-01-01	0.5737
2009-12-31	0.5737
2009-12-30	0.5746
2009-12-29	0.574
2009-12-28	0.5745
2009-12-25	0.5674
2009-12-24	0.5674
2009-12-23	0.5676
2009-12-22	0.5617
2009-12-21	0.5606
2009-12-18	0.5618
2009-12-17	0.5604
2009-12-16	0.5694
2009-12-15	0.5703
2009-12-14	0.5731
2009-12-11	0.5684
2009-12-10	0.5692
2009-12-09	0.5674
2009-12-08	0.5675
2009-12-07	0.5765
2009-12-04	0.5774
2009-12-03	0.5852
2009-12-02	0.5819
2009-12-01	0.5805
2009-11-30	0.5696
2009-11-27	0.5745
2009-11-26	0.5722
2009-11-25	0.5786
2009-11-24	0.5764
2009-11-23	0.5789
2009-11-20	0.5774
2009-11-19	0.5791
2009-11-18	0.5794
2009-11-17	0.5845
2009-11-16	0.5842
2009-11-13	0.581
2009-11-12	0.5765
2009-11-11	0.5822
2009-11-10	0.5843
2009-11-09	0.5882
2009-11-06	0.582
2009-11-05	0.5827
2009-11-04	0.5811
2009-11-03	0.5729
2009-11-02	0.5664
2009-10-30	0.5671
2009-10-29	0.577
2009-10-28	0.5626
2009-10-27	0.5754
2009-10-26	0.577
2009-10-23	0.5822
2009-10-22	0.5821
2009-10-21	0.5772
2009-10-20	0.5703
2009-10-19	0.5826
2009-10-16	0.5857
2009-10-15	0.5876
2009-10-14	0.5879
2009-10-13	0.5808
2009-10-12	0.5737
2009-10-09	0.5737
2009-10-08	0.5753
2009-10-07	0.572
2009-10-06	0.5697
2009-10-05	0.5682
2009-10-02	0.5612
2009-10-01	0.5596
2009-09-30	0.5659
2009-09-29	0.5592
2009-09-28	0.5598
2009-09-25	0.5583
2009-09-24	0.5556
2009-09-23	0.5562
2009-09-22	0.5577
2009-09-21	0.5482
2009-09-18	0.5527
2009-09-17	0.5539
2009-09-16	0.5552
2009-09-15	0.5549
2009-09-14	0.5522
2009-09-11	0.546
2009-09-10	0.552
2009-09-09	0.5456
2009-09-08	0.5468
2009-09-07	0.5424
2009-09-04	0.5424
2009-09-03	0.5375
2009-09-02	0.5305
2009-09-01	0.5226
2009-08-31	0.5318
2009-08-28	0.5316
2009-08-27	0.5358
2009-08-26	0.5373
2009-08-25	0.5371
2009-08-24	0.543
2009-08-21	0.5463
2009-08-20	0.5429
2009-08-19	0.5437
2009-08-18	0.542
2009-08-17	0.5316
2009-08-14	0.5407
2009-08-13	0.5488
2009-08-12	0.5436
2009-08-11	0.5408
2009-08-10	0.5434
2009-08-07	0.5493
2009-08-06	0.5438
2009-08-05	0.5513
2009-08-04	0.5504
2009-08-03	0.5479
2009-07-31	0.5362
2009-07-30	0.5312
2009-07-29	0.5281
2009-07-28	0.5316
2009-07-27	0.5336
2009-07-24	0.5275
2009-07-23	0.5265
2009-07-22	0.5249
2009-07-21	0.5273
2009-07-20	0.5273
2009-07-17	0.5193
2009-07-16	0.518
2009-07-15	0.5169
2009-07-14	0.5101
2009-07-13	0.5052
2009-07-10	0.5013
2009-07-09	0.5024
2009-07-08	0.4992
2009-07-07	0.5021
2009-07-06	0.5119
2009-07-03	0.513
2009-07-02	0.5123
2009-07-01	0.5174
2009-06-30	0.5122
2009-06-29	0.5115
2009-06-26	0.5172
2009-06-25	0.515
2009-06-24	0.5081
2009-06-23	0.5051
2009-06-22	0.4926
2009-06-19	0.5065
2009-06-18	0.5063
2009-06-17	0.5079
2009-06-16	0.5069
2009-06-15	0.5126
2009-06-12	0.5191
2009-06-11	0.5128
2009-06-10	0.5133
2009-06-09	0.5148
2009-06-08	0.5099
2009-06-05	0.5102
2009-06-04	0.5159
2009-06-03	0.5093
2009-06-02	0.52
2009-06-01	0.5124
2009-05-29	0.5072
2009-05-28	0.4994
2009-05-27	0.4897
2009-05-26	0.4987
2009-05-25	0.4935
2009-05-22	0.4935
2009-05-21	0.492
2009-05-20	0.492
2009-05-19	0.4904
2009-05-18	0.483
2009-05-15	0.4733
2009-05-14	0.4794
2009-05-13	0.4728
2009-05-12	0.4831
2009-05-11	0.4837
2009-05-08	0.4849
2009-05-07	0.4746
2009-05-06	0.473
2009-05-05	0.4681
2009-05-04	0.4729
2009-05-01	0.46
2009-04-30	0.4567
2009-04-29	0.4592
2009-04-28	0.4549
2009-04-27	0.4506
2009-04-24	0.4581
2009-04-23	0.4534
2009-04-22	0.4521
2009-04-21	0.449
2009-04-20	0.4447
2009-04-17	0.4561
2009-04-16	0.4595
2009-04-15	0.4579
2009-04-14	0.4528
2009-04-13	0.4607
2009-04-10	0.4606
2009-04-09	0.4607
2009-04-08	0.4538
2009-04-07	0.452
2009-04-06	0.4507
2009-04-03	0.4527
2009-04-02	0.4481
2009-04-01	0.44
2009-03-31	0.4316
2009-03-30	0.429
2009-03-27	0.4367
2009-03-26	0.4471
2009-03-25	0.447
2009-03-24	0.4448
2009-03-23	0.4454
2009-03-20	0.4403
2009-03-19	0.4433
2009-03-18	0.4449
2009-03-17	0.4376
2009-03-16	0.4383
2009-03-13	0.434
2009-03-12	0.4357
2009-03-11	0.4269
2009-03-10	0.4289
2009-03-09	0.4191
2009-03-06	0.4209
2009-03-05	0.4183
2009-03-04	0.4223
2009-03-03	0.4136
2009-03-02	0.4081
2009-02-27	0.4182
2009-02-26	0.4251
2009-02-25	0.4224
2009-02-24	0.4195
2009-02-23	0.4202
2009-02-20	0.4186
2009-02-19	0.4215
2009-02-18	0.4254
2009-02-17	0.427
2009-02-16	0.4395
2009-02-13	0.4434
2009-02-12	0.4356
2009-02-11	0.442
2009-02-10	0.4398
2009-02-09	0.4412
2009-02-06	0.4431
2009-02-05	0.4374
2009-02-04	0.4336
2009-02-03	0.4333
2009-02-02	0.4301
2009-01-30	0.431
2009-01-29	0.4359
2009-01-28	0.4415
2009-01-27	0.4269
2009-01-26	0.4329
2009-01-23	0.4292
2009-01-22	0.4309
2009-01-21	0.4279
2009-01-20	0.4209
2009-01-19	0.4247
2009-01-16	0.427
2009-01-15	0.4246
2009-01-14	0.4227
2009-01-13	0.431
2009-01-12	0.4318
2009-01-09	0.4441
2009-01-08	0.4356
2009-01-07	0.44
2009-01-06	0.4609
2009-01-05	0.4471
2009-01-02	0.4307
2009-01-01	0.429
2008-12-31	0.4321
2008-12-30	0.4291
2008-12-29	0.419
2008-12-26	0.4209
2008-12-25	0.4195
2008-12-24	0.4209
2008-12-23	0.4211
2008-12-22	0.4177
2008-12-19	0.425
2008-12-18	0.4122
2008-12-17	0.423
2008-12-16	0.4334
2008-12-15	0.4196
2008-12-12	0.4167
2008-12-11	0.4225
2008-12-10	0.4097
2008-12-09	0.4032
2008-12-08	0.3981
2008-12-05	0.4113
2008-12-04	0.3994
2008-12-03	0.3995
2008-12-02	0.4151
2008-12-01	0.4263
2008-11-28	0.4341
2008-11-27	0.4355
2008-11-26	0.453
2008-11-25	0.4296
2008-11-24	0.4317
2008-11-21	0.4038
2008-11-20	0.4174
2008-11-19	0.4188
2008-11-18	0.4284
2008-11-17	0.4388
2008-11-14	0.4497
2008-11-13	0.4323
2008-11-12	0.4296
2008-11-11	0.4502
2008-11-10	0.4598
2008-11-07	0.4657
2008-11-06	0.4516
2008-11-05	0.4692
2008-11-04	0.4719
2008-11-03	0.4611
2008-10-31	0.4621
2008-10-30	0.4751
2008-10-29	0.47
2008-10-28	0.4628
2008-10-27	0.4438
2008-10-24	0.4327
2008-10-23	0.4413
2008-10-22	0.4202
2008-10-21	0.4452
2008-10-20	0.4736
2008-10-17	0.4714
2008-10-16	0.4695
2008-10-15	0.4483
2008-10-14	0.4814
2008-10-13	0.4699
2008-10-10	0.4323
2008-10-09	0.441
2008-10-08	0.4318
2008-10-07	0.4327
2008-10-06	0.4552
2008-10-03	0.4885
2008-10-02	0.4945
2008-10-01	0.5199
2008-09-30	0.5245
2008-09-29	0.5099
2008-09-26	0.5422
2008-09-25	0.5476
2008-09-24	0.5393
2008-09-23	0.5422
2008-09-22	0.5536
2008-09-19	0.5465
2008-09-18	0.5288
2008-09-17	0.529
2008-09-16	0.5479
2008-09-15	0.5517
2008-09-12	0.561
2008-09-11	0.5552
2008-09-10	0.5593
2008-09-09	0.5646
2008-09-08	0.5745
2008-09-05	0.5831
2008-09-04	0.5835
2008-09-03	0.5956
2008-09-02	0.6039
2008-09-01	0.6072
2008-08-29	0.6135
2008-08-28	0.6117
2008-08-27	0.616
2008-08-26	0.6139
2008-08-25	0.6132
2008-08-22	0.6147
2008-08-21	0.6211
2008-08-20	0.617
2008-08-19	0.6159
2008-08-18	0.6097
2008-08-15	0.6099
2008-08-14	0.6158
2008-08-13	0.6212
2008-08-12	0.6177
2008-08-11	0.6146
2008-08-08	0.622
2008-08-07	0.626
2008-08-06	0.6339
2008-08-05	0.6355
2008-08-04	0.6412
2008-08-01	0.6411
2008-07-31	0.6382
2008-07-30	0.6406
2008-07-29	0.6373
2008-07-28	0.6351
2008-07-25	0.6357
2008-07-24	0.6338
2008-07-23	0.6318
2008-07-22	0.6332
2008-07-21	0.632
2008-07-18	0.6291
2008-07-17	0.625
2008-07-16	0.6266
2008-07-15	0.6276
2008-07-14	0.626
2008-07-11	0.6246
2008-07-10	0.6228
2008-07-09	0.6211
2008-07-08	0.621
2008-07-07	0.6252
2008-07-04	0.6223
2008-07-03	0.6213
2008-07-02	0.6215
2008-07-01	0.6259
2008-06-30	0.6234
2008-06-27	0.627
2008-06-26	0.6242
2008-06-25	0.6286
2008-06-24	0.6231
2008-06-23	0.62
2008-06-20	0.6227
2008-06-19	0.6223
2008-06-18	0.6222
2008-06-17	0.6208
2008-06-16	0.6162
2008-06-13	0.6115
2008-06-12	0.6119
2008-06-11	0.6098
2008-06-10	0.6083
2008-06-09	0.6152
2008-06-06	0.6122
2008-06-05	0.6149
2008-06-04	0.6138
2008-06-03	0.6123
2008-06-02	0.6154
2008-05-30	0.6148
2008-05-29	0.6106
2008-05-28	0.6055
2008-05-27	0.5999
2008-05-26	0.6033
2008-05-23	0.6024
2008-05-22	0.6034
2008-05-21	0.6034
2008-05-20	0.6059
2008-05-19	0.6059
2008-05-16	0.6095
2008-05-15	0.6052
2008-05-14	0.5995
2008-05-13	0.6008
2008-05-12	0.6014
2008-05-09	0.5935
2008-05-08	0.5894
2008-05-07	0.5938
2008-05-06	0.6035
2008-05-05	0.605
2008-05-02	0.6064
2008-05-01	0.6015
2008-04-30	0.6016
2008-04-29	0.5862
2008-04-28	0.5928
2008-04-25	0.5999
2008-04-24	0.597
2008-04-23	0.605
2008-04-22	0.6033
2008-04-21	0.6009
2008-04-18	0.5995
2008-04-17	0.6043
2008-04-16	0.6009
2008-04-15	0.5957
2008-04-14	0.5919
2008-04-11	0.5915
2008-04-10	0.5924
2008-04-09	0.5911
2008-04-08	0.5894
2008-04-07	0.5858
2008-04-04	0.585
2008-04-03	0.5817
2008-04-02	0.5785
2008-04-01	0.5748
2008-03-31	0.5693
2008-03-28	0.5732
2008-03-27	0.5758
2008-03-26	0.5786
2008-03-25	0.5762
2008-03-24	0.5728
2008-03-21	0.5774
2008-03-20	0.5774
2008-03-19	0.5799
2008-03-18	0.5928
2008-03-17	0.5797
2008-03-14	0.5832
2008-03-13	0.5916
2008-03-12	0.5974
2008-03-11	0.5932
2008-03-10	0.5865
2008-03-07	0.594
2008-03-06	0.5905
2008-03-05	0.6015
2008-03-04	0.5981
2008-03-03	0.5989
2008-02-29	0.5912
2008-02-28	0.598
2008-02-27	0.5983
2008-02-26	0.5939
2008-02-25	0.5872
2008-02-22	0.5859
2008-02-21	0.5855
2008-02-20	0.5826
2008-02-19	0.5767
2008-02-18	0.5746
2008-02-15	0.5703
2008-02-14	0.5718
2008-02-13	0.5732
2008-02-12	0.5714
2008-02-11	0.5693
2008-02-08	0.5646
2008-02-07	0.5687
2008-02-06	0.5681
2008-02-05	0.5731
2008-02-04	0.5726
2008-02-01	0.5727
2008-01-31	0.5685
2008-01-30	0.5618
2008-01-29	0.5616
2008-01-28	0.5609
2008-01-25	0.5598
2008-01-24	0.5598
2008-01-23	0.5501
2008-01-22	0.5586
2008-01-21	0.5455
2008-01-18	0.559
2008-01-17	0.5577
2008-01-16	0.5631
2008-01-15	0.5704
2008-01-14	0.5776
2008-01-11	0.5722
2008-01-10	0.5688
2008-01-09	0.5639
2008-01-08	0.5663
2008-01-07	0.564
2008-01-04	0.5693
2008-01-03	0.5711
2008-01-02	0.5673
2008-01-01	0.5618
2007-12-31	0.5618
2007-12-28	0.5613
2007-12-27	0.567
2007-12-26	0.5656
2007-12-25	0.5579
2007-12-24	0.5584
2007-12-21	0.5591
2007-12-20	0.5537
2007-12-19	0.5554
2007-12-18	0.5533
2007-12-17	0.5507
2007-12-14	0.5566
2007-12-13	0.5612
2007-12-12	0.5631
2007-12-11	0.5614
2007-12-10	0.5676
2007-12-07	0.5686
2007-12-06	0.5653
2007-12-05	0.5566
2007-12-04	0.5522
2007-12-03	0.5568
2007-11-30	0.5561
2007-11-29	0.5592
2007-11-28	0.5601
2007-11-27	0.5446
2007-11-26	0.5377
2007-11-23	0.5547
2007-11-22	0.562
2007-11-21	0.5626
2007-11-20	0.567
2007-11-19	0.5659
2007-11-16	0.5726
2007-11-15	0.5707
2007-11-14	0.5741
2007-11-13	0.5712
2007-11-12	0.5575
2007-11-09	0.5726
2007-11-08	0.5734
2007-11-07	0.5713
2007-11-06	0.5747
2007-11-05	0.5695
2007-11-02	0.5708
2007-11-01	0.5722
2007-10-31	0.5758
2007-10-30	0.5711
2007-10-29	0.5693
2007-10-26	0.5653
2007-10-25	0.5617
2007-10-24	0.557
2007-10-23	0.5565
2007-10-22	0.5504
2007-10-19	0.5547
2007-10-18	0.5602
2007-10-17	0.551
2007-10-16	0.5501
2007-10-15	0.5516
2007-10-12	0.5549
2007-10-11	0.5536
2007-10-10	0.5557
2007-10-09	0.5549
2007-10-08	0.5502
2007-10-05	0.5546
2007-10-04	0.5482
2007-10-03	0.5442
2007-10-02	0.5456
2007-10-01	0.5522
2007-09-28	0.5456
2007-09-27	0.5429
2007-09-26	0.5417
2007-09-25	0.5381
2007-09-24	0.5348
2007-09-21	0.5353
2007-09-20	0.5331
2007-09-19	0.5358
2007-09-18	0.5335
2007-09-17	0.5214
2007-09-14	0.526
2007-09-13	0.5251
2007-09-12	0.5242
2007-09-11	0.5179
2007-09-10	0.5132
2007-09-07	0.5097
2007-09-06	0.5124
2007-09-05	0.5066
2007-09-04	0.5133
2007-09-03	0.51
2007-08-31	0.5081
2007-08-30	0.5065
2007-08-29	0.5093
2007-08-28	0.5002
2007-08-27	0.5137
2007-08-24	0.5149
2007-08-23	0.503
2007-08-22	0.4963
2007-08-21	0.4917
2007-08-20	0.4931
2007-08-17	0.494
2007-08-16	0.4775
2007-08-15	0.4937
2007-08-14	0.504
2007-08-13	0.5149
2007-08-10	0.5132
2007-08-09	0.5192
2007-08-08	0.5305
2007-08-07	0.5252
2007-08-06	0.5247
2007-08-03	0.5263
2007-08-02	0.5333
2007-08-01	0.5285
2007-07-31	0.5313
2007-07-30	0.5331
2007-07-27	0.528
2007-07-26	0.5187
2007-07-25	0.5369
2007-07-24	0.5371
2007-07-23	0.5435
2007-07-20	0.5388
2007-07-19	0.5378
2007-07-18	0.5376
2007-07-17	0.5379
2007-07-16	0.5348
2007-07-13	0.537
2007-07-12	0.5339
2007-07-11	0.5288
2007-07-10	0.5285
2007-07-09	0.5272
2007-07-06	0.5255
2007-07-05	0.5225
2007-07-04	0.5235
2007-07-03	0.5236
2007-07-02	0.5222
2007-06-29	0.5184
2007-06-28	0.5206
2007-06-27	0.5145
2007-06-26	0.5119
2007-06-25	0.5127
2007-06-22	0.5147
2007-06-21	0.5205
2007-06-20	0.5187
2007-06-19	0.5241
2007-06-18	0.525
2007-06-15	0.523
2007-06-14	0.5192
2007-06-13	0.5145
2007-06-12	0.5139
2007-06-11	0.5152
2007-06-08	0.5101
2007-06-07	0.508
2007-06-06	0.5126
2007-06-05	0.5142
2007-06-04	0.5191
2007-06-01	0.5256
2007-05-31	0.5207
2007-05-30	0.5152
2007-05-29	0.5131
2007-05-28	0.5147
2007-05-25	0.5125
2007-05-24	0.5086
2007-05-23	0.5125
2007-05-22	0.5146
2007-05-21	0.516
2007-05-18	0.5106
2007-05-17	0.5126
2007-05-16	0.5122
2007-05-15	0.5047
2007-05-14	0.498
2007-05-11	0.4956
2007-05-10	0.4943
2007-05-09	0.4956
2007-05-08	0.4945
2007-05-07	0.4948
2007-05-04	0.4912
2007-05-03	0.4933
2007-05-02	0.4943
2007-05-01	0.4916
2007-04-30	0.4914
2007-04-27	0.4922
2007-04-26	0.4915
2007-04-25	0.4954
2007-04-24	0.4919
2007-04-23	0.4914
2007-04-20	0.4936
2007-04-19	0.4929
2007-04-18	0.4919
2007-04-17	0.4912
2007-04-16	0.4918
2007-04-13	0.4949
2007-04-12	0.4925
2007-04-11	0.4908
2007-04-10	0.4933
2007-04-09	0.4941
2007-04-06	0.4922
2007-04-05	0.4922
2007-04-04	0.4913
2007-04-03	0.491
2007-04-02	0.4885
2007-03-30	0.4857
2007-03-29	0.4904
2007-03-28	0.4836
2007-03-27	0.4834
2007-03-26	0.4854
2007-03-23	0.4847
2007-03-22	0.4852
2007-03-21	0.4867
2007-03-20	0.4813
2007-03-19	0.4813
2007-03-16	0.4778
2007-03-15	0.4777
2007-03-14	0.4785
2007-03-13	0.4734
2007-03-12	0.479
2007-03-09	0.4767
2007-03-08	0.4744
2007-03-07	0.4717
2007-03-06	0.4723
2007-03-05	0.4666
2007-03-02	0.4693
2007-03-01	0.4714
2007-02-28	0.4716
2007-02-27	0.4683
2007-02-26	0.4799
2007-02-23	0.4786
2007-02-22	0.4803
2007-02-21	0.4812
2007-02-20	0.4779
2007-02-19	0.478
2007-02-16	0.478
2007-02-15	0.4777
2007-02-14	0.4789
2007-02-13	0.4735
2007-02-12	0.4723
2007-02-09	0.4735
2007-02-08	0.4776
2007-02-07	0.4782
2007-02-06	0.4803
2007-02-05	0.4802
2007-02-02	0.4752
2007-02-01	0.4781
2007-01-31	0.4708
2007-01-30	0.4693
2007-01-29	0.4684
2007-01-26	0.4681
2007-01-25	0.4682
2007-01-24	0.4699
2007-01-23	0.4691
2007-01-22	0.4677
2007-01-19	0.4695
2007-01-18	0.4679
2007-01-17	0.4687
2007-01-16	0.4677
2007-01-15	0.467
2007-01-12	0.4673
2007-01-11	0.4656
2007-01-10	0.4652
2007-01-09	0.4651
2007-01-08	0.4659
2007-01-05	0.4648
2007-01-04	0.4664
2007-01-03	0.4662
2007-01-02	0.4688
2007-01-01	0.4681
2006-12-29	0.4681
2006-12-28	0.4684
2006-12-27	0.4661
2006-12-26	0.4668
2006-12-25	0.4657
2006-12-22	0.4657
2006-12-21	0.4628
2006-12-20	0.4633
2006-12-19	0.4635
2006-12-18	0.4651
2006-12-15	0.466
2006-12-14	0.4659
2006-12-13	0.4657
2006-12-12	0.4649
2006-12-11	0.4678
2006-12-08	0.4674
2006-12-07	0.4661
2006-12-06	0.4659
2006-12-05	0.4656
2006-12-04	0.462
2006-12-01	0.4615
2006-11-30	0.4619
2006-11-29	0.462
2006-11-28	0.4585
2006-11-27	0.4545
2006-11-24	0.461
2006-11-23	0.4613
2006-11-22	0.4616
2006-11-21	0.4624
2006-11-20	0.4633
2006-11-17	0.4633
2006-11-16	0.4638
2006-11-15	0.4651
2006-11-14	0.4651
2006-11-13	0.4623
2006-11-10	0.4647
2006-11-09	0.4662
2006-11-08	0.466
2006-11-07	0.4678
2006-11-06	0.468
2006-11-03	0.4672
2006-11-02	0.4664
2006-11-01	0.4666
2006-10-31	0.4667
2006-10-30	0.4648
2006-10-27	0.4683
2006-10-26	0.4675
2006-10-25	0.4664
2006-10-24	0.4646
2006-10-23	0.4676
2006-10-20	0.4676
2006-10-19	0.4658
2006-10-18	0.4682
2006-10-17	0.469
2006-10-16	0.4692
2006-10-13	0.4678
2006-10-12	0.4647
2006-10-11	0.4631
2006-10-10	0.4637
2006-10-09	0.464
2006-10-06	0.4625
2006-10-05	0.4631
2006-10-04	0.4621
2006-10-03	0.4596
2006-10-02	0.4635
2006-09-29	0.4599
2006-09-28	0.4605
2006-09-27	0.4574
2006-09-26	0.4575
2006-09-25	0.4505
2006-09-22	0.453
2006-09-21	0.4539
2006-09-20	0.4597
2006-09-19	0.4629
2006-09-18	0.4655
2006-09-15	0.4647
2006-09-14	0.463
2006-09-13	0.463
2006-09-12	0.4613
2006-09-11	0.4575
2006-09-08	0.4633
2006-09-07	0.4648
2006-09-06	0.4649
2006-09-05	0.4676
2006-09-04	0.471
2006-09-01	0.4675
2006-08-31	0.4666
2006-08-30	0.4678
2006-08-29	0.4679
2006-08-28	0.4671
2006-08-25	0.4638
2006-08-24	0.464
2006-08-23	0.4648
2006-08-22	0.4683
2006-08-21	0.4699
2006-08-18	0.4658
2006-08-17	0.4671
2006-08-16	0.467
2006-08-15	0.4664
2006-08-14	0.4623
2006-08-11	0.4618
2006-08-10	0.4638
2006-08-09	0.4619
2006-08-08	0.4604
2006-08-07	0.4578
2006-08-04	0.4584
2006-08-03	0.4596
2006-08-02	0.4583
2006-08-01	0.4563
2006-07-31	0.4592
2006-07-28	0.4597
2006-07-27	0.456
2006-07-26	0.456
2006-07-25	0.4541
2006-07-24	0.4566
2006-07-21	0.4549
2006-07-20	0.4562
2006-07-19	0.4595
2006-07-18	0.4561
2006-07-17	0.4545
2006-07-14	0.4514
2006-07-13	0.4517
2006-07-12	0.454
2006-07-11	0.458
2006-07-10	0.459
2006-07-07	0.4583
2006-07-06	0.4591
2006-07-05	0.4529
2006-07-04	0.4606
2006-07-03	0.4606
2006-06-30	0.4617
2006-06-29	0.4592
2006-06-28	0.4504
2006-06-27	0.4472
2006-06-26	0.4464
2006-06-23	0.4481
2006-06-22	0.4465
2006-06-21	0.4497
2006-06-20	0.4475
2006-06-19	0.4446
2006-06-16	0.4446
2006-06-15	0.4418
2006-06-14	0.438
2006-06-13	0.4332
2006-06-12	0.435
2006-06-09	0.4426
2006-06-08	0.4426
2006-06-07	0.4438
2006-06-06	0.4462
2006-06-05	0.4417
2006-06-02	0.4393
2006-06-01	0.4454
2006-05-31	0.4338
2006-05-30	0.4323
2006-05-29	0.4397
2006-05-26	0.4461
2006-05-25	0.4396
2006-05-24	0.4299
2006-05-23	0.4249
2006-05-22	0.4381
2006-05-19	0.4528
2006-05-18	0.4589
2006-05-17	0.453
2006-05-16	0.4682
2006-05-15	0.4619
2006-05-12	0.4663
2006-05-11	0.4769
2006-05-10	0.4822
2006-05-09	0.4853
2006-05-08	0.4831
2006-05-05	0.4865
2006-05-04	0.4827
2006-05-03	0.4817
2006-05-02	0.485
2006-05-01	0.4808
2006-04-28	0.4792
2006-04-27	0.4757
2006-04-26	0.4721
2006-04-25	0.4694
2006-04-24	0.4731
2006-04-21	0.4714
2006-04-20	0.4715
2006-04-19	0.4725
2006-04-18	0.4727
2006-04-17	0.4677
2006-04-14	0.4672
2006-04-13	0.4676
2006-04-12	0.4682
2006-04-11	0.4672
2006-04-10	0.4638
2006-04-07	0.4653
2006-04-06	0.4698
2006-04-05	0.4688
2006-04-04	0.4688
2006-04-03	0.4672
2006-03-31	0.4621
2006-03-30	0.4569
2006-03-29	0.4515
2006-03-28	0.4457
2006-03-27	0.4586
2006-03-24	0.4632
2006-03-23	0.4626
2006-03-22	0.4642
2006-03-21	0.4607
2006-03-20	0.4653
2006-03-17	0.4708
2006-03-16	0.473
2006-03-15	0.4727
2006-03-14	0.4715
2006-03-13	0.4686
2006-03-10	0.4679
2006-03-09	0.4625
2006-03-08	0.4587
2006-03-07	0.4635
2006-03-06	0.4658
2006-03-03	0.4735
2006-03-02	0.4753
2006-03-01	0.4728
2006-02-28	0.4709
2006-02-27	0.4672
2006-02-24	0.4674
2006-02-23	0.4687
2006-02-22	0.4671
2006-02-21	0.4617
2006-02-20	0.4723
2006-02-17	0.4707
2006-02-16	0.4726
2006-02-15	0.4687
2006-02-14	0.4677
2006-02-13	0.4631
2006-02-10	0.4626
2006-02-09	0.4608
2006-02-08	0.4575
2006-02-07	0.4565
2006-02-06	0.4597
2006-02-03	0.4525
2006-02-02	0.449
2006-02-01	0.4494
2006-01-31	0.4521
2006-01-30	0.452
2006-01-27	0.4525
2006-01-26	0.4486
2006-01-25	0.4455
2006-01-24	0.4462
2006-01-23	0.4431
2006-01-20	0.4388
2006-01-19	0.4381
2006-01-18	0.4317
2006-01-17	0.4341
2006-01-16	0.4402
2006-01-13	0.44
2006-01-12	0.4394
2006-01-11	0.4386
2006-01-10	0.4421
2006-01-09	0.4447
2006-01-06	0.438
2006-01-05	0.4367
2006-01-04	0.4374
2006-01-03	0.4299
2006-01-02	0.428
2005-12-30	0.4277
2005-12-29	0.43
2005-12-28	0.4272
2005-12-27	0.4279
2005-12-26	0.4272
2005-12-23	0.432
2005-12-22	0.4272
2005-12-21	0.4333
2005-12-20	0.426
2005-12-19	0.4202
2005-12-16	0.4279
2005-12-15	0.435
2005-12-14	0.4406
2005-12-13	0.4422
2005-12-12	0.4423
2005-12-09	0.4441
2005-12-08	0.4502
2005-12-07	0.4553
2005-12-06	0.4597
2005-12-05	0.4555
2005-12-02	0.4528
2005-12-01	0.4497
2005-11-30	0.4538
2005-11-29	0.4572
2005-11-28	0.455
2005-11-25	0.4476
2005-11-24	0.4463
2005-11-23	0.4466
2005-11-22	0.4448
2005-11-21	0.4505
2005-11-18	0.4492
2005-11-17	0.4557
2005-11-16	0.4542
2005-11-15	0.4535
2005-11-14	0.4526
2005-11-11	0.4626
2005-11-10	0.4622
2005-11-09	0.4597
2005-11-08	0.4559
2005-11-07	0.4531
2005-11-04	0.4521
2005-11-03	0.45
2005-11-02	0.4467
2005-11-01	0.4458
2005-10-31	0.4441
2005-10-28	0.4415
2005-10-27	0.4368
2005-10-26	0.4373
2005-10-25	0.4418
2005-10-24	0.4423
2005-10-21	0.4419
2005-10-20	0.4445
2005-10-19	0.4467
2005-10-18	0.446
2005-10-17	0.4472
2005-10-14	0.4454
2005-10-13	0.4427
2005-10-12	0.4436
2005-10-11	0.4477
2005-10-10	0.4461
2005-10-07	0.4445
2005-10-06	0.4364
2005-10-05	0.441
2005-10-04	0.4421
2005-10-03	0.4468
2005-09-30	0.4489
2005-09-29	0.4523
2005-09-28	0.4489
2005-09-27	0.4425
2005-09-26	0.4444
2005-09-23	0.4416
2005-09-22	0.4396
2005-09-21	0.4397
2005-09-20	0.4355
2005-09-19	0.4358
2005-09-16	0.435
2005-09-15	0.435
2005-09-14	0.4311
2005-09-13	0.4299
2005-09-12	0.4311
2005-09-09	0.4329
2005-09-08	0.4311
2005-09-07	0.4292
2005-09-06	0.4309
2005-09-05	0.4287
2005-09-02	0.4291
2005-09-01	0.4244
2005-08-31	0.4245
2005-08-30	0.4202
2005-08-29	0.4194
2005-08-26	0.4162
2005-08-25	0.4166
2005-08-24	0.4077
2005-08-23	0.4166
2005-08-22	0.4214
2005-08-19	0.4082
2005-08-18	0.4161
2005-08-17	0.4248
2005-08-16	0.4261
2005-08-15	0.4285
2005-08-12	0.4212
2005-08-11	0.4241
2005-08-10	0.4388
2005-08-09	0.4355
2005-08-08	0.4294
2005-08-05	0.4323
2005-08-04	0.4342
2005-08-03	0.4312
2005-08-02	0.428
2005-08-01	0.4227
2005-07-29	0.4202
2005-07-28	0.4156
2005-07-27	0.4095
2005-07-26	0.4112
2005-07-25	0.4024
2005-07-22	0.4169
2005-07-21	0.4227
2005-07-20	0.4277
2005-07-19	0.4268
2005-07-18	0.4281
2005-07-15	0.4277
2005-07-14	0.4282
2005-07-13	0.4243
2005-07-12	0.428
2005-07-11	0.4291
2005-07-08	0.4211
2005-07-07	0.4206
2005-07-06	0.4172
2005-07-05	0.4208
2005-07-04	0.4222
2005-07-01	0.4244
2005-06-30	0.428
2005-06-29	0.4244
2005-06-28	0.4224
2005-06-27	0.4215
2005-06-24	0.4212
2005-06-23	0.4157
2005-06-22	0.419
2005-06-21	0.4222
2005-06-20	0.4186
2005-06-17	0.4217
2005-06-16	0.4159
2005-06-15	0.4127
2005-06-14	0.4108
2005-06-13	0.408
2005-06-10	0.4044
2005-06-09	0.4006
2005-06-08	0.4059
2005-06-07	0.4071
2005-06-06	0.4084
2005-06-03	0.4124
2005-06-02	0.4136
2005-06-01	0.4071
2005-05-31	0.415
2005-05-30	0.4223
2005-05-27	0.4196
2005-05-26	0.4151
2005-05-25	0.4151
2005-05-24	0.4125
2005-05-23	0.4119
2005-05-20	0.4095
2005-05-19	0.4093
2005-05-18	0.4065
2005-05-17	0.4031
2005-05-16	0.404
2005-05-13	0.4043
2005-05-12	0.4049
2005-05-11	0.4077
2005-05-10	0.4038
2005-05-09	0.4081
2005-05-06	0.407
2005-05-05	0.4059
2005-05-04	0.4055
2005-05-03	0.4018
2005-05-02	0.3985
2005-04-29	0.3955
2005-04-28	0.3922
2005-04-27	0.3977
2005-04-26	0.3939
2005-04-25	0.3966
2005-04-22	0.3941
2005-04-21	0.3922
2005-04-20	0.3901
2005-04-19	0.3892
2005-04-18	0.3836
2005-04-15	0.3824
2005-04-14	0.386
2005-04-13	0.3909
2005-04-12	0.3884
2005-04-11	0.3872
2005-04-08	0.3869
2005-04-07	0.3855
2005-04-06	0.3847
2005-04-05	0.3809
2005-04-04	0.3786
2005-04-01	0.3761
2005-03-31	0.3731
2005-03-30	0.3738
2005-03-29	0.3706
2005-03-28	0.3669
2005-03-25	0.3652
2005-03-24	0.365
2005-03-23	0.3641
2005-03-22	0.3646
2005-03-21	0.3668
2005-03-18	0.3682
2005-03-17	0.368
2005-03-16	0.362
2005-03-15	0.3617
2005-03-14	0.3635
2005-03-11	0.3681
2005-03-10	0.3681
2005-03-09	0.3684
2005-03-08	0.3708
2005-03-07	0.3729
2005-03-04	0.3765
2005-03-03	0.3732
2005-03-02	0.3791
2005-03-01	0.3803
2005-02-28	0.3862
2005-02-25	0.3821
2005-02-24	0.3794
2005-02-23	0.3853
2005-02-22	0.3848
2005-02-21	0.3869
2005-02-18	0.3881
2005-02-17	0.3901
2005-02-16	0.3867
2005-02-15	0.387
2005-02-14	0.3893
2005-02-11	0.3842
2005-02-10	0.382
2005-02-09	0.3842
2005-02-08	0.38
2005-02-07	0.3828
2005-02-04	0.3841
2005-02-03	0.3843
2005-02-02	0.3842
2005-02-01	0.3834
2005-01-31	0.3833
2005-01-28	0.3781
2005-01-27	0.3745
2005-01-26	0.3754
2005-01-25	0.3729
2005-01-24	0.3731
2005-01-21	0.3722
2005-01-20	0.368
2005-01-19	0.369
2005-01-18	0.3679
2005-01-17	0.3704
2005-01-14	0.3702
2005-01-13	0.3698
2005-01-12	0.3697
2005-01-11	0.3675
2005-01-10	0.3699
2005-01-07	0.3687
2005-01-06	0.3674
2005-01-05	0.3684
2005-01-04	0.3678
2005-01-03	0.3737
2004-12-31	0.3765
2004-12-30	0.3766
2004-12-29	0.3747
2004-12-28	0.371
2004-12-27	0.3721
2004-12-24	0.3716
2004-12-23	0.3702
2004-12-22	0.3696
2004-12-21	0.3704
2004-12-20	0.3735
2004-12-17	0.3687
2004-12-16	0.3647
2004-12-15	0.3669
2004-12-14	0.3616
2004-12-13	0.3627
2004-12-10	0.3604
2004-12-09	0.3597
2004-12-08	0.3628
2004-12-07	0.3639
2004-12-06	0.3678
2004-12-03	0.3692
2004-12-02	0.3659
2004-12-01	0.3691
2004-11-30	0.3676
2004-11-29	0.3639
2004-11-26	0.3654
2004-11-25	0.3644
2004-11-24	0.363
2004-11-23	0.3643
2004-11-22	0.363
2004-11-19	0.3591
2004-11-18	0.3601
2004-11-17	0.3624
2004-11-16	0.3588
2004-11-15	0.3581
2004-11-12	0.3584
2004-11-11	0.3547
2004-11-10	0.3538
2004-11-09	0.3535
2004-11-08	0.3525
2004-11-05	0.3547
2004-11-04	0.3549
2004-11-03	0.3535
2004-11-02	0.3505
2004-11-01	0.3504
2004-10-29	0.3497
2004-10-28	0.3493
2004-10-27	0.35
2004-10-26	0.3492
2004-10-25	0.3467
2004-10-22	0.3483
2004-10-21	0.3499
2004-10-20	0.3482
2004-10-19	0.3474
2004-10-18	0.3498
2004-10-15	0.3501
2004-10-14	0.3479
2004-10-13	0.3518
2004-10-12	0.3542
2004-10-11	0.3547
2004-10-08	0.353
2004-10-07	0.3509
2004-10-06	0.352
2004-10-05	0.3541
2004-10-04	0.354
2004-10-01	0.3526
2004-09-30	0.3497
2004-09-29	0.3504
2004-09-28	0.3491
2004-09-27	0.3481
2004-09-24	0.3484
2004-09-23	0.3471
2004-09-22	0.3468
2004-09-21	0.349
2004-09-20	0.3479
2004-09-17	0.3487
2004-09-16	0.3465
2004-09-15	0.3445
2004-09-14	0.3439
2004-09-13	0.3437
2004-09-10	0.3444
2004-09-09	0.3448
2004-09-08	0.3448
2004-09-07	0.3448
2004-09-06	0.3438
2004-09-03	0.3417
2004-09-02	0.3403
2004-09-01	0.3412
2004-08-31	0.3416
2004-08-30	0.3398
2004-08-27	0.3387
2004-08-26	0.3384
2004-08-25	0.3389
2004-08-24	0.3383
2004-08-23	0.337
2004-08-20	0.3371
2004-08-19	0.3348
2004-08-18	0.3356
2004-08-17	0.3334
2004-08-16	0.3326
2004-08-13	0.331
2004-08-12	0.3295
2004-08-11	0.3295
2004-08-10	0.3296
2004-08-09	0.3288
2004-08-06	0.3297
2004-08-05	0.3256
2004-08-04	0.3275
2004-08-03	0.3279
2004-08-02	0.3282
2004-07-30	0.3292
2004-07-29	0.3289
2004-07-28	0.3268
2004-07-27	0.3264
2004-07-26	0.3252
2004-07-23	0.3272
2004-07-22	0.3288
2004-07-21	0.33
2004-07-20	0.3327
2004-07-19	0.3339
2004-07-16	0.3333
2004-07-15	0.3311
2004-07-14	0.3305
2004-07-13	0.3288
2004-07-12	0.3295
2004-07-09	0.3287
2004-07-08	0.3268
2004-07-07	0.3295
2004-07-06	0.3277
2004-07-05	0.3308
2004-07-02	0.3291
2004-07-01	0.3251
2004-06-30	0.324
2004-06-29	0.3216
2004-06-28	0.3197
2004-06-25	0.3215
2004-06-24	0.3233
2004-06-23	0.3205
2004-06-22	0.3193
2004-06-21	0.3192
2004-06-18	0.3184
2004-06-17	0.3198
2004-06-16	0.3187
2004-06-15	0.3202
2004-06-14	0.3156
2004-06-11	0.3185
2004-06-10	0.32
2004-06-09	0.3199
2004-06-08	0.3215
2004-06-07	0.3214
2004-06-04	0.3195
2004-06-03	0.3171
2004-06-02	0.3191
2004-06-01	0.318
2004-05-31	0.3136
2004-05-28	0.3235
2004-05-27	0.3204
2004-05-26	0.3163
2004-05-25	0.3187
2004-05-24	0.3146
2004-05-21	0.3132
2004-05-20	0.3114
2004-05-19	0.3192
2004-05-18	0.3195
2004-05-17	0.3203
2004-05-14	0.3235
2004-05-13	0.3194
2004-05-12	0.3183
2004-05-11	0.3252
2004-05-10	0.3183
2004-05-07	0.3266
2004-05-06	0.3337
2004-05-05	0.3385
2004-05-04	0.3369
2004-05-03	0.3359
2004-04-30	0.3412
2004-04-29	0.3372
2004-04-28	0.3391
2004-04-27	0.3428
2004-04-26	0.3436
2004-04-23	0.3438
2004-04-22	0.3416
2004-04-21	0.3422
2004-04-20	0.3414
2004-04-19	0.3442
2004-04-16	0.3439
2004-04-15	0.3428
2004-04-14	0.3464
2004-04-13	0.3458
2004-04-12	0.3471
2004-04-09	0.3466
2004-04-08	0.3466
2004-04-07	0.3484
2004-04-06	0.3478
2004-04-05	0.3478
2004-04-02	0.3455
2004-04-01	0.346
2004-03-31	0.3453
2004-03-30	0.3439
2004-03-29	0.3404
2004-03-26	0.3405
2004-03-25	0.3407
2004-03-24	0.3414
2004-03-23	0.3433
2004-03-22	0.3433
2004-03-19	0.3447
2004-03-18	0.344
2004-03-17	0.3435
2004-03-16	0.3451
2004-03-15	0.3443
2004-03-12	0.3448
2004-03-11	0.3438
2004-03-10	0.3448
2004-03-09	0.3471
2004-03-08	0.3481
2004-03-05	0.3487
2004-03-04	0.3461
2004-03-03	0.3464
2004-03-02	0.3459
2004-03-01	0.3455
2004-02-27	0.3441
2004-02-26	0.3411
2004-02-25	0.3401
2004-02-24	0.3378
2004-02-23	0.3378
2004-02-20	0.3378
2004-02-19	0.3382
2004-02-18	0.339
2004-02-17	0.3428
2004-02-16	0.344
2004-02-13	0.3442
2004-02-12	0.3454
2004-02-11	0.3441
2004-02-10	0.3425
2004-02-09	0.3419
2004-02-06	0.3412
2004-02-05	0.3412
2004-02-04	0.3426
2004-02-03	0.3428
2004-02-02	0.3399
2004-01-30	0.3408
2004-01-29	0.3412
2004-01-28	0.3439
2004-01-27	0.3487
2004-01-26	0.3505
2004-01-23	0.3519
2004-01-22	0.3524
2004-01-21	0.3521
2004-01-20	0.3524
2004-01-19	0.3524
2004-01-16	0.3535
2004-01-15	0.3552
2004-01-14	0.3553
2004-01-13	0.3552
2004-01-12	0.3596
2004-01-09	0.353
2004-01-08	0.3512
2004-01-07	0.3497
2004-01-06	0.3492
2004-01-05	0.3512
2004-01-02	0.3475
2003-12-31	0.3458
2003-12-30	0.3455
2003-12-29	0.3481
2003-12-26	0.3447
2003-12-25	0.3439
2003-12-24	0.3438
2003-12-23	0.3438
2003-12-22	0.3428
2003-12-19	0.3422
2003-12-18	0.341
2003-12-17	0.3412
2003-12-16	0.3398
2003-12-15	0.3422
2003-12-12	0.3409
2003-12-11	0.3401
2003-12-10	0.3394
2003-12-09	0.3403
2003-12-08	0.34
2003-12-05	0.3407
2003-12-04	0.339
2003-12-03	0.3414
2003-12-02	0.3411
2003-12-01	0.3422
2003-11-28	0.3394
2003-11-27	0.3398
2003-11-26	0.3394
2003-11-25	0.3412
2003-11-24	0.3424
2003-11-21	0.3429
2003-11-20	0.3404
2003-11-19	0.3397
2003-11-18	0.3386
2003-11-17	0.34
2003-11-14	0.339
2003-11-13	0.3394
2003-11-12	0.3446
2003-11-11	0.344
2003-11-10	0.3468
2003-11-07	0.35
2003-11-06	0.3477
2003-11-05	0.3487
2003-11-04	0.3493
2003-11-03	0.3509
2003-10-31	0.3489
2003-10-30	0.3509
2003-10-29	0.3525
2003-10-28	0.3508
2003-10-27	0.3478
2003-10-24	0.3484
2003-10-23	0.3497
2003-10-22	0.3497
2003-10-21	0.3514
2003-10-20	0.3494
2003-10-17	0.3486
2003-10-16	0.3508
2003-10-15	0.3524
2003-10-14	0.3527
2003-10-13	0.3516
2003-10-10	0.3534
2003-10-09	0.3537
2003-10-08	0.3521
2003-10-07	0.3503
2003-10-06	0.3489
2003-10-03	0.3465
2003-10-02	0.3469
2003-10-01	0.3452
2003-09-30	0.3457
2003-09-29	0.3418
2003-09-26	0.3409
2003-09-25	0.3401
2003-09-24	0.343
2003-09-23	0.3413
2003-09-22	0.3457
2003-09-19	0.3445
2003-09-18	0.3445
2003-09-17	0.3442
2003-09-16	0.3433
2003-09-15	0.3466
2003-09-12	0.3446
2003-09-11	0.3433
2003-09-10	0.3459
2003-09-09	0.3422
2003-09-08	0.3389
2003-09-05	0.3441
2003-09-04	0.3405
2003-09-03	0.3372
2003-09-02	0.3383
2003-09-01	0.3347
2003-08-29	0.3357
2003-08-28	0.3383
2003-08-27	0.3382
2003-08-26	0.3364
2003-08-25	0.3332
2003-08-22	0.3349
2003-08-21	0.3329
2003-08-20	0.3328
2003-08-19	0.334
2003-08-18	0.3341
2003-08-15	0.3343
2003-08-14	0.3327
2003-08-13	0.3325
2003-08-12	0.3302
2003-08-11	0.3323
2003-08-08	0.3348
2003-08-07	0.3348
2003-08-06	0.3277
2003-08-05	0.3324
2003-08-04	0.3257
2003-08-01	0.3302
2003-07-31	0.337
2003-07-30	0.3353
2003-07-29	0.3404
2003-07-28	0.3454
2003-07-25	0.346
2003-07-24	0.3463
2003-07-23	0.3454
2003-07-22	0.347
2003-07-21	0.3479
2003-07-18	0.3463
2003-07-17	0.3484
2003-07-16	0.3514
2003-07-15	0.3492
2003-07-14	0.349
2003-07-11	0.3458
2003-07-10	0.3459
2003-07-09	0.3497
2003-07-08	0.3486
2003-07-07	0.3468
2003-07-04	0.3524
2003-07-03	0.3542
2003-07-02	0.3534
2003-07-01	0.353
2003-06-30	0.3525
2003-06-27	0.3473
2003-06-26	0.3453
2003-06-25	0.3464
2003-06-24	0.3492
2003-06-23	0.3496
2003-06-20	0.3457
2003-06-19	0.3454
2003-06-18	0.3463
2003-06-17	0.3481
2003-06-16	0.3481
2003-06-13	0.3522
2003-06-12	0.3491
2003-06-11	0.3511
2003-06-10	0.3487
2003-06-09	0.3484
2003-06-06	0.3476
2003-06-05	0.3511
2003-06-04	0.3432
2003-06-03	0.3419
2003-06-02	0.3379
2003-05-30	0.3363
2003-05-29	0.3398
2003-05-28	0.3328
2003-05-27	0.3321
2003-05-26	0.3263
2003-05-23	0.3431
2003-05-22	0.3371
2003-05-21	0.3324
2003-05-20	0.3315
2003-05-19	0.3341
2003-05-16	0.3398
2003-05-15	0.3331
2003-05-14	0.3424
2003-05-13	0.3464
2003-05-12	0.3487
2003-05-09	0.3481
2003-05-08	0.3455
2003-05-07	0.3391
2003-05-06	0.332
2003-05-05	0.3284
2003-05-02	0.337
2003-05-01	0.3435
2003-04-30	0.3435
2003-04-29	0.3407
2003-04-28	0.3381
2003-04-25	0.3323
2003-04-24	0.3313
2003-04-23	0.3438
2003-04-22	0.329
2003-04-21	0.3295
2003-04-18	0.3294
2003-04-17	0.3294
2003-04-16	0.3234
2003-04-15	0.3256
2003-04-14	0.3164
2003-04-11	0.3123
2003-04-10	0.3097
2003-04-09	0.3119
2003-04-08	0.3131
2003-04-07	0.3183
2003-04-04	0.3103
2003-04-03	0.3066
2003-04-02	0.3066
2003-04-01	0.3024
2003-03-31	0.2973
2003-03-28	0.2977
2003-03-27	0.2957
2003-03-26	0.2951
2003-03-25	0.2981
2003-03-24	0.2962
2003-03-21	0.2939
2003-03-20	0.2879
2003-03-19	0.2892
2003-03-18	0.2895
2003-03-17	0.2913
2003-03-14	0.2913
2003-03-13	0.2933
2003-03-12	0.2884
2003-03-11	0.2863
2003-03-10	0.2834
2003-03-07	0.2859
2003-03-06	0.2874
2003-03-05	0.2815
2003-03-04	0.2804
2003-03-03	0.2805
2003-02-28	0.2801
2003-02-27	0.2813
2003-02-26	0.2789
2003-02-25	0.2791
2003-02-24	0.2805
2003-02-21	0.2761
2003-02-20	0.2771
2003-02-19	0.2768
2003-02-18	0.2784
2003-02-17	0.2769
2003-02-14	0.2732
2003-02-13	0.2733
2003-02-12	0.2772
2003-02-11	0.2785
2003-02-10	0.2789
2003-02-07	0.2788
2003-02-06	0.2785
2003-02-05	0.2784
2003-02-04	0.2798
2003-02-03	0.2843
2003-01-31	0.2854
2003-01-30	0.2824
2003-01-29	0.2796
2003-01-28	0.2749
2003-01-27	0.2748
2003-01-24	0.2761
2003-01-23	0.2832
2003-01-22	0.283
2003-01-21	0.2865
2003-01-20	0.2928
2003-01-17	0.2966
2003-01-16	0.301
2003-01-15	0.3017
2003-01-14	0.3068
2003-01-13	0.3035
2003-01-10	0.3031
2003-01-09	0.3016
2003-01-08	0.2991
2003-01-07	0.3046
2003-01-06	0.2996
2003-01-03	0.2908
2003-01-02	0.2836
2002-12-31	0.2825
2002-12-30	0.2828
2002-12-27	0.2827
2002-12-26	0.2791
2002-12-25	0.2853
2002-12-24	0.2853
2002-12-23	0.2853
2002-12-20	0.2867
2002-12-19	0.2879
2002-12-18	0.2838
2002-12-17	0.2789
2002-12-16	0.2765
2002-12-13	0.2681
2002-12-12	0.2637
2002-12-11	0.2667
2002-12-10	0.2627
2002-12-09	0.2639
2002-12-06	0.2668
2002-12-05	0.2643
2002-12-04	0.2691
2002-12-03	0.2726
2002-12-02	0.2771
2002-11-29	0.2737
2002-11-28	0.2777
2002-11-27	0.2769
2002-11-26	0.2776
2002-11-25	0.2815
2002-11-22	0.2813
2002-11-21	0.2836
2002-11-20	0.2845
2002-11-19	0.2838
2002-11-18	0.2801
2002-11-15	0.271
2002-11-14	0.2715
2002-11-13	0.2734
2002-11-12	0.2762
2002-11-11	0.2837
2002-11-08	0.2824
2002-11-07	0.2789
2002-11-06	0.2734
2002-11-05	0.2823
2002-11-04	0.2813
2002-11-01	0.2781
2002-10-31	0.274
2002-10-30	0.2692
2002-10-29	0.2621
2002-10-28	0.2631
2002-10-25	0.2681
2002-10-24	0.2628
2002-10-23	0.2559
2002-10-22	0.256
2002-10-21	0.254
2002-10-18	0.2581
2002-10-17	0.2561
2002-10-16	0.2532
2002-10-15	0.2604
2002-10-14	0.2611
2002-10-11	0.2625
2002-10-10	0.2532
2002-10-09	0.2561
2002-10-08	0.2682
2002-10-07	0.2729
2002-10-04	0.2766
2002-10-03	0.271
2002-10-02	0.2734
2002-10-01	0.2782
2002-09-30	0.266
2002-09-27	0.2583
2002-09-26	0.2662
2002-09-25	0.2704
2002-09-24	0.2649
2002-09-23	0.2801
2002-09-20	0.2942
2002-09-19	0.2901
2002-09-18	0.2983
2002-09-17	0.3057
2002-09-16	0.3111
2002-09-13	0.3167
2002-09-12	0.3198
2002-09-11	0.3225
2002-09-10	0.3199
2002-09-09	0.3225
2002-09-06	0.3167
2002-09-05	0.3172
2002-09-04	0.3213
2002-09-03	0.3228
2002-09-02	0.3267
2002-08-30	0.3325
2002-08-29	0.3258
2002-08-28	0.3204
2002-08-27	0.3192
2002-08-26	0.3235
2002-08-23	0.3214
2002-08-22	0.3181
2002-08-21	0.3243
2002-08-20	0.3226
2002-08-19	0.323
2002-08-16	0.3203
2002-08-15	0.3118
2002-08-14	0.3135
2002-08-13	0.3162
2002-08-12	0.317
2002-08-09	0.3308
2002-08-08	0.3413
2002-08-07	0.3317
2002-08-06	0.3247
2002-08-05	0.3155
2002-08-02	0.3328
2002-08-01	0.321
2002-07-31	0.289
2002-07-30	0.2982
2002-07-29	0.3063
2002-07-26	0.3328
2002-07-25	0.334
2002-07-24	0.3398
2002-07-23	0.3427
2002-07-22	0.3441
2002-07-19	0.3486
2002-07-18	0.3509
2002-07-17	0.3453
2002-07-16	0.3479
2002-07-15	0.3504
2002-07-12	0.3559
2002-07-11	0.358
2002-07-10	0.3512
2002-07-09	0.3506
2002-07-08	0.3495
2002-07-05	0.3471
2002-07-04	0.3501
2002-07-03	0.3497
2002-07-02	0.3455
2002-07-01	0.3452
2002-06-28	0.3549
2002-06-27	0.3542
2002-06-26	0.3504
2002-06-25	0.3545
2002-06-24	0.36
2002-06-21	0.3534
2002-06-20	0.3605
2002-06-19	0.3695
2002-06-18	0.3685
2002-06-17	0.3771
2002-06-14	0.3682
2002-06-13	0.3694
2002-06-12	0.3597
2002-06-11	0.3674
2002-06-10	0.3795
2002-06-07	0.3794
2002-06-06	0.3758
2002-06-05	0.3837
2002-06-04	0.3838
2002-06-03	0.3945
2002-05-31	0.3971
2002-05-30	0.3981
2002-05-29	0.3982
2002-05-28	0.3957
2002-05-27	0.3962
2002-05-24	0.397
2002-05-23	0.3956
2002-05-22	0.3959
2002-05-21	0.4029
2002-05-20	0.4028
2002-05-17	0.404
2002-05-16	0.4055
2002-05-15	0.3994
2002-05-14	0.3989
2002-05-13	0.397
2002-05-10	0.4063
2002-05-09	0.4046
2002-05-08	0.4101
2002-05-07	0.4108
2002-05-06	0.4134
2002-05-03	0.4156
2002-05-02	0.417
2002-05-01	0.4235
2002-04-30	0.4235
2002-04-29	0.423
2002-04-26	0.4218
2002-04-25	0.423
2002-04-24	0.4254
2002-04-23	0.4236
2002-04-22	0.4268
2002-04-19	0.4287
2002-04-18	0.4301
2002-04-17	0.4305
2002-04-16	0.4309
2002-04-15	0.4308
2002-04-12	0.4359
2002-04-11	0.4383
2002-04-10	0.4413
2002-04-09	0.4388
2002-04-08	0.4362
2002-04-05	0.4392
2002-04-04	0.4346
2002-04-03	0.4319
2002-04-02	0.4352
2002-04-01	0.4343
2002-03-29	0.4301
2002-03-28	0.4301
2002-03-27	0.4305
2002-03-26	0.4262
2002-03-25	0.4228
2002-03-22	0.4235
2002-03-21	0.4269
2002-03-20	0.4266
2002-03-19	0.427
2002-03-18	0.4272
2002-03-15	0.4263
2002-03-14	0.4268
2002-03-13	0.4257
2002-03-12	0.4294
2002-03-11	0.4244
2002-03-08	0.4254
2002-03-07	0.4211
2002-03-06	0.4225
2002-03-05	0.429
2002-03-04	0.4303
2002-03-01	0.4266
2002-02-28	0.4228
2002-02-27	0.4244
2002-02-26	0.4177
2002-02-25	0.4177
2002-02-22	0.4129
2002-02-21	0.4129
2002-02-20	0.4132
2002-02-19	0.4125
2002-02-18	0.4113
2002-02-15	0.4121
2002-02-14	0.4114
2002-02-13	0.4149
2002-02-12	0.4071
2002-02-11	0.4071
2002-02-08	0.4067
2002-02-07	0.4062
2002-02-06	0.41
2002-02-05	0.4132
2002-02-04	0.4124
2002-02-01	0.4149
2002-01-31	0.4144
2002-01-30	0.4112
2002-01-29	0.4105
2002-01-28	0.4119
2002-01-25	0.4149
2002-01-24	0.4174
2002-01-23	0.4205
2002-01-22	0.4202
2002-01-21	0.4219
2002-01-18	0.4229
2002-01-17	0.4198
2002-01-16	0.423
2002-01-15	0.4211
2002-01-14	0.4175
2002-01-11	0.4167
2002-01-10	0.4127
2002-01-09	0.4211
2002-01-08	0.4212
2002-01-07	0.4297
2002-01-04	0.429
2002-01-03	0.4357
2002-01-02	0.4344
2001-12-31	0.4327
2001-12-28	0.4326
2001-12-27	0.429
2001-12-26	0.431
2001-12-25	0.4277
2001-12-24	0.4277
2001-12-21	0.427
2001-12-20	0.4283
2001-12-19	0.4346
2001-12-18	0.4303
2001-12-17	0.4246
2001-12-14	0.4208
2001-12-13	0.4216
2001-12-12	0.4244
2001-12-11	0.4203
2001-12-10	0.4288
2001-12-07	0.4186
2001-12-06	0.4134
2001-12-05	0.4107
2001-12-04	0.4103
2001-12-03	0.4079
2001-11-30	0.4008
2001-11-29	0.3928
2001-11-28	0.4029
2001-11-27	0.4047
2001-11-26	0.4073
2001-11-23	0.3995
2001-11-22	0.3948
2001-11-21	0.3931
2001-11-20	0.392
2001-11-19	0.397
2001-11-16	0.3959
2001-11-15	0.393
2001-11-14	0.3929
2001-11-13	0.3951
2001-11-12	0.3922
2001-11-09	0.3941
2001-11-08	0.3949
2001-11-07	0.3905
2001-11-06	0.3834
2001-11-05	0.3873
2001-11-02	0.3742
2001-11-01	0.3741
2001-10-31	0.3709
2001-10-30	0.3672
2001-10-29	0.3672
2001-10-26	0.3671
2001-10-25	0.3682
2001-10-24	0.3626
2001-10-23	0.3663
2001-10-22	0.3678
2001-10-19	0.3658
2001-10-18	0.3624
2001-10-17	0.3674
2001-10-16	0.3693
2001-10-15	0.3609
2001-10-12	0.3596
2001-10-11	0.3596
2001-10-10	0.3609
2001-10-09	0.3596
2001-10-08	0.3609
2001-10-05	0.3606
2001-10-04	0.3642
2001-10-03	0.3658
2001-10-02	0.3693
2001-10-01	0.3733
2001-09-28	0.3745
2001-09-27	0.374
2001-09-26	0.3652
2001-09-25	0.3689
2001-09-24	0.3726
2001-09-21	0.3534
2001-09-20	0.3613
2001-09-19	0.3689
2001-09-18	0.3711
2001-09-17	0.375
2001-09-14	0.3722
2001-09-13	0.3762
2001-09-12	0.372
2001-09-11	0.3758
2001-09-10	0.3839
2001-09-07	0.3873
2001-09-06	0.3871
2001-09-05	0.3879
2001-09-04	0.3914
2001-09-03	0.3898
2001-08-31	0.39
2001-08-30	0.3951
2001-08-29	0.393
2001-08-28	0.391
2001-08-27	0.391
2001-08-24	0.3928
2001-08-23	0.3954
2001-08-22	0.3965
2001-08-21	0.3922
2001-08-20	0.3972
2001-08-17	0.3971
2001-08-16	0.3997
2001-08-15	0.4018
2001-08-14	0.3973
2001-08-13	0.4001
2001-08-10	0.4062
2001-08-09	0.4036
2001-08-08	0.4048
2001-08-07	0.4024
2001-08-06	0.4073
2001-08-03	0.3997
2001-08-02	0.4014
2001-08-01	0.3998
2001-07-31	0.4044
2001-07-30	0.4121
2001-07-27	0.4074
2001-07-26	0.3976
2001-07-25	0.4022
2001-07-24	0.4051
2001-07-23	0.4143
2001-07-20	0.4085
2001-07-19	0.3992
2001-07-18	0.3993
2001-07-17	0.4002
2001-07-16	0.3879
2001-07-13	0.3912
2001-07-12	0.3918
2001-07-11	0.3998
2001-07-10	0.4002
2001-07-09	0.4086
2001-07-06	0.4115
2001-07-05	0.3996
2001-07-04	0.4135
2001-07-03	0.4256
2001-07-02	0.4294
2001-06-29	0.4328
2001-06-28	0.4321
2001-06-27	0.4392
2001-06-26	0.4285
2001-06-25	0.435
2001-06-22	0.4355
2001-06-21	0.4221
2001-06-20	0.4042
2001-06-19	0.4034
2001-06-18	0.4058
2001-06-15	0.4136
2001-06-14	0.4126
2001-06-13	0.4126
2001-06-12	0.4161
2001-06-11	0.4198
2001-06-08	0.4239
2001-06-07	0.4235
2001-06-06	0.4189
2001-06-05	0.4186
2001-06-04	0.4193
2001-06-01	0.4201
2001-05-31	0.42
2001-05-30	0.4265
2001-05-29	0.4262
2001-05-28	0.4276
2001-05-25	0.4312
2001-05-24	0.4249
2001-05-23	0.4263
2001-05-22	0.4301
2001-05-21	0.431
2001-05-18	0.434
2001-05-17	0.4352
2001-05-16	0.4329
2001-05-15	0.4278
2001-05-14	0.4322
2001-05-11	0.438
2001-05-10	0.4421
2001-05-09	0.4419
2001-05-08	0.4456
2001-05-07	0.4516
2001-05-04	0.452
2001-05-03	0.4522
2001-05-02	0.4464
2001-05-01	0.4542
2001-04-30	0.4543
2001-04-27	0.4541
2001-04-26	0.4461
2001-04-25	0.4371
2001-04-24	0.4405
2001-04-23	0.4427
2001-04-20	0.4474
2001-04-19	0.4543
2001-04-18	0.4585
2001-04-17	0.4552
2001-04-16	0.4557
2001-04-13	0.4641
2001-04-12	0.4641
2001-04-11	0.4643
2001-04-10	0.4678
2001-04-09	0.4636
2001-04-06	0.4618
2001-04-05	0.4644
2001-04-04	0.46
2001-04-03	0.4595
2001-04-02	0.4615
2001-03-30	0.4645
2001-03-29	0.4645
2001-03-28	0.4701
2001-03-27	0.4716
2001-03-26	0.4686
2001-03-23	0.4604
2001-03-22	0.4624
2001-03-21	0.4714
2001-03-20	0.4801
2001-03-19	0.4729
2001-03-16	0.4701
2001-03-15	0.4755
2001-03-14	0.4811
2001-03-13	0.485
2001-03-12	0.484
2001-03-09	0.489
2001-03-08	0.4871
2001-03-07	0.4901
2001-03-06	0.4918
2001-03-05	0.4947
2001-03-02	0.4935
2001-03-01	0.4901
2001-02-28	0.4887
2001-02-27	0.4912
2001-02-26	0.4918
2001-02-23	0.4908
2001-02-22	0.4896
2001-02-21	0.4886
2001-02-20	0.4979
2001-02-19	0.4993
2001-02-16	0.4993
2001-02-15	0.5028
2001-02-14	0.5035
2001-02-13	0.5035
2001-02-12	0.5044
2001-02-09	0.5042
2001-02-08	0.5021
2001-02-07	0.4994
2001-02-06	0.4994
2001-02-05	0.5
2001-02-02	0.5025
2001-02-01	0.5025
2001-01-31	0.5074
2001-01-30	0.5089
2001-01-29	0.5066
2001-01-26	0.5067
2001-01-25	0.5067
2001-01-24	0.5079
2001-01-23	0.5099
2001-01-22	0.5111
2001-01-19	0.5109
2001-01-18	0.5116
2001-01-17	0.5112
2001-01-16	0.5123
2001-01-15	0.5133
2001-01-12	0.5128
2001-01-11	0.5115
2001-01-10	0.5147
2001-01-09	0.5147
2001-01-08	0.513
2001-01-05	0.5115
2001-01-04	0.515
2001-01-03	0.5181
2001-01-02	0.5148
2000-12-29	0.5128
2000-12-28	0.5128
2000-12-27	0.5105
2000-12-26	0.5102
2000-12-25	0.5105
2000-12-22	0.5105
2000-12-21	0.5118
2000-12-20	0.5102
2000-12-19	0.5116
2000-12-18	0.5115
2000-12-15	0.5088
2000-12-14	0.5092
2000-12-13	0.5116
2000-12-12	0.5087
2000-12-11	0.5084
2000-12-08	0.5081
2000-12-07	0.5066
2000-12-06	0.5065
2000-12-05	0.511
2000-12-04	0.5053
2000-12-01	0.5072
2000-11-30	0.5052
2000-11-29	0.5111
2000-11-28	0.5084
2000-11-27	0.5077
2000-11-24	0.5106
2000-11-23	0.5122
2000-11-22	0.518
2000-11-21	0.521
2000-11-20	0.5218
2000-11-17	0.5085
2000-11-16	0.5126
2000-11-15	0.5144
2000-11-14	0.5123
2000-11-13	0.5128
2000-11-10	0.5123
2000-11-09	0.5079
2000-11-08	0.508
2000-11-07	0.5118
2000-11-06	0.5157
2000-11-03	0.5149
2000-11-02	0.5212
2000-11-01	0.5207
2000-10-31	0.5263
2000-10-30	0.5222
2000-10-27	0.5219
2000-10-26	0.5164
2000-10-25	0.5184
2000-10-24	0.5238
2000-10-23	0.526
2000-10-20	0.5305
2000-10-19	0.5328
2000-10-18	0.5336
2000-10-17	0.5345
2000-10-16	0.5361
2000-10-13	0.535
2000-10-12	0.5375
2000-10-11	0.5372
2000-10-10	0.5379
2000-10-09	0.5395
2000-10-06	0.5391
2000-10-05	0.5416
2000-10-04	0.5398
2000-10-03	0.5394
2000-10-02	0.5401
2000-09-29	0.5424
2000-09-28	0.5424
2000-09-27	0.5407
2000-09-26	0.5404
2000-09-25	0.5417
2000-09-22	0.5424
2000-09-21	0.5389
2000-09-20	0.5392
2000-09-19	0.5405
2000-09-18	0.5384
2000-09-15	0.5423
2000-09-14	0.5441
2000-09-13	0.5463
2000-09-12	0.5469
2000-09-11	0.5492
2000-09-08	0.5508
2000-09-07	0.5496
2000-09-06	0.5494
2000-09-05	0.5493
2000-09-04	0.5476
2000-09-01	0.5483
2000-08-31	0.5484
2000-08-30	0.5485
2000-08-29	0.5475
2000-08-28	0.546
2000-08-25	0.5487
2000-08-24	0.5494
2000-08-23	0.549
2000-08-22	0.5501
2000-08-21	0.5487
2000-08-18	0.5505
2000-08-17	0.5528
2000-08-16	0.5522
2000-08-15	0.5545
2000-08-14	0.5543
2000-08-11	0.5551
2000-08-10	0.5568
2000-08-09	0.5565
2000-08-08	0.5576
2000-08-07	0.5563
2000-08-04	0.5582
2000-08-03	0.5576
2000-08-02	0.5569
2000-08-01	0.5591
2000-07-31	0.5607
2000-07-28	0.5604
2000-07-27	0.562
2000-07-26	0.5596
2000-07-25	0.5582
2000-07-24	0.5584
2000-07-21	0.5566
2000-07-20	0.5568
2000-07-19	0.5546
2000-07-18	0.5566
2000-07-17	0.556
2000-07-14	0.5579
2000-07-13	0.5522
2000-07-12	0.5548
2000-07-11	0.5548
2000-07-10	0.5574
2000-07-07	0.5556
2000-07-06	0.5553
2000-07-05	0.5546
2000-07-04	0.5528
2000-07-03	0.5513
2000-06-30	0.5534
2000-06-29	0.5517
2000-06-28	0.5494
2000-06-27	0.5487
2000-06-26	0.5489
2000-06-23	0.5478
2000-06-22	0.5517
2000-06-21	0.5522
2000-06-20	0.5554
2000-06-19	0.5546
2000-06-16	0.5546
2000-06-15	0.5522
2000-06-14	0.5525
2000-06-13	0.552
2000-06-12	0.5537
2000-06-09	0.5549
2000-06-08	0.5548
2000-06-07	0.5571
2000-06-06	0.5548
2000-06-05	0.5584
2000-06-02	0.5553
2000-06-01	0.5494
2000-05-31	0.5483
2000-05-30	0.5461
2000-05-29	0.5444
2000-05-26	0.5445
2000-05-25	0.5414
2000-05-24	0.5433
2000-05-23	0.5391
2000-05-22	0.5403
2000-05-19	0.5436
2000-05-18	0.5451
2000-05-17	0.5466
2000-05-16	0.5502
2000-05-15	0.5484
2000-05-12	0.5445
2000-05-11	0.5478
2000-05-10	0.5496
2000-05-09	0.5522
2000-05-08	0.5536
2000-05-05	0.5557
2000-05-04	0.5522
2000-05-03	0.5508
2000-05-02	0.5546
2000-05-01	0.5539
2000-04-28	0.554
2000-04-27	0.554
2000-04-26	0.5548
2000-04-25	0.5591
2000-04-24	0.5579
2000-04-21	0.5626
2000-04-20	0.5627
2000-04-19	0.5632
2000-04-18	0.5679
2000-04-17	0.5632
2000-04-14	0.5599
2000-04-13	0.5615
2000-04-12	0.5698
2000-04-11	0.5737
2000-04-10	0.5739
2000-04-07	0.5745
2000-04-06	0.5727
2000-04-05	0.5718
2000-04-04	0.5729
2000-04-03	0.574
2000-03-31	0.5749
2000-03-30	0.5684
2000-03-29	0.5732
2000-03-28	0.574
2000-03-27	0.5718
2000-03-24	0.577
2000-03-23	0.5814
2000-03-22	0.5784
2000-03-21	0.5767
2000-03-20	0.5755
2000-03-17	0.5752
2000-03-16	0.5752
2000-03-15	0.5747
2000-03-14	0.5752
2000-03-13	0.5732
2000-03-10	0.5734
2000-03-09	0.5739
2000-03-08	0.5744
2000-03-07	0.5729
2000-03-06	0.5729
2000-03-03	0.5731
2000-03-02	0.5692
2000-03-01	0.5675
2000-02-29	0.5656
2000-02-28	0.5627
2000-02-25	0.5639
2000-02-24	0.5627
2000-02-23	0.5607
2000-02-22	0.5601
2000-02-21	0.5624
2000-02-18	0.5624
2000-02-17	0.5642
2000-02-16	0.5637
2000-02-15	0.5629
2000-02-14	0.564
2000-02-11	0.5642
2000-02-10	0.5663
2000-02-09	0.5656
2000-02-08	0.5666
2000-02-07	0.5655
2000-02-04	0.5656
2000-02-03	0.5605
2000-02-02	0.5602
2000-02-01	0.559
2000-01-31	0.5605
2000-01-28	0.5576
2000-01-27	0.5621
2000-01-26	0.5624
2000-01-25	0.5629
2000-01-24	0.5643
2000-01-21	0.5642
2000-01-20	0.5609
2000-01-19	0.5584
2000-01-18	0.5579
2000-01-17	0.5577
2000-01-14	0.5543
2000-01-13	0.5519
2000-01-12	0.5469
2000-01-11	0.5489
2000-01-10	0.5513
2000-01-07	0.5472
2000-01-06	0.5432
2000-01-05	0.5441
2000-01-04	0.5408
2000-01-03	0.5494
