Concurso,Dia,Mês,Ano,Bola1,Bola2,Bola3,Bola4,Bola5,Bola6,Ganhadores 6 acertos,Ganhadores 5 acertos,Ganhadores 4 acertos,Rateio 6 acertos,Rateio 5 acertos,Rateio 4 acertos,Acumulado 6 acertos,Arrecadação Total,Estimativa prêmio,Acumulado Sorteio Especial Mega da Virada
2110,31,12,2018,5,10,12,18,25,33,52,7688,303857,5818007.36,6644.73,240.17,0,886048366,2000000,0
2000,31,12,2017,3,6,10,17,34,37,17,4862,173428,18042279.04,10565.03,423.12,0,890947368.5,2000000,0
529,14,1,2004,1,13,33,38,45,56,15,87,4758,348732.75,8565.12,156.03,0,0,0,0
1211,4,9,2010,3,15,31,36,48,54,7,981,44163,13217564.89,10616.29,336.88,0,177888800,2000000,39049215.76
1890,31,12,2016,5,11,22,24,51,53,6,1665,124889,36824758.22,25481.21,485.3,0,735869326.5,2500000,0
1775,31,12,2015,2,18,31,42,51,56,6,827,62767,41088919.05,43913.49,826.55,0,620312112,1500000,0
2427,10,11,2021,3,19,25,37,44,56,5,680,19557,18181413.39,11418.47,567.17,0,134671644,3000000,71730883.05
1350,31,12,2011,3,4,29,36,45,55,5,954,85582,35523497.52,33711.3,536.83,0,549326718,2500000,0
233,19,8,2000,3,7,24,32,36,45,5,512,21452,3196547.03,3790.28,90.2,0,0,0,0
2550,31,12,2022,4,5,10,34,58,59,5,2485,183921,108393993.26,45438.78,877.04,0,1958449342.5,3000000,0
2670,31,12,2023,21,24,33,41,48,56,5,1996,164379,117778204.25,70083.58,1215.71,0,2426252750,3000000,0
1157,27,2,2010,9,29,41,43,46,49,4,248,19079,18179694.01,24207.8,449.52,0,102544866,2500000,9115201.42
2510,13,8,2022,8,13,25,32,44,57,4,242,10296,6670155.67,14818.18,497.55,0,62197002,3000000,76276832.41
2620,12,8,2023,4,6,13,21,26,28,4,404,21667,29058128.28,23042.04,613.76,0,161458740,3500000,72866210.44
1417,18,8,2012,5,12,45,52,56,59,4,83,6383,773932.3,20247.46,376.11,0,28704854,2000000,34344467.15
2052,23,6,2018,50,51,56,57,58,59,4,152,4816,9627559.21,17089.52,770.52,0,45054674,2500000,33972195.67
1086,27,6,2009,2,4,6,10,23,45,4,954,52159,13904065.2,5470.55,142.93,0,89142866.75,2000000,23380290.7
1183,29,5,2010,5,10,12,20,29,37,4,545,21948,8393631.32,5264.03,186.73,0,49002816,2500000,22757758.73
2028,4,4,2018,7,11,24,36,42,58,4,261,9867,10251126.97,11811.65,446.34,0,53470886,3000000,20172038.59
1560,31,12,2013,20,30,36,38,47,53,4,1147,90376,56169465.02,38701.2,701.67,0,758218978,1500000,0
216,22,4,2000,14,18,30,35,42,59,4,91,5049,801057.55,9745.75,175,0,0,0,0
238,23,9,2000,9,13,15,37,41,42,4,188,10483,1429476.11,6088.25,108.86,0,0,0,0
2220,31,12,2019,3,35,38,40,57,58,4,1031,77055,76053459.66,57537.06,1099.78,0,1028882101.5,2000000,0
1665,31,12,2014,1,5,11,16,20,56,4,2581,168546,65823888.16,19764.32,432.36,0,871318160,3000000,0
1245,31,12,2010,2,10,34,37,43,50,4,1561,94921,48598800.01,17722.09,416.34,0,472524744,2000000,0
2755,30,7,2024,7,13,17,33,41,58,3,253,13415,34222694.19,18866.05,508.29,0,82786755,3500000,84700464.03
2745,4,7,2024,2,5,7,11,52,57,3,317,14270,54262775.07,22892.78,726.5,0,125868470,3500000,75946780.52
1902,11,2,2017,2,7,9,18,21,25,3,367,13764,11813566.31,8583.27,326.94,0,54636827,3000000,6494347.82
2614,25,7,2023,3,8,13,14,19,25,3,251,12145,22746383.38,18624.27,549.86,26710218.14,81079690,33000000,64067866.59
1362,11,2,2012,2,12,19,22,36,58,3,129,8825,1924196.22,13542.9,282.8,0,29840642,2000000,6119810.37
1344,10,12,2011,8,19,21,36,42,59,3,236,13393,12497169.8,14632.94,368.35,0,58986186,20000000,60569269.32
1127,18,11,2009,5,8,14,24,29,30,3,152,7135,1463875.35,8083.07,245.99,0,20985848,2000000,43224900.21
1532,21,9,2013,2,11,23,31,42,44,3,91,5676,1934416.36,19455.14,445.58,0,30240050,2500000,42619422.34
1423,8,9,2012,3,8,21,25,27,43,3,187,8340,729819.96,6355.96,203.59,0,20301558,2000000,37293778.46
1935,31,5,2017,1,3,10,17,23,24,3,497,18964,20928347.7,7778.22,291.21,0,67050592,3000000,30616394.37
1815,5,5,2016,8,11,25,39,41,60,3,84,4553,10829320.16,31104.09,819.78,0,45317219.5,3000000,23780480.4
2565,16,2,2023,9,13,25,39,46,54,3,164,8245,17626625.69,24367.94,692.42,0,69314134.5,3000000,18448693.83
2004,13,1,2018,1,5,14,23,35,45,3,79,6444,4095573.45,28198.54,493.85,0,38638484.5,12000000,1755245.82
1686,14,3,2015,9,14,37,44,46,55,3,117,8999,8927028.65,29578.87,549.38,0,59111810,3000000,12500397
1455,31,12,2012,14,32,33,36,41,52,3,1368,113258,81594699.72,27413.18,473.01,0,640548924,2500000,0
213,1,4,2000,3,9,23,30,32,35,3,312,18348,7089194.54,7299.77,123.66,0,0,0,0
245,11,11,2000,8,27,44,51,53,60,3,283,21593,9153484.88,15838.62,206.96,0,0,0,0
972,24,5,2008,15,18,31,33,34,56,3,723,4082,912435.75,1112.86,197.11,0,0,1200000,0
970,17,5,2008,5,21,28,34,54,57,3,108,6144,3712467.76,10992.48,193.23,0,0,1300000,0
958,5,4,2008,7,13,22,33,48,51,3,269,8718,978205.14,3535.28,109.09,0,0,1300000,0
481,19,7,2003,6,13,22,24,42,44,3,359,19465,6796888.03,5670.32,104.19,0,0,0,0
477,5,7,2003,6,8,18,34,38,47,3,279,21958,10401481.92,12900.92,163.3,0,0,0,0
512,8,11,2003,4,8,31,40,53,58,3,41,2277,653828.5,16727.11,300.05,0,0,0,0
457,26,4,2003,15,17,24,27,32,48,3,480,31340,10000441.74,8302.49,126.68,0,0,0,0
648,19,3,2005,5,23,29,42,45,48,3,139,4869,361199.61,4454.67,126.69,0,0,0,0
851,21,3,2007,3,16,19,32,35,58,3,177,7593,4966312.44,6635.61,154.1,0,0,0,0
715,19,11,2005,4,12,24,33,36,54,3,237,13134,10825809.33,6910.89,124.24,0,0,0,0
1772,22,12,2015,12,19,27,39,41,45,2,244,13112,98688974.76,21377.77,568.3,0,89096143.5,3000000,96785146.44
1370,10,3,2012,2,4,5,27,49,59,2,115,9979,7499281.75,18434.86,303.49,0,36211332,2000000,9427728.06
2766,24,8,2024,9,10,34,36,38,44,2,54,4329,14946866.27,58627.43,1044.74,0,54910300,3500000,92850916.57
1262,2,3,2011,5,7,8,9,11,39,2,440,25528,16677746.77,6266.81,154.3,0,47098396,2000000,9258180.92
1055,11,3,2009,12,15,16,20,27,32,2,86,6311,5273833.35,15552.99,211.94,0,0,1500000,8878781.62
1470,20,2,2013,2,34,36,38,51,55,2,172,9203,9438162.39,13889.98,370.85,0,40807202,3000000,8058987.62
1655,22,11,2014,7,24,28,46,53,56,2,704,39616,67657559.48,16384.73,415.95,0,197023822.5,2500000,77335223.56
1677,11,2,2015,10,15,28,33,51,52,2,154,7597,3678088.24,13730.83,397.62,0,36118037.5,3000000,7404761.96
2621,16,8,2023,6,9,14,16,42,47,2,33,3245,1928029.09,63432.99,921.54,0,36306835,4000000,73417075.91
1992,29,11,2017,5,11,13,21,53,54,2,142,11405,32953918.65,28999.41,515.8,0,71423961,2500000,70519003.07
1888,22,12,2016,1,10,17,18,45,48,2,113,7195,20091578.77,25665.88,575.84,0,50303820,3000000,65971392.33
1257,12,2,2011,2,15,26,27,30,52,2,154,11765,26211767.61,24358.21,455.48,0,64072694,2500000,6573695.79
2296,5,9,2020,1,6,21,29,36,59,2,166,8642,47160446.98,39028.74,1070.97,0,112370395.5,2500000,60706654.87
1009,1,10,2008,1,6,12,29,34,58,2,111,5083,2591825.61,9027.57,197.14,0,0,8000000,5961411.68
1640,1,10,2014,2,6,18,23,31,46,2,253,12809,15134013.55,12364,348.87,0,53430132.5,3000000,59256327.59
1787,4,2,2016,1,5,13,25,26,29,2,167,8897,17008680.52,14880.66,399.02,0,43102762.5,3000000,5894404.97
1639,27,9,2014,16,29,34,35,49,51,2,228,13321,28473749.18,25837.8,631.76,0,100622977.5,30000000,58433145.63
2410,18,9,2021,7,10,27,35,43,59,2,93,5939,12503139.64,31102.36,695.76,0,50169015,3000000,58043912.46
1747,3,10,2015,6,33,34,48,53,59,2,93,8700,23221167.26,51651.09,788.76,0,82048242.5,3000000,56710206.59
1360,4,2,2012,2,16,17,25,50,54,2,112,9880,22673254.06,30004.55,485.9,0,57400014,2500000,5295154.83
2285,1,8,2020,1,7,10,12,33,42,2,160,7967,11323343.69,15996.75,458.94,0,44392626,3000000,51491398.97
1862,1,10,2016,2,8,35,42,49,56,2,99,4549,2915182.12,18299.52,568.93,0,31422552,3000000,49970908.78
2074,1,9,2018,8,18,23,37,42,58,2,172,8812,22327541.33,19405.99,541.11,0,57893622.5,20000000,48032377.59
1438,31,10,2012,7,14,31,33,36,49,2,712,19524,19240377.33,5654.86,294.6,0,68771562,2500000,46675476.71
1730,6,8,2015,1,10,17,24,42,51,2,195,10089,13940874.15,12990.53,358.68,0,43268162,3000000,44663013.24
1434,17,10,2012,3,18,22,34,55,58,2,116,6335,1352380.47,12657.75,331.1,0,25079638,19000000,43328456.82
1530,14,9,2013,10,16,28,33,48,53,2,138,9644,7800140.92,15973.07,326.52,0,37650804,2500000,41790386.73
1617,16,7,2014,3,23,26,31,47,54,2,265,13116,16075904.16,14162.36,408.77,0,64104445,3000000,40729916.63
1113,30,9,2009,3,6,29,36,47,59,2,82,5947,2321158.61,16006.62,315.29,0,22419202,2000000,37928129.99
1612,28,6,2014,6,13,17,36,42,51,2,261,16822,21337822.84,14506.18,321.52,0,64669627.5,3000000,37357583.11
1110,19,9,2009,6,14,26,28,42,45,2,217,11277,12343077.59,10870.72,298.83,0,40292586,2000000,36964809.17
1300,13,7,2011,43,44,46,53,54,59,2,58,3652,9484391.42,36709.5,832.87,0,36367478,2500000,34995673.37
1416,15,8,2012,3,19,22,24,35,49,2,206,14457,14192091.49,14477.96,294.71,0,50942620,2500000,33902220.11
1713,13,6,2015,3,10,16,23,27,29,2,388,21476,31598692.07,17070,440.56,0,113128519,3000000,33089006.85
2376,29,5,2021,12,14,17,18,19,22,2,433,19908,47341439.63,18922.04,587.93,0,142106854.5,2500000,32663668.29
1411,1,8,2012,8,12,32,44,46,48,2,360,21016,21505646.36,12795.43,313.11,0,78679980,3000000,31390840.47
1508,3,7,2013,17,18,30,35,39,58,2,115,10276,21168975.92,33054.59,528.45,0,64928654,2500000,30880825.64
2578,29,3,2023,37,39,47,50,59,60,2,296,6128,37457585.34,20561.43,1418.82,0,105561216,3000000,30412062.37
2464,19,3,2022,2,7,24,43,52,56,2,496,31802,94690936.18,35454.28,789.94,69389852.3,305006872.5,80000000,29165845.47
1821,25,5,2016,19,22,31,36,52,53,2,84,6145,19896531.79,41772.19,815.73,0,60860145.5,2500000,27686042.28
1289,4,6,2011,1,3,8,13,27,52,2,436,30724,26440275.46,11099.09,225,0,82657220,23000000,27614309.97
1781,16,1,2016,1,8,22,49,52,53,2,54,3941,12626122.54,44720.27,875.37,0,41885585,3000000,2674496.57
1595,30,4,2014,2,5,8,42,46,59,2,236,12387,10975751.52,11738.12,319.48,0,47317026,2000000,26667751.78
1190,23,6,2010,10,11,19,37,53,56,2,146,7261,9806336.06,12331.72,354.22,0,30752700,2000000,25592898.97
2240,7,3,2020,7,9,10,19,25,58,2,143,10345,27894020.38,28124.13,555.37,0,69754837.5,2000000,23868203.92
1399,20,6,2012,34,39,43,56,57,60,2,648,9834,19136470.53,5950.16,560.11,0,65858258,20000000,23637890.6
1588,5,4,2014,23,29,32,36,45,49,2,353,21216,25541942.1,15601.86,370.84,0,94071416,2500000,22398347.52
2237,27,2,2020,11,20,27,28,53,60,2,263,15054,105826358.87,44509.85,1110.86,0,203035104,3000000,21774127.65
1493,11,5,2013,7,12,24,27,30,49,2,137,9075,1471764.39,11663.62,251.54,0,27293590,2500000,20814565.27
1276,20,4,2011,5,9,11,22,36,40,2,560,30367,35704303.03,10159.62,267.64,0,97178962,2500000,19190685.85
1390,19,5,2012,4,19,27,28,29,31,2,149,7924,6920519.93,13356.03,358.77,0,33991512,2000000,18307090.69
996,16,8,2008,7,15,20,21,23,29,2,165,11901,14458257.67,13209.87,183.15,0,0,1500000,1798320.37
1077,27,5,2009,5,6,9,11,18,37,2,300,19219,14486088.42,8129.73,181.28,0,41658547,2000000,17917160.64
2023,17,3,2018,1,6,7,8,23,56,2,217,13622,29864355.95,19603.05,446.11,0,73781900.5,3000000,16972919.52
2562,8,2,2023,6,12,32,44,51,57,2,226,14672,76403943.65,45102.73,992.48,0,176795226,3000000,16184773.22
1580,8,3,2014,1,6,14,17,33,36,2,378,20400,16776243.36,9474.63,250.79,0,61173162,2500000,15937439.15
1384,28,4,2012,2,18,30,31,45,56,2,56,5010,4030007.03,33924.99,541.71,0,32449994,14000000,15470857.02
2354,20,3,2021,6,18,25,30,42,54,2,169,6593,22779788.25,21989.1,805.21,17877175.12,64454539.5,22000000,15299351.66
2443,12,1,2022,1,5,12,13,17,31,2,161,8131,5259397.57,13732.65,388.45,0,38347726.5,3000000,1502685.07
1070,2,5,2009,5,8,16,23,41,53,2,302,8729,8120833.45,4478.33,221.34,0,0,1500000,14851720.31
1689,25,3,2015,2,5,13,27,41,53,2,185,9634,3610233.13,11227.15,307.98,0,35477090,19000000,13985425.45
1269,26,3,2011,4,5,15,17,27,51,2,200,15111,19413790.51,15726.72,297.35,0,53724824,17000000,13214530.82
1375,28,3,2012,14,25,28,45,53,58,2,121,7136,7822077.02,16066.97,389.19,0,33206740,2000000,11529537.16
2525,1,10,2022,4,13,21,26,47,51,2,814,52760,158926894.27,33910.24,747.39,0,478756422,3000000,106598137.79
2329,19,12,2020,12,14,28,42,45,55,2,93,6837,26798752.27,43422.45,843.78,104051609.25,70041685.5,300000000,104051609.25
1662,17,12,2014,10,14,25,29,33,57,2,160,8641,4077429.91,14510.72,383.83,0,39656610,3000000,81678526
264,24,3,2001,1,5,13,25,31,33,2,979,50364,16055880.73,4298.96,83.25,0,0,0,0
200,31,12,1999,12,15,19,34,44,51,2,186,13027,8829389.2,11008.48,156.59,0,0,0,0
54,16,3,1997,5,9,18,21,36,56,2,207,13067,7469653.99,7033.61,111.2,0,0,0,0
955,26,3,2008,5,12,21,32,33,35,2,90,6180,5678963.92,12848.01,187.11,0,0,1200000,0
936,19,1,2008,5,14,22,29,33,44,2,144,9280,8699137.89,10297.63,159.79,0,0,1200000,0
990,26,7,2008,2,10,15,18,29,39,2,290,20863,26586140.51,18062.91,251.08,0,0,2000000,0
165,1,5,1999,10,19,23,35,39,56,2,75,5378,1044444.54,11968.35,166.91,0,0,0,0
252,30,12,2000,4,17,26,32,51,54,2,354,22122,15107002.24,10070.62,160.67,0,0,0,0
294,8,9,2001,22,25,28,41,45,57,2,130,7434,7696680.33,9839.13,171.41,0,0,0,0
575,26,6,2004,5,18,21,29,35,48,2,470,21660,25737016.52,7359.84,159.1,0,0,0,0
487,9,8,2003,8,22,25,48,52,54,2,104,5329,467702.34,7495.23,145.73,0,0,0,0
502,4,10,2003,7,13,21,24,33,50,2,268,9549,730915.33,2731.87,76.39,0,0,0,0
507,22,10,2003,3,5,27,33,44,58,2,212,6604,1963484.53,3273.22,104.68,0,0,0,0
510,1,11,2003,1,4,30,41,45,58,2,70,4392,4252983.06,15557.02,247.01,0,0,0,0
446,19,3,2003,8,11,12,17,20,47,2,65,5039,1767117.91,10698.55,137.48,0,0,0,0
334,2,2,2002,14,23,24,26,41,51,2,1200,8839,8729392.91,1400.91,189.47,0,0,0,0
343,9,3,2002,4,6,7,12,24,41,2,246,17023,9937283.03,7884.39,113.51,0,0,0,0
372,22,6,2002,16,17,24,39,46,57,2,85,6743,4792658.35,12884.04,161.8,0,0,0,0
418,30,11,2002,8,15,32,45,49,52,2,82,5133,1558712.24,10349.55,164.72,0,0,0,0
469,7,6,2003,13,21,26,29,42,47,2,187,8798,2596432.92,6048.12,128.07,0,0,0,0
325,29,12,2001,1,3,4,21,23,53,2,256,15646,8743877.8,9590.82,156.33,0,0,0,0
598,15,9,2004,5,16,34,38,50,53,2,234,19229,23179951.19,15531.4,188.29,0,0,0,0
525,27,12,2003,8,10,24,26,32,49,2,153,9640,10208722.99,11600.82,183.43,0,0,0,0
617,20,11,2004,3,5,25,33,36,49,2,289,17341,17791387.59,7834.5,130.08,0,0,0,0
707,19,10,2005,1,8,10,36,43,51,2,140,12461,19919975.72,14306.28,160.12,0,0,0,0
858,14,4,2007,4,18,23,31,37,54,2,185,8821,8889537.74,7541.37,157.56,0,0,0,0
746,15,3,2006,1,10,12,25,49,57,2,114,6686,6995681.58,10206.52,173.36,0,0,0,0
696,3,9,2005,9,16,34,37,53,57,2,195,10814,19251302.49,10613.53,190.66,0,0,0,0
725,31,12,2005,3,9,35,37,41,49,2,343,20451,15815987.63,10298.59,172.08,0,0,0,0
820,29,11,2006,10,17,21,32,45,46,2,82,5102,13046320.38,15456.29,247.47,0,0,0,0
811,28,10,2006,10,28,32,41,47,57,2,89,5508,14597902.39,17684.31,284.67,0,0,0,0
385,7,8,2002,5,12,16,18,22,24,2,759,37449,12952192.89,4645.17,93.8,0,0,0,0
139,31,10,1998,3,13,26,27,41,42,2,179,9401,3902486.14,7216.46,137.14,0,0,0,0
163,17,4,1999,8,27,36,41,53,56,2,146,10793,8975833.36,15657.23,211.8,0,0,0,0
2330,31,12,2020,17,20,22,35,41,42,2,1384,105342,162625108.22,48978.81,919.27,0,1175719054.5,1500000,0
2440,31,12,2021,12,15,23,32,33,46,2,1712,143494,189062363.74,50861.33,866.88,0,1510256529,3000000,0
1140,31,12,2009,10,27,40,46,49,58,2,734,55988,72450747.46,34724.23,650.33,0,435346884,1500000,0
3,25,3,1996,10,11,29,30,36,47,2,62,4261,391192.51,10515.93,153.01,0,0,0,0
898,1,9,2007,3,4,8,30,45,54,2,596,27120,27782053.83,8828.84,193.29,0,0,1500000,0
2775,17,9,2024,1,4,14,26,44,51,1,80,5817,81473638.46,53212.48,1045.45,0,73835075,3500000,99869478.8
1021,12,11,2008,2,33,42,43,51,55,1,46,4247,17819642.97,36624.26,396.69,0,0,1500000,9928095.69
1059,25,3,2009,1,12,14,16,37,45,1,63,4089,1600783.97,13793.6,212.52,0,0,8000000,9899480.38
2654,9,11,2023,11,17,23,36,47,51,1,66,4104,11906870.24,34857.25,800.81,24165201.83,39902150,30000000,98882036.64
1794,27,2,2016,1,5,34,37,40,60,1,64,3568,2942618.04,24959.71,639.58,0,27706770,18000000,9825848.83
1563,9,1,2014,1,6,13,20,36,43,1,202,10395,6872625.83,9475.83,263.05,0,32694576,2500000,981803.74
2651,1,11,2023,6,23,35,36,37,59,1,190,12147,104876676.04,44109.26,985.63,0,145359230,3500000,97181055.12
1058,21,3,2009,18,20,24,45,51,57,1,50,3853,3671709.67,22593.98,293.2,0,0,1800000,9670796.94
1793,24,2,2016,13,14,22,54,56,58,1,80,5158,35196529.96,37673.26,834.72,0,52274470.5,3000000,9405474.81
2218,19,12,2019,6,16,22,38,48,52,1,42,3345,40059665.22,64678.28,1160.14,0,47115841.5,2500000,93320332.18
1681,25,2,2015,1,6,8,11,33,50,1,90,6663,3031830.86,18287.23,352.87,0,28112362.5,3000000,9300304.58
2672,6,1,2024,10,13,20,40,43,56,1,22,2413,6480136.97,88421.09,1151.65,0,33739435,3000000,925733.88
1056,14,3,2009,6,8,38,50,53,59,1,23,2350,1872397.32,44193.23,432.53,0,0,1600000,9146266.97
2764,20,8,2024,20,31,34,38,42,51,1,62,3343,62156999.34,58041.07,1537.77,19725936.28,62414625,30000000,91398374.21
2213,4,12,2019,5,7,10,32,46,60,1,96,7360,51119263.33,39952.83,744.46,0,66523950,3000000,90102767.8
1680,21,2,2015,23,37,38,46,47,51,1,298,5821,16547485.01,8541.66,624.68,0,43477555,3000000,8867185.88
2641,5,10,2023,9,24,34,39,45,50,1,32,2766,32744242.8,88671.63,1465.49,0,49214595,3000000,87049698.28
1368,3,3,2012,10,21,26,29,32,38,1,34,4447,4873830.43,47804.75,522.13,0,27762382,2000000,8535779.24
1764,25,11,2015,6,7,29,39,41,55,1,401,33850,205329753.89,58622.54,992.09,0,401527962.5,100000000,84935279.66
2205,6,11,2019,12,21,28,37,42,57,1,112,6318,61429947.73,30075.67,761.65,0,58424184,3000000,84607023.31
2636,23,9,2023,5,16,38,42,43,48,1,49,4597,40435445.43,74465.42,1133.9,0,63286340,3000000,84284605.21
1667,7,1,2015,7,12,24,44,51,56,1,143,7934,5862774.49,13544.91,348.75,0,33084067.5,3000000,837539.25
1016,25,10,2008,5,9,11,20,25,60,1,174,9476,13814409.97,8435.56,154.89,0,0,1600000,8308269.91
1053,4,3,2009,15,27,34,42,49,53,1,112,4385,1629650.34,7898.82,201.75,0,0,1500000,8272730.82
1679,18,2,2015,1,2,27,28,46,47,1,35,3289,5548048.14,33297.02,506.18,0,19905830,15000000,8197340.29
2321,25,11,2020,14,25,28,41,43,46,1,40,2494,3036906.71,41215.16,944.32,0,28594089,3000000,81384706.11
2320,21,11,2020,6,30,35,39,42,48,1,92,6334,76128023.58,52821.09,1096.02,0,84285810,3000000,80950862.28
2630,9,9,2023,14,18,22,26,31,38,1,250,9565,84729015.05,24675.33,921.34,0,106994690,3000000,80725406.63
1660,10,12,2014,8,17,34,38,42,51,1,218,11526,33639041.43,15312.71,413.74,0,57018440,3000000,80513546.01
1052,28,2,2009,8,11,15,16,52,57,1,77,5743,14557865.34,20599.07,276.18,0,27092243.5,1500000,8039923.61
2198,16,10,2019,1,11,34,36,44,56,1,47,4402,34615569.28,56334.8,859.26,0,45923384.5,3000000,80008111.29
1559,21,12,2013,8,12,16,29,37,58,1,317,16431,51491466,11729.76,323.28,0,63511922,200000000,79825384.73
1658,3,12,2014,7,11,19,23,40,49,1,110,7011,3748248.31,18497.85,414.6,0,34755275,3000000,79061612.86
1657,29,11,2014,7,10,14,37,45,54,1,170,9969,8336476.39,15328.71,373.42,0,44510372.5,3000000,78526148.8
1366,25,2,2012,12,27,37,44,54,59,1,124,7974,22902720.55,19590.46,435.2,0,41492838,2000000,7839517.74
2438,15,12,2021,4,11,19,25,37,55,1,99,5073,6549381.39,19581.95,545.91,0,33624076.5,3000000,78233678.94
2193,28,9,2019,7,8,22,27,29,42,1,55,4664,5698505.42,31103.09,523.97,0,29670543,3000000,76648972.22
2191,24,9,2019,4,8,26,33,46,53,1,104,5272,43258437.8,20552.88,579.2,0,37073641.5,2300000,75834899.99
2314,31,10,2020,6,7,28,42,45,49,1,105,7551,53047796.53,41171.63,817.87,17663394.04,74980201.5,22000000,75328803.79
2189,18,9,2019,4,11,16,22,29,33,1,406,24366,120085143.97,19407.24,461.96,0,136664650.5,38000000,74552591.09
2507,4,8,2022,4,6,12,34,35,53,1,47,3385,5543989.92,38165.32,757.02,0,31111861.5,3000000,74236518.56
2622,19,8,2023,9,19,22,24,50,60,1,34,3419,4645727.41,74175.48,1053.76,0,43741990,3000000,74080751.27
2430,20,11,2021,19,26,39,45,46,56,1,37,4109,39690444.5,96493.78,1241.27,0,61924185,3000000,73711110.63
1013,15,10,2008,7,9,12,19,20,41,1,178,10125,15668367.92,8371.4,147.17,0,0,1600000,7364979.48
2505,30,7,2022,3,5,19,26,43,51,1,108,6977,24271229.51,32693.92,722.97,0,61242102,3000000,73444519.99
1349,24,12,2011,9,19,20,50,51,60,1,168,7012,7099412.95,9132.18,312.56,0,26205394,170000000,72672429.3
2503,23,7,2022,3,14,16,38,43,45,1,91,5194,13748083.57,32808.29,821.15,0,51782647.5,3000000,72034272.5
1049,18,2,2009,2,5,17,29,34,52,1,143,6295,1636050.81,6210.78,141.09,0,0,10000000,7093767.61
2308,14,10,2020,9,13,26,38,58,60,1,57,3408,6648106.25,30363.18,725.47,0,30017974.5,2500000,70844539.95
2451,5,2,2022,13,26,31,46,51,60,1,60,4536,26422347.01,55490.34,1048.57,0,57746794.5,3000000,7060755.29
1468,13,2,2013,1,2,10,19,20,37,1,179,6493,1542491.77,4677.95,184.23,0,14302608,2000000,7009404.35
2500,13,7,2022,5,16,25,32,39,55,1,84,4928,27485274,37436.76,911.6,0,54542722.5,3000000,70070260.52
2306,7,10,2020,3,19,28,33,57,58,1,258,15713,103029826.38,28428.45,666.83,0,127213159.5,3000000,69894810.44
2498,6,7,2022,9,12,26,29,46,47,1,88,7866,51830706.79,51135.5,817.24,0,78048481.5,3000000,68657164.42
1048,14,2,2009,3,16,21,28,38,57,1,70,4990,3901088.76,16913.47,237.26,0,0,1700000,6860046.04
1467,9,2,2013,23,24,26,41,52,53,1,75,3925,3097080.96,22416.97,611.92,0,28717388,1500000,6789048.38
1647,25,10,2014,12,17,23,38,53,54,1,259,20655,61050152.43,24371.32,436.57,0,107816610,3000000,65849559.29
2494,25,6,2022,1,4,10,22,53,54,1,157,11899,78763087.85,35919.96,677.05,27939712.46,97812585,35000000,65244165.17
1983,1,11,2017,5,6,10,14,22,36,1,73,4884,2598401.89,19322.76,412.58,0,24465738.5,2000000,64386242.81
1982,28,10,2017,4,14,20,24,46,50,1,45,4144,20777195.15,55730.37,864.54,0,43498161,2500000,64015042.52
2734,8,6,2024,21,27,35,48,59,60,1,137,7811,114104458.33,49467.16,1239.46,30961230.65,117543010,35000000,63645907.77
1675,4,2,2015,3,18,34,35,36,56,1,139,10903,29353109.38,23283.01,424.04,0,55279070,3000000,6353879.57
1466,6,2,2013,4,6,13,34,37,51,1,213,15287,29873254.83,14617.47,290.95,0,53181258,3000000,6346608.23
2419,16,10,2021,10,35,43,48,50,53,1,31,3078,11509541.3,83364.16,1199.42,14397821.39,44822938.5,16900000,63155523.93
1046,7,2,2009,28,40,42,54,55,57,1,49,4875,23031543.81,41992.34,422.08,0,35145764.5,1500000,6302747.62
1979,19,10,2017,22,23,29,32,38,45,1,32,2677,3951513.94,39401.2,672.84,0,21868843.5,11500000,62346706.73
2100,24,11,2018,1,10,11,13,35,49,1,266,15540,69186484.11,17704.75,432.93,0,81684155,3000000,62112617.6
1881,30,11,2016,3,10,30,44,53,56,1,44,4024,18918141.78,50878.02,794.74,0,38828384,3000000,61840312.04
1346,17,12,2011,12,32,40,47,48,59,1,57,5205,24409476.19,45369.34,709.77,0,44171706,2000000,61796393.4
1977,14,10,2017,3,16,28,32,34,37,1,91,4723,5889546.54,18238.97,502.02,0,28787773,2500000,61782204.72
2416,6,10,2021,6,7,11,26,37,57,1,86,5658,35714240.27,39895.6,866.28,0,59509003.5,3000000,61511303.72
2176,6,8,2019,8,23,25,39,43,44,1,61,4688,30505746.02,32544.44,604.95,0,34432856.5,2000000,61504538.48
1975,7,10,2017,8,11,24,26,47,57,1,76,5845,22575348.57,33102.68,614.88,0,43635819.5,3000000,60940840.9
1753,21,10,2015,8,15,29,35,45,54,1,149,8929,47335685.52,30199.58,719.92,0,76858873,3000000,60857717.48
1879,23,11,2016,5,10,20,57,58,59,1,103,4610,12957556.93,20469.69,653.35,0,36569155,15000000,60685311.25
1974,4,10,2017,4,19,27,38,54,57,1,141,8994,54268048.74,27566.76,617.38,0,67417294,22000000,60278787.38
2121,2,2,2019,8,10,17,29,37,40,1,82,5493,24666686.76,31988.03,682.17,0,45495432.5,3000000,5970146.17
2171,20,7,2019,12,13,19,36,44,55,1,118,7127,21978571.91,23023.47,544.56,0,47121518.5,3000000,58843986.23
1875,10,11,2016,1,45,47,52,53,55,1,45,2828,29697112.87,51595.3,1172.85,0,40270688.5,2500000,58834231.63
2487,2,6,2022,23,36,42,48,54,58,1,141,4588,3681934.22,14175.63,622.35,0,34667365.5,4000000,57627135.47
2168,11,7,2019,1,4,25,27,29,37,1,66,4054,8177021.67,25059.82,582.82,0,28687214.5,2500000,57159465.26
2486,31,5,2022,8,9,17,19,33,56,1,231,15582,117557270.98,27876.31,590.37,0,111688024.5,3000000,57101144.85
1871,29,10,2016,3,11,17,33,52,58,1,275,15560,76548193.31,20893.81,527.52,0,99659087.5,2500000,57061491.27
2408,11,9,2021,4,29,30,38,43,57,1,65,4828,46317095.04,59322.24,1140.94,0,66879058.5,3000000,56871441.55
1237,4,12,2010,5,18,21,26,39,59,1,132,9303,30150521.09,20161.75,408.67,0,45457850,2000000,56856971.38
2341,3,2,2021,4,9,31,32,42,46,1,59,3548,25099868.34,47999.27,1140.26,0,49118593.5,2500000,5677642.74
2607,1,7,2023,7,11,25,51,57,60,1,111,6591,44355154.71,35610.73,856.75,0,68558795,3000000,56643191.24
1338,19,11,2011,1,18,19,33,43,60,1,102,6329,5448452.03,17484.4,402.54,0,30461948,2300000,56613446.19
2165,3,7,2019,5,37,43,49,54,56,1,113,8189,35218398.02,26216.82,516.8,0,51383654,3000000,55991319.28
2091,25,10,2018,10,11,12,37,38,59,1,75,3855,20024894.84,25054.96,696.35,0,32592784,2500000,55896031.13
1336,12,11,2011,1,32,38,47,51,54,1,38,3539,3086420.09,44091.72,676.33,0,28618536,2000000,55835095.87
1551,27,11,2013,2,15,19,21,23,38,1,131,7631,2820316.51,11687.25,286.61,0,26151116,3000000,55716523.25
1335,9,11,2011,3,14,20,22,49,51,1,94,7457,21885288.49,26184.33,471.52,0,42041302,2500000,55394178.71
1550,23,11,2013,9,13,21,27,36,56,1,229,14109,23634735.21,11349.56,263.16,0,44393694,2500000,55313620.88
2449,29,1,2022,14,20,21,31,49,52,1,65,3771,36777767.1,50669.64,1247.68,15646007.23,57124246.5,20000000,5521278.16
2088,17,10,2018,3,14,24,27,38,56,1,56,3262,2526635,24492.89,600.68,0,23790004,3000000,54633537.21
1549,20,11,2013,10,12,16,20,32,53,1,66,6564,5772796.8,26319.82,378.05,0,29671098,23000000,54629660.61
1965,6,9,2017,26,28,35,38,48,55,1,98,6377,78022245.31,47025.82,1032.4,0,79933521.5,2500000,54412749.61
2087,13,10,2018,2,18,19,23,34,53,1,52,4898,27364769.44,41598.96,630.91,0,37519090,2500000,54272589.33
1231,13,11,2010,5,20,23,27,39,49,1,161,9961,22383261.66,14975.94,345.79,0,41183828,2000000,53955806.69
1332,29,10,2011,3,5,13,24,35,59,1,150,10790,2963357.08,10724.53,212.98,0,27477446,2000000,53943364.94
1547,13,11,2013,2,9,10,18,21,28,1,227,11559,6867422.89,8776.15,246.21,0,34028022,2500000,53804975.33
2161,19,6,2019,8,9,10,24,42,44,1,255,15769,124209628.25,22718.64,524.83,0,100482175.5,2500000,53767116.8
1331,26,10,2011,9,24,26,39,46,57,1,157,11461,29215205.37,18125.57,354.7,0,48606926,2000000,53520028.21
2602,17,6,2023,11,14,16,30,32,46,1,111,6285,51774681.61,44054.71,1111.5,0,84815375,3000000,53127574.22
1634,10,9,2014,9,10,23,33,44,51,1,110,6257,7065301.82,18096.85,454.49,0,34001840,22000000,52863656.12
1545,6,11,2013,4,6,11,24,45,48,1,680,45410,80499108.16,13845.79,296.19,0,160817482,2800000,52823914.9
2402,21,8,2021,6,22,25,29,30,60,1,128,6285,40953827.42,30626.84,891.06,0,67994118,3000000,52479110.7
2723,11,5,2024,6,12,19,28,50,60,1,100,6090,46726380.41,38633.4,906.24,0,67007320,2500000,52327958.92
1006,20,9,2008,2,4,17,33,48,55,1,136,5935,1675260.09,6686.96,153.23,0,0,1500000,5220890.05
1227,30,10,2010,4,28,30,31,35,54,1,463,5301,5445377.96,3588.23,447.71,0,28377038,1600000,52074644.47
1741,12,9,2015,15,18,20,32,48,49,1,82,6448,31114779.74,41724.99,758.03,0,58440900,3000000,52008469.85
1632,3,9,2014,6,18,24,27,56,59,1,244,16339,46770615.69,19385.55,413.56,0,80793170,3000000,51854327.26
2082,26,9,2018,6,25,33,42,48,49,1,32,2640,2420701.1,41065.46,711.09,0,22792563.5,3000000,51694308.31
1328,15,10,2011,10,23,27,43,53,59,1,213,14179,45390782.32,16945.58,363.65,0,61651408,2000000,51689595.42
2081,22,9,2018,13,18,35,40,41,42,1,128,4287,21763750.54,15918.03,678.96,0,35339930.5,2500000,51348493.85
1225,23,10,2010,31,32,34,40,50,55,1,36,3825,24970852.82,64045.66,861.11,0,39382110,2000000,51296733.3
1446,28,11,2012,6,13,24,32,40,51,1,87,5521,2639040.77,16466.92,370.69,0,24470254,2500000,51213926.34
1445,24,11,2012,5,19,32,41,49,58,1,133,10497,33883410.57,25183.96,455.83,0,57211388,2500000,50836920.5
1738,2,9,2015,12,28,37,46,48,53,1,96,6889,38615395.78,40710.07,810.43,0,66754387,3000000,50039006.13
2282,22,7,2020,12,27,30,36,45,52,1,44,3467,28456665.08,59779.92,1083.81,0,45621256.5,2500000,49944468.31
1005,17,9,2008,4,6,12,37,41,42,1,67,5871,12989451.54,19748.63,225.37,0,0,1500000,4981567.17
2077,12,9,2018,13,16,26,35,37,39,1,117,6080,27758694.68,20198.69,555.27,0,40989767,2500000,49714439.67
2398,10,8,2021,8,17,30,36,54,59,1,78,5421,60902054.13,43757.99,899.44,0,59198575.5,2500000,49518449.03
2598,3,6,2023,7,14,24,53,58,60,1,81,7347,66093916.13,72766.96,1146.07,0,102230040,3000000,49240616.84
1860,24,9,2016,10,30,36,40,44,60,1,109,11392,57628178.83,33491.77,457.79,0,63318563,2500000,49137999.58
1220,6,10,2010,5,15,43,48,52,55,1,377,30478,119142144.27,28258.54,499.35,0,181969176,3000000,48783616.75
2279,14,7,2020,5,12,14,20,27,28,1,120,6212,43234926.1,19147.29,528.39,15768710.74,39851784,20000000,48131903.37
1957,10,8,2017,2,14,22,23,29,47,1,98,8329,51557331.87,34841.2,585.63,0,59222338,2500000,48022299.37
1440,7,11,2012,2,6,28,36,51,56,1,148,11068,24405605.1,19463.78,371.81,0,49203458,2000000,47817072.71
1627,16,8,2014,20,26,32,41,45,57,1,130,9306,44340626.24,35837.6,715.18,0,79577270,3000000,47736531.37
2717,25,4,2024,6,22,34,36,44,50,1,31,1883,5581371.93,52426.96,1233.01,0,28188735,3000000,47727297.17
2479,7,5,2022,10,15,17,20,21,35,1,90,5989,4456908.1,26882.94,577.12,20612617.77,41964156,27000000,47057376.54
1321,21,9,2011,10,47,51,53,59,60,1,128,11775,31071213.53,24303.54,377.41,0,53135684,2000000,46999207.8
2715,20,4,2024,7,19,25,46,50,53,1,145,8367,102128925.42,40570.78,1004.41,0,102032995,3500000,46929958.29
1135,16,12,2009,4,5,6,19,23,39,1,127,9233,16270571.71,13646.69,268.15,0,29603144,2000000,46652240.14
2478,4,5,2022,2,17,23,28,39,46,1,196,10963,58922844.33,27088.07,691.84,0,92085948,3000000,46420675.36
1733,15,8,2015,3,5,9,14,41,46,1,63,4818,3330428.53,28697.57,536.06,0,30881081,3000000,46144725.52
1133,9,12,2009,5,10,16,21,39,58,1,111,8648,23878446.59,19679.6,360.84,0,37311790,2500000,45864115.44
1538,11,10,2013,23,27,35,52,53,57,1,132,5238,2163459.28,8897.35,320.31,0,20060470,2500000,45665958.83
1537,9,10,2013,6,10,33,50,51,56,1,209,11870,23232379.04,13956.16,351.04,0,49821730,2500000,45356893.2
1953,29,7,2017,9,26,29,42,43,45,1,237,16988,107956102.12,37495.41,747.28,0,154132051.5,3000000,45226024.24
2153,22,5,2019,8,13,28,31,32,33,1,127,6356,11825289.36,18610.89,531.23,0,40995608.5,3000000,44949306.75
1853,3,9,2016,1,2,34,39,41,45,1,28,2780,9543014.95,74219.7,1067.9,0,36044890,3000000,44635980.02
1316,3,9,2011,8,13,25,34,42,48,1,241,9757,2824002.29,6361.12,224.45,0,26185292,2000000,44325136.83
1672,24,1,2015,1,3,5,10,20,42,1,566,28440,33471002.88,6389.44,181.65,0,61771235,3000000,4431734.33
2273,24,6,2020,15,16,20,38,40,58,1,48,3830,43269740.25,67956.15,1216.67,0,56575611,2500000,44155837.42
1315,31,8,2011,1,27,29,38,50,52,1,108,9003,63981675.84,43290.92,741.88,0,79859638,2500000,43921707.92
1003,10,9,2008,5,10,16,23,26,27,1,86,5694,1609524.9,10159.79,153.45,0,0,1500000,4385238.47
2391,17,7,2021,5,8,13,27,36,50,1,192,13379,76237205.1,32288.63,661.95,0,107525155.5,2500000,43692584.88
1128,21,11,2009,8,16,24,39,52,60,1,43,3389,1903809.92,24034.81,435.65,0,17652896,2000000,43496873.07
1534,28,9,2013,1,12,28,29,34,48,1,89,6196,5734618.57,19892.61,408.19,0,30240480,12300000,43438653.59
1041,21,1,2009,10,12,36,44,54,57,1,82,8071,29372147.91,27849.85,282.95,0,0,1500000,4336425.82
1621,30,7,2014,10,22,24,38,39,49,1,81,6823,29279523.38,42139.35,714.66,0,58301500,3000000,43314221.4
2066,8,8,2018,6,25,27,35,45,55,1,104,7345,35155103.28,27320.77,552.63,0,49282499,3000000,43281183.82
1850,24,8,2016,23,24,32,38,40,41,1,81,5935,58632725.66,48339.16,942.46,0,67912631.5,2500000,43272692.12
2150,11,5,2019,23,24,26,38,42,49,1,838,56994,289420865,30450.2,639.59,0,442589014,3000000,43259979.66
2118,23,1,2019,11,12,20,40,41,46,1,58,4135,37902607.11,53100.77,1064.03,0,53418935.5,2500000,4316426.59
1727,29,7,2015,4,6,19,20,40,41,1,122,8814,46391009.23,37224.08,736.05,0,77569436,3000000,43151108.29
1433,13,10,2012,4,13,14,40,46,52,1,124,9358,33905517.49,26342.96,498.66,0,55794726,2000000,42942062.39
1125,11,11,2009,3,7,29,33,42,56,1,263,11744,19093732.19,7314.59,234,0,32858866,2500000,42597525.04
2591,11,5,2023,10,11,21,23,28,30,1,116,7633,43295767.4,31279.23,679.07,0,62932260,3000000,42171861.2
1002,6,9,2008,3,7,25,31,40,58,1,174,10015,24880988.57,12267.86,213.14,0,0,1500000,4155306.33
1618,19,7,2014,9,20,24,43,51,52,1,32,3161,3400793.67,57692.04,834.34,0,31533535,3000000,41215744.32
1529,11,9,2013,11,15,17,34,35,49,1,75,6622,8144582.4,23758.3,384.4,0,30435704,15000000,41210312.13
1121,28,10,2009,4,17,18,54,56,59,1,94,6105,22023474.44,21458.13,471.99,0,34452964,2000000,41128829.98
2062,25,7,2018,8,10,15,23,25,34,1,192,13804,73450153.75,27128.74,539.04,0,90343582,3000000,40957415.53
2267,3,6,2020,20,32,33,48,49,53,1,33,4064,45553191.42,105176.88,1220.06,0,60199582.5,2500000,40104978.82
1526,31,8,2013,10,16,28,47,51,59,1,149,10735,31746274.15,20637.37,409.2,0,52522740,2500000,40046800.31
1428,26,9,2012,7,15,19,34,37,55,1,204,9777,8826040.59,8674.99,258.58,0,30227772,2000000,39515450.1
2587,29,4,2023,5,10,11,22,23,37,1,328,27180,61056497.58,17723.23,305.54,0,100826811,3000000,39217190.63
1116,10,10,2009,4,9,13,17,20,47,1,259,14186,14545870.49,7153.85,186.58,0,31648022,2000000,39132995.07
1462,23,1,2013,5,9,25,27,38,40,1,392,12264,22470803.48,7251.21,331.1,0,48551594,2000000,3912974.58
1843,3,8,2016,8,26,28,33,41,54,1,51,3046,2685394.05,28584.03,683.7,0,25284829.5,2500000,38663269.52
1307,6,8,2011,7,10,32,43,47,54,1,153,11019,32075789.45,18962.37,376.13,0,49555382,2000000,38618123.69
1721,9,7,2015,4,12,19,33,36,38,1,188,9668,36404331.56,15172.92,421.49,0,48722999.5,3000000,38392973.91
1614,5,7,2014,14,17,21,27,43,49,1,149,7458,6912438.29,13843.25,395.09,0,35231515,20000000,38345074.33
1842,30,7,2016,16,18,22,24,34,43,1,100,6722,27801637.78,29087.4,618.17,0,50451173.5,2500000,38279641.78
1114,3,10,2009,3,15,16,22,25,54,1,65,5054,2310563.74,19297.02,354.54,0,21424482,11000000,38258210.54
1425,15,9,2012,7,16,29,36,38,50,1,82,6460,17534538.97,27866.19,505.31,0,39029976,2000000,38254587.13
2705,26,3,2024,2,16,22,27,35,47,1,182,10213,118265926.76,32797.02,834.93,0,103529715,4000000,37980045.39
2337,23,1,2021,2,9,34,49,51,55,1,84,4321,21898260.37,35529.81,986.71,0,51764431.5,2000000,3757357.17
1111,23,9,2009,4,9,25,32,33,43,1,52,5266,2100928.15,21932.77,309.39,0,19480656,2000000,37264941.78
1521,14,8,2013,11,14,18,30,33,39,1,134,9266,25313774,19657.33,406.1,0,44992102,2500000,37199808.87
1422,5,9,2012,2,5,13,17,39,44,1,250,12007,2662243.82,5780.87,171.94,0,24685402,2000000,36980998.47
2383,23,6,2021,13,15,16,20,40,41,1,47,2151,2783717,32152.36,1003.62,0,26210173.5,2500000,36806636.97
2262,16,5,2020,7,8,14,23,30,46,1,198,12850,101195308.3,34405.61,757.34,0,118155415.5,2000000,36793668.86
2468,2,4,2022,22,35,41,42,53,57,1,267,20734,122627171.8,34158.18,628.38,0,158184963,3000000,36771176.89
1421,1,9,2012,19,31,39,44,53,59,1,142,8046,27700609.77,20561.45,518.39,0,49871110,2500000,36600677.91
2382,19,6,2021,6,9,19,38,53,55,1,52,4044,7098061.76,41816.28,768.13,0,37714473,2500000,36408963.09
1838,16,7,2016,5,8,24,30,57,59,1,115,5293,25207139.21,20709.91,642.8,0,41308785,2500000,35883190.85
1716,24,6,2015,2,25,36,41,42,53,1,62,5896,40781877.95,60946.26,915.55,0,64542467.5,3000000,35401734.37
2380,12,6,2021,11,16,20,24,39,53,1,59,5566,43258691.06,65129.22,986.24,0,66648006,3000000,35394954.23
1301,16,7,2011,3,16,23,25,51,56,1,74,5155,2751015.4,20181.19,413.85,0,25508528,2000000,35388675.59
1516,31,7,2013,4,18,20,34,45,60,1,56,3946,2581185.45,25021.69,507.28,0,23933796,2500000,34820586.59
1105,2,9,2009,1,15,28,43,50,57,1,135,7144,21878202.24,15350.38,414.39,0,35396452,2000000,34770242.31
1515,27,7,2013,4,13,14,18,49,59,1,111,8567,15200594.63,17732.26,328.21,0,33619702,2500000,34451845.8
1298,6,7,2011,14,15,30,53,55,60,1,38,4046,9047534.6,48940.41,656.63,0,31765670,2000000,34059116.7
1514,24,7,2013,16,17,23,42,59,60,1,66,6219,14061405.08,31999.66,485.14,0,36074146,14000000,33933877.16
1834,6,7,2016,2,17,22,24,48,51,1,100,5132,9144980.42,19132.74,532.58,0,33185138,15000000,33743838.73
1941,21,6,2017,1,9,24,38,48,49,1,63,4313,26572503.56,38426.22,801.84,0,41988908.5,3000000,33566388.45
1606,7,6,2014,1,15,37,42,46,54,1,101,9327,31599293.88,36444.91,563.79,0,62873125,3000000,33318719.17
2581,8,4,2023,14,17,32,36,39,60,1,239,6605,46558149.5,18062.58,933.69,0,74875027.5,3000000,33189173.97
1101,19,8,2009,6,7,10,12,24,57,1,284,17901,22310116.55,7904.4,179.14,0,38343704,2000000,33073498.88
1295,25,6,2011,2,5,15,20,43,57,1,314,20014,73451540.26,13945.66,312.56,0,74795498,2500000,32766611.7
1831,25,6,2016,15,27,28,32,48,55,1,71,3168,2615804.34,20000.12,640.33,0,24629594.5,2500000,32437412.92
1830,22,6,2016,3,7,29,37,54,60,1,100,6640,27488182.36,24520.21,527.54,0,42529525.5,2500000,32063726.57
1510,10,7,2013,1,8,17,44,46,53,1,95,9101,22933056.04,24874.7,370.93,0,40363448,2700000,31925104.94
1412,4,8,2012,6,8,24,37,41,45,1,103,6893,3288513.09,17331.97,369.98,0,30492424,2000000,31860628.06
1098,8,8,2009,11,20,21,30,50,52,1,49,3434,2656519.77,29430.83,599.92,0,24632326.25,2500000,31617067.26
1937,7,6,2017,6,10,24,29,43,55,1,71,4055,6310224.41,24966.25,624.48,0,30745253,3000000,31517855.04
1097,5,8,2009,1,17,21,33,48,56,1,242,13115,34907671.59,12266.88,323.35,0,50705642.75,2000000,31237564.43
1602,24,5,2014,8,12,22,35,40,44,1,69,6039,7222388.9,31977.36,521.94,0,37687595,3000000,30557785.55
1896,21,1,2017,3,6,14,15,21,25,1,133,7692,28783383.17,19529.58,482.4,0,45051695.5,2500000,3025148.59
2045,30,5,2018,15,25,27,45,46,50,1,70,3921,29066470.84,34314.21,875.13,0,41661851,3000000,30052238.63
1825,7,6,2016,10,11,21,50,51,54,1,41,3176,27333858.49,43198.01,796.65,0,30719489.5,2200000,29583323.4
1600,17,5,2014,9,23,32,35,46,57,1,110,8443,17751928.34,26147.87,486.66,0,49128762.5,2500000,29526015.66
1200,28,7,2010,3,10,11,39,54,56,1,91,6489,21815376.29,21564.27,432.01,0,33518376,2000000,29333748.06
1094,25,7,2009,9,10,21,36,41,48,1,211,18534,55863193.02,25579.45,416.01,0,92189270.25,25000000,29198514.62
2696,5,3,2024,4,13,18,39,55,59,1,287,16669,206475189.75,39392.16,968.91,0,196087985,3500000,29159619.41
1599,14,5,2014,3,10,15,35,36,58,1,135,8922,11882469.39,19591.99,423.49,0,45177182.5,18000000,28769103.61
2041,16,5,2018,10,12,22,25,42,54,1,120,9310,58932070.38,34570.08,636.55,0,71952860,3000000,28038538.79
1195,10,7,2010,17,20,26,27,55,57,1,63,4448,20642817.77,30696.54,621.1,0,33032140,2000000,27417227.11
1405,11,7,2012,3,14,17,32,37,39,1,315,15516,27622910.73,9536.48,276.58,0,51310412,2500000,27111245.95
1596,3,5,2014,1,5,7,10,12,45,1,380,16970,2826993.1,4038.56,129.19,0,26213024,3000000,27071607.95
2248,1,4,2020,9,15,20,29,30,42,1,29,1618,4906932.9,38798.69,993.43,0,19515258,1800000,26718035.87
1566,18,1,2014,5,6,11,32,36,60,1,133,8797,14791263.61,19327.16,417.43,0,43906268,2500000,2648559.87
1501,8,6,2013,1,7,13,29,37,54,1,238,11210,3144718.24,7172.83,217.55,0,29159100,3000000,26384689.6
1706,20,5,2015,12,31,34,36,48,56,1,136,10756,29938493.6,25199.07,455.17,0,58536962.5,3000000,26241857.93
2245,21,3,2020,11,14,15,18,33,34,1,51,3048,15186785.88,30810.39,736.46,0,27253773,1000000,26017045.41
1500,5,6,2013,10,18,31,43,57,59,1,81,7055,22610179.37,30598.43,501.86,0,42334170,3000000,25935444.12
2244,18,3,2020,3,5,11,34,37,42,1,77,4706,12147334.8,26469.15,618.7,12292230.79,35350038,16000000,25603537.52
1927,6,5,2017,5,11,13,19,30,31,1,140,7385,3343108.9,12963.07,351.06,0,31477666.5,2500000,25480536.22
1593,23,4,2014,4,9,17,18,21,38,1,136,8689,5259292.04,11281.23,252.24,0,26206082,3000000,25477102.98
1499,1,6,2013,8,22,26,33,37,54,1,295,18276,43036617.07,13922.29,321.03,0,70151904,22000000,25283214.32
1926,3,5,2017,2,3,14,20,30,46,1,95,6741,41318205.91,31887.41,641.97,0,52542315,3000000,25002949.22
1401,27,6,2012,11,12,25,33,48,54,1,233,11965,25157779.26,10387.41,288.96,0,41339942,2000000,24851466.86
1591,16,4,2014,4,10,23,33,38,55,1,278,16180,37626306.9,13578.58,333.29,0,64477166,2000000,24725775.52
1186,9,6,2010,7,8,12,13,15,41,1,196,12126,21726964.78,10820.67,249.85,0,36225720,1500000,24079194.19
2368,4,5,2021,4,7,13,25,36,58,1,152,7476,37429107.24,17748.32,515.5,0,46790743.5,2000000,23970648.83
1702,7,5,2015,17,19,33,35,39,52,1,139,5963,2757367.25,10768.76,358.6,0,25567425,3000000,23513801.04
1924,26,4,2017,12,16,30,52,53,58,1,188,11382,101484527.44,41109.03,970.01,0,134048376,35000000,23500441.23
1701,5,5,2015,3,9,18,32,40,56,1,59,3328,2018423.55,18571.45,470.34,0,18715640,2000000,23119891.41
2034,25,4,2018,6,7,13,17,22,56,1,89,5597,2777651.27,16942.34,384.86,0,26153494.5,15000000,23011527.07
1700,2,5,2015,15,18,41,48,50,58,1,65,5380,31494038.01,45507.4,785.44,0,50524517.5,2500000,22831545.17
2033,20,4,2018,10,18,33,38,40,43,1,27,3644,9349630.55,81258.67,860.11,0,38053967,3000000,22614719.73
2570,4,3,2023,8,18,26,27,47,50,1,75,5940,33139056.49,61594.54,1111.01,0,80124021,3000000,22168768.88
1281,7,5,2011,8,11,14,30,36,38,1,198,12813,34943738.22,15752.77,347.75,0,53275668,2000000,21815104.79
1036,3,1,2009,10,27,36,39,41,52,1,177,11703,44550370.27,23079.89,349.07,0,0,2000000,2141906.21
2030,11,4,2018,4,27,38,40,58,59,1,63,4017,22122662.6,39656.35,888.49,0,43333094,3000000,21279058.18
1810,20,4,2016,1,10,25,43,50,56,1,266,14324,92303225.84,22369.76,593.44,0,103207069,2500000,21269659.63
2363,17,4,2021,6,14,24,34,39,58,1,77,5169,40076100.78,49919.36,1062.31,0,66668242.5,2500000,20807339.84
1696,18,4,2015,1,12,17,31,37,46,1,135,9824,32909935.88,27832.74,546.39,0,64179532.5,3000000,20438754.61
1492,8,5,2013,4,9,18,44,46,48,1,232,12719,26460707.33,12349.72,321.8,0,48938634,2400000,20394061.14
2567,23,2,2023,10,11,19,33,58,60,1,103,5786,8548140.96,23886.63,607.45,0,42672816,3000000,19669856.85
1177,8,5,2010,33,38,47,50,52,55,1,78,6269,32015488.03,34840.8,619.27,0,46418328,2000000,19537432.09
1393,30,5,2012,4,18,24,28,39,44,1,86,5717,8139697.37,17831.94,383.2,0,26194122,2000000,19469904.65
1459,12,1,2013,2,6,30,34,35,52,1,147,11563,13246202.09,17821.85,323.66,0,44748336,13000000,1892314.64
1694,11,4,2015,20,29,34,37,45,57,1,348,10854,46904093.93,14457.94,662.21,0,85939430,25000000,18702105.32
1489,27,4,2013,1,15,24,26,28,48,1,86,5462,2867241.35,18098.87,407.09,0,26586222,17000000,18510340.29
1079,3,6,2009,5,12,24,28,36,37,1,150,8339,4033499.58,7545.01,193.88,0,19331149.25,12000000,18493374.9
1488,24,4,2013,4,22,25,38,45,51,1,144,7105,6092267.98,11881.33,344,0,29223638,2800000,18100734.36
1389,16,5,2012,1,16,28,39,44,57,1,146,7397,13488668.85,14870.28,419.29,0,37083342,13000000,17783393.69
1486,17,4,2013,1,6,10,34,40,54,1,174,12128,37137524.71,20176.24,413.52,0,59964778,2500000,17230410.34
1582,15,3,2014,1,4,13,17,38,48,1,125,10807,7343875.35,18368.65,303.51,0,39218778,3000000,16986564.23
2334,13,1,2021,4,13,20,22,25,60,1,66,4609,11854874.71,34602.68,707.86,7451635.52,39610737,13000000,1693553.58
2356,27,3,2021,3,10,25,36,51,58,1,100,5821,27070907.55,27164.44,666.66,0,47115076.5,2500000,16612742.04
1170,14,4,2010,11,13,27,34,46,49,1,228,10746,19095125.12,7995.63,242.34,0,31138258,2000000,16215397.51
1249,15,1,2011,3,8,36,40,51,53,1,103,5887,11177972.67,17808.9,445.12,0,31331494,9000000,1596853.29
1354,14,1,2012,2,8,38,42,48,49,1,71,4842,2815977.4,21530.61,451.01,0,26110882,9500000,1589591.26
1385,2,5,2012,27,35,36,37,42,59,1,52,4170,13402970.05,28177.29,501.95,0,25027030,2000000,15856440.95
1169,10,4,2010,1,11,14,23,42,48,1,179,12185,46206248.49,20559.27,431.45,0,62859000,19000000,15735659.74
2135,20,3,2019,9,23,28,40,48,59,1,50,4546,32689083.52,58359.12,916.96,0,50611032.5,3000000,15576778.59
1145,16,1,2010,3,16,19,24,33,60,1,129,8734,14836725.73,13095.79,276.31,0,28855462,2000000,1473054.66
1069,29,4,2009,9,17,28,45,49,53,1,275,16287,36400425.15,11807.55,284.8,0,0,17000000,14495810.71
1031,17,12,2008,24,33,40,43,46,49,1,59,5508,19067463.74,31380.11,336.14,0,0,1600000,14451257.75
1564,11,1,2014,25,38,44,46,53,54,1,71,5602,3219906.28,24619,445.74,0,29856274,9000000,1441790.38
1381,18,4,2012,11,27,30,40,44,57,1,109,7087,22817234.34,23177.49,509.25,0,43151892,2000000,14319426.39
1577,26,2,2014,11,14,25,32,51,59,1,86,6004,7599721.82,26213.16,536.38,0,38505670,2500000,14232853.7
1480,27,3,2013,9,14,21,26,36,52,1,151,11395,31618202.79,19792.67,374.68,0,51049112,2500000,13605857.42
1029,10,12,2008,5,16,17,20,24,32,1,262,17979,32271347.11,11277.48,164.34,0,0,15000000,13545257.02
2548,14,12,2022,9,15,23,25,29,30,1,186,12011,134811174.29,36544.82,808.46,0,117895720.5,3000000,135436363.19
2131,6,3,2019,2,3,6,18,20,28,1,414,16733,78938208.62,9335.09,329.94,0,67032441,3000000,13239249.64
1575,19,2,2014,1,4,5,14,45,56,1,709,42590,111503902.49,16432.41,390.78,0,199000534,3000000,13147179.13
1914,22,3,2017,16,29,33,39,42,44,1,27,2403,5805678.69,60549.38,971.9,0,28355670,16000000,12969142.27
1687,18,3,2015,15,24,37,46,49,58,1,75,4522,3174732.56,22979.02,544.45,0,29437405,3000000,12953930.24
1800,16,3,2016,6,11,16,19,31,56,1,96,5710,22054205.88,24829.38,596.35,0,41343148,3000000,12810612.92
1377,4,4,2012,2,5,12,13,25,35,1,175,12352,5600981.17,9128.17,184.75,0,27285304,2000000,12329677.36
2795,9,11,2024,13,16,33,43,46,55,1,242,19146,201963763.26,49426.51,892.48,0,207460095,3500000,122937168.19
2537,9,11,2022,12,24,26,31,37,48,1,94,9282,64250536.1,55876.02,808.37,0,91098787.5,3000000,122375194.31
1912,15,3,2017,10,13,33,35,36,42,1,43,4556,5848882.96,38057.25,513.12,0,28383915,3000000,12139759.59
2534,29,10,2022,28,36,39,44,56,60,1,176,12797,131566946.59,53823.63,1057.49,38792396.04,164302780.5,43000000,118738317.11
1353,11,1,2012,3,11,13,27,32,47,1,161,10308,8311160.99,10586.03,236.2,0,29111596,2000000,1187308.75
1910,8,3,2017,6,9,15,22,39,48,1,219,10816,59741202.88,19333.81,559.23,0,73439205,3000000,11304204.85
2684,3,2,2024,17,26,45,46,48,53,1,109,8288,94839718.02,57025.61,1071.39,27330868.55,107809170,32000000,11285151.38
2349,3,3,2021,5,10,25,32,49,54,1,59,3150,2780964.58,25587.57,684.65,17118616.07,26184258,22000000,11236357.23
1796,5,3,2016,22,23,34,48,53,54,1,48,4783,23818040.93,58387.61,837.07,0,48610310,3000000,11141866.3
2015,17,2,2018,17,18,27,32,39,58,1,130,12558,104545829.37,51593.19,762.98,0,116332797,3000000,10929709.2
2348,27,2,2021,2,3,7,48,51,54,1,107,6601,49341885.2,38652.61,895.06,0,71733469.5,2500000,10839076.56
1475,9,3,2013,12,13,37,44,48,51,1,111,9065,16179244.6,20277.36,354.7,0,38445112,3000000,10757381.79
2666,9,12,2023,5,25,29,30,43,47,1,70,4455,30781665.32,43157.02,968.73,0,52397280,3000000,107569999.65
1373,21,3,2012,7,27,39,52,55,57,1,73,6082,8520148.41,23495.92,402.87,0,29296932,2000000,10644892.18
1160,10,3,2010,1,3,5,18,40,48,1,118,10504,29887804.73,20792.97,333.69,0,41908820,2000000,10551253.23
2783,5,10,2024,7,30,38,39,43,54,1,76,4607,52087219.71,55341.23,1304.2,0,72949385,3500000,105390326.52
2662,30,11,2023,17,20,31,34,40,42,1,40,3003,35852142.15,69230.66,1317.36,0,48030570,3000000,105144130.92
1683,4,3,2015,4,12,32,33,34,48,1,80,6925,7199799.02,26507.29,437.45,0,36221137.5,3000000,10328847.34
2658,21,11,2023,5,13,39,51,58,60,1,78,4750,50248574.29,41036.33,962.65,0,55516530,3500000,102608232.75
1060,28,3,2009,1,3,16,18,41,42,1,60,5220,8287163.48,20333.07,233.71,0,0,1500000,10220528.85
1474,6,3,2013,1,2,3,11,28,43,1,158,11838,14742572.93,15031.99,286.61,0,40567716,16000000,10165069.53
2436,9,12,2021,5,15,28,32,38,54,1,65,4285,39405657.46,41464.82,898.55,0,46746850.5,3000000,77298053
1224,20,10,2010,19,21,27,41,53,57,1,124,6867,13344577.42,17833.09,460.02,0,37770716,23000000,50689985
1732,12,8,2015,25,34,38,45,53,60,1,73,3177,7041557.17,28364.3,931.06,0,35367286.5,3000000,45668950
2472,16,4,2022,5,13,18,23,35,36,1,233,14583,66733761.74,21613.45,493.32,0,87345229.5,3000000,41181657
171,12,6,1999,4,27,40,43,46,54,1,134,10378,16052410.83,14983.3,193.46,0,0,0,0
239,30,9,2000,6,21,33,44,46,47,1,30,3826,866183.32,24060.65,188.1,0,0,0,0
257,3,2,2001,1,4,5,19,28,34,1,175,11706,6808483.96,7704.83,114.84,0,0,0,0
205,5,2,2000,26,32,40,43,46,54,1,71,6014,4490339.49,15208.03,178.86,0,0,0,0
229,22,7,2000,11,13,21,33,39,45,1,121,7685,2992781.57,7508.79,117.88,0,0,0,0
199,24,12,1999,10,16,37,50,52,57,1,34,3143,4915593.2,28316.55,305.16,0,0,0,0
201,8,1,2000,5,20,22,30,35,55,1,77,4502,1038373.94,11237.81,191.48,0,0,0,0
195,27,11,1999,3,9,17,32,37,44,1,339,13819,6370250.64,4005.56,97.89,0,0,0,0
218,6,5,2000,12,17,40,42,47,54,1,95,4679,1878255.09,8777.61,177.55,0,0,0,0
220,20,5,2000,13,14,36,53,55,60,1,125,8067,12636751.12,12488.05,192.78,0,0,0,0
226,1,7,2000,1,2,38,49,50,59,1,78,4123,6916920.13,15170.39,286.14,0,0,0,0
124,18,7,1998,5,15,34,41,52,57,1,188,14019,24536288.72,17242.12,230.76,0,0,0,0
173,26,6,1999,17,28,29,42,49,50,1,40,3610,2148316.42,23220.41,256.32,0,0,0,0
79,7,9,1997,2,13,17,25,31,43,1,247,13375,6770601.75,4404.85,81.18,0,0,0,0
191,31,10,1999,1,3,5,23,41,58,1,383,30477,50968412.58,13212.41,165.41,0,0,0,0
73,27,7,1997,25,26,28,45,51,57,1,95,8222,21026575.4,21205.27,244.52,0,0,0,0
58,13,4,1997,12,27,30,37,44,49,1,65,5040,3631304.91,13601.07,175.06,0,0,0,0
178,31,7,1999,5,15,19,26,27,33,1,198,13086,6129539.43,6240.11,94.07,0,0,0,0
977,11,6,2008,3,5,7,9,17,32,1,452,24482,16584111.63,3767.1,69.55,0,0,1300000,0
983,2,7,2008,16,22,32,38,40,45,1,244,9930,24038180.79,10258.56,252.07,0,0,1500000,0
932,5,1,2008,2,17,21,36,42,53,1,196,10515,19685655.01,11370.01,211.94,0,0,1300000,0
947,27,2,2008,3,5,11,14,33,58,1,95,8955,16035424.27,15271.45,162.01,0,0,1500000,0
906,29,9,2007,7,14,24,29,35,39,1,49,4239,1583115.71,18461.99,212.6,0,0,1500000,0
962,19,4,2008,2,11,40,48,49,55,1,41,3554,13272508.39,33285.83,384,0,0,1200000,0
956,29,3,2008,46,47,51,54,57,59,1,38,2468,1385109.95,20828.72,320.7,0,0,1300000,0
943,13,2,2008,3,12,23,41,47,58,1,116,7783,20498366.41,14963.79,223.02,0,0,1100000,0
915,31,10,2007,17,20,26,28,48,49,1,44,3580,9448268.16,24127.91,295.43,0,0,1500000,0
913,24,10,2007,14,30,36,38,46,59,1,27,2683,2915782.13,30911.51,309.9,0,0,1200000,0
953,19,3,2008,1,16,39,42,48,55,1,71,5055,20509951.37,23622.38,331.79,0,0,1200000,0
905,26,9,2007,2,4,15,16,55,57,1,89,6223,18405503.18,16931.26,241.23,0,0,1500000,0
969,14,5,2008,13,25,35,41,50,56,1,82,6898,21823614.22,22684.9,269.67,0,0,11000000,0
911,17,10,2007,1,6,28,29,46,49,1,63,5376,15981772.55,21657.82,252.84,0,0,1500000,0
928,15,12,2007,4,10,32,33,49,60,1,43,4246,5077029.42,26127.01,263.59,0,18230080.5,1000000,0
151,23,1,1999,3,16,20,43,52,56,1,152,9869,24091811.02,14678.07,225.62,0,0,0,0
167,15,5,1999,1,11,28,33,38,48,1,82,4997,2100980.21,11364.11,186.48,0,0,0,0
159,20,3,1999,9,11,16,35,50,58,1,57,4124,2038170.67,15735.49,217.49,0,0,0,0
103,22,2,1998,1,7,9,49,54,57,1,28,2632,696984.24,20743.58,220.24,0,0,0,0
97,11,1,1998,5,11,14,35,53,56,1,56,3441,727932.66,10832.33,175.94,0,0,0,0
102,15,2,1998,19,20,37,42,44,56,1,73,6197,11336626.88,16743.36,196.85,0,0,0,0
157,6,3,1999,4,13,17,21,41,44,1,134,8894,2140030.92,7224.03,108.84,0,0,0,0
82,28,9,1997,15,18,29,36,51,53,1,77,5889,13877826.02,15982.73,208.57,0,0,0,0
96,4,1,1998,4,7,26,40,42,58,1,62,3984,5218562.47,11993.17,186.27,0,0,0,0
155,20,2,1999,12,30,32,35,43,44,1,67,4974,4988808.21,16126.32,217.22,0,0,0,0
188,10,10,1999,17,27,34,42,43,46,1,1200,90235,64905517.65,11517.11,152.58,0,0,0,0
925,5,12,2007,8,22,36,37,46,52,1,132,10214,40628613.64,21261.85,273.74,0,0,1200000,0
41,15,12,1996,12,26,35,38,39,47,1,148,10182,17019238.5,10114.7,147.03,0,0,0,0
49,9,2,1997,7,13,33,35,43,55,1,155,9830,8405156.76,6916.34,108.85,0,0,0,0
281,21,7,2001,5,11,31,38,47,53,1,188,12864,22414093.5,13574.18,197.63,0,0,0,0
270,5,5,2001,5,9,27,35,40,45,1,228,16867,25186260.21,9665.14,130.16,0,0,0,0
284,4,8,2001,7,8,14,30,32,36,1,75,5358,901884.48,10020.94,139.74,0,0,0,0
282,28,7,2001,9,14,23,24,33,36,1,76,6064,958878.82,10514.03,131.27,0,0,0,0
309,31,10,2001,4,11,25,39,50,55,1,3001,2997,442899.06,122.53,122.69,0,0,0,0
362,18,5,2002,7,20,33,37,46,56,1,110,8313,18399160.53,15253.12,201.08,0,0,0,0
328,12,1,2002,5,7,14,21,23,51,1,100,7121,2721357.01,9055.92,126.69,0,0,0,0
287,15,8,2001,3,13,25,33,47,60,1,110,5633,1931474.8,4034.34,78.49,0,0,0,0
273,26,5,2001,10,17,23,27,47,52,1,92,7241,3456480.23,11326.92,143.38,0,0,0,0
345,16,3,2002,11,22,46,51,56,58,1,27,2170,1447870.53,28511.84,353.42,0,0,0,0
318,1,12,2001,3,19,20,31,40,53,1,46,3071,2227008.03,16340.54,243.84,0,0,0,0
303,10,10,2001,7,13,17,30,37,47,1,215,12861,12257748.27,4674.95,77.86,0,0,0,0
390,24,8,2002,7,12,22,34,38,53,1,171,10722,17611429.97,9094.15,144.49,0,0,0,0
764,18,5,2006,3,7,45,47,53,55,1,189,15290,40539530.9,16486.79,203.03,0,0,0,0
392,31,8,2002,15,23,31,39,47,49,1,68,3591,1410917.29,10709.84,202.03,0,0,0,0
430,18,1,2003,8,10,21,25,38,50,1,85,6944,14410708.81,15408.7,187.9,0,0,0,0
490,20,8,2003,5,11,23,29,54,58,1,148,8438,11070173.5,7925.35,138.49,0,0,0,0
581,17,7,2004,14,17,25,30,39,52,1,56,4429,11781320.02,22330.36,281.27,0,0,0,0
547,20,3,2004,4,13,28,30,53,59,1,42,2599,1746857.35,14452.51,232.67,0,0,0,0
395,11,9,2002,10,11,14,20,31,58,1,27,2328,1843709.96,20584.31,237.84,0,0,0,0
541,28,2,2004,13,27,49,52,57,58,1,54,4879,9144543.5,20304.76,223.88,0,0,0,0
543,6,3,2004,35,37,42,46,49,54,1,78,2557,1836749.58,8241.89,250.47,0,0,0,0
585,31,7,2004,12,24,33,36,39,57,1,124,7122,10166807.68,8468.35,146.89,0,0,0,0
534,31,1,2004,3,8,23,31,48,57,1,107,6559,15184658.12,12179.88,197.95,0,0,0,0
545,13,3,2004,17,29,35,40,43,57,1,102,4315,6409645.53,8292.97,195.29,0,0,0,0
442,1,3,2003,6,15,23,31,37,59,1,135,9944,19946601.01,13861.59,187.48,0,0,0,0
425,28,12,2002,6,10,16,34,42,47,1,279,17411,18979599.19,9985.67,159.42,0,0,0,0
464,21,5,2003,6,24,33,38,45,50,1,241,15457,28414544.43,10837.34,168.33,0,0,0,0
486,6,8,2003,8,14,19,30,42,50,1,55,4325,5125800.12,17368.92,220.05,0,0,0,0
491,23,8,2003,1,9,15,22,43,55,1,81,4221,849344.26,8738.11,167.05,0,0,0,0
500,27,9,2003,21,29,35,36,38,54,1,73,6818,9394248.83,23869.01,254.6,0,0,0,0
369,12,6,2002,1,14,21,35,42,60,1,46,4167,1221738.07,9775.55,107.51,0,0,0,0
398,21,9,2002,7,16,22,28,36,37,1,63,5106,2221289.77,11494.73,141.29,0,0,0,0
559,1,5,2004,6,13,17,25,36,53,1,75,4460,3707152.54,8184.51,137.11,0,0,0,0
367,5,6,2002,10,12,27,33,49,52,1,71,3040,1150498.02,6157.48,143.27,0,0,0,0
365,29,5,2002,19,23,34,37,52,58,1,45,2433,462752.26,8569.49,157.9,0,0,0,0
364,25,5,2002,5,29,44,51,57,59,1,76,3315,1307293.04,9033.16,206.32,0,0,0,0
354,17,4,2002,7,16,38,40,41,52,1,93,6184,18680098.1,16450.68,246.46,0,0,0,0
408,26,10,2002,14,28,33,44,49,56,1,269,13970,18948827.67,7085.43,135.92,0,0,0,0
414,16,11,2002,16,26,35,45,52,58,1,51,5527,17428452.98,28964.68,266.26,0,0,0,0
298,22,9,2001,5,22,23,24,34,60,1,50,4372,2994572.21,17440.22,198.71,0,0,0,0
308,27,10,2001,4,11,25,29,39,55,1,62,5173,4138172.99,15297.99,182.67,0,0,0,0
569,5,6,2004,3,9,14,15,32,57,1,434,29922,46663532.7,11906.37,172.04,0,0,0,0
524,20,12,2003,19,29,34,41,47,48,1,180,17156,42794697.56,26580.49,277.83,0,0,0,0
499,20,9,2003,1,4,5,11,44,59,1,126,8903,8698099.22,10216.18,144.04,0,0,0,0
579,10,7,2004,4,9,15,17,34,39,1,90,5172,1175432.13,7463.06,129.38,0,0,0,0
555,17,4,2004,5,23,31,33,45,49,1,152,10733,23810057.19,13350.07,188.35,0,0,0,0
535,4,2,2004,6,14,28,47,49,56,1,59,4136,7834139.14,12025.02,170.89,0,0,0,0
537,11,2,2004,3,7,19,34,37,39,1,128,5345,2054340.05,4366.34,104.17,0,0,0,0
578,7,7,2004,3,18,23,48,56,58,1,62,3639,3982872.62,12879.26,218.6,0,0,0,0
283,1,8,2001,25,28,34,42,48,54,1,36,2126,367173.22,8499.38,143.38,0,0,0,0
315,21,11,2001,12,21,22,28,43,50,1,43,4598,13675105.67,24188.06,225.35,0,0,0,0
667,25,5,2005,1,4,5,16,23,49,1,203,15283,34263173.55,11296.7,149.48,0,0,0,0
657,20,4,2005,16,20,33,58,59,60,1,56,3995,11354235.39,18168.36,253.72,0,0,0,0
679,6,7,2005,3,21,25,37,54,58,1,448,22087,51890452.61,9610.91,194.2,0,0,0,0
669,1,6,2005,7,24,27,40,41,49,1,32,2427,2170216.15,20522.3,269.57,0,0,0,0
629,8,1,2005,15,16,39,40,47,51,1,15,1865,1104456.38,42074.53,337.13,0,0,0,0
624,15,12,2004,8,23,34,39,43,52,1,108,7284,22375180.08,13482.59,199.16,0,0,0,0
628,5,1,2005,8,16,22,30,56,58,1,76,5510,17373966.13,20331.21,279.37,0,0,0,0
603,2,10,2004,4,8,11,12,29,44,1,233,12565,24750883.61,6701.5,123.8,0,0,0,0
631,15,1,2005,1,20,28,32,44,47,1,46,3548,10579247.17,21955.84,283.58,0,0,0,0
641,23,2,2005,1,9,13,17,33,34,1,366,20840,31923289.19,5766.38,100.89,0,0,0,0
647,16,3,2005,11,12,14,19,54,56,1,50,5432,17603353.15,25009.18,229.34,0,0,0,0
606,13,10,2004,6,23,32,35,41,55,1,43,3770,11878491.65,20736.93,235.63,0,0,0,0
837,27,1,2007,5,6,16,24,34,60,1,73,6233,25067473.09,20418.03,238.23,0,0,0,0
685,27,7,2005,5,12,27,33,43,56,1,347,15404,44331219.78,6029.62,135.32,0,0,0,0
716,23,11,2005,2,7,16,29,32,50,1,37,2512,945382.75,14600.51,214.25,0,0,0,0
783,22,7,2006,4,8,21,32,43,48,1,140,8427,28244624.32,10572.64,174.99,0,0,0,0
740,22,2,2006,12,16,28,29,47,50,1,90,6943,26132814.65,17953.91,231.85,0,0,0,0
791,19,8,2006,9,14,19,35,42,58,1,114,5756,12212213.94,8665.54,170.97,0,0,0,0
834,17,1,2007,10,16,17,34,44,51,1,42,3073,2820323.56,19887.17,270.78,0,0,0,0
729,14,1,2006,5,18,33,43,56,57,1,51,5041,4969519.9,17231.34,173.67,0,0,0,0
848,10,3,2007,17,27,32,34,47,56,1,90,4602,1351049.04,8578.09,167.13,0,0,0,0
654,9,4,2005,6,10,11,40,41,56,1,66,4745,15767596.35,20244.14,280.52,0,0,0,0
753,8,4,2006,2,7,22,35,43,59,1,152,8630,17388228.32,9083.97,159.4,0,0,0,0
847,7,3,2007,14,15,27,42,44,48,1,242,14062,40484388.84,10411.84,178.5,0,0,0,0
804,4,10,2006,3,13,37,47,56,59,1,134,9937,34172202.25,13835.88,185.88,0,0,0,0
768,31,5,2006,4,8,30,33,37,59,1,93,6408,21024430.31,13647.3,197.31,0,0,0,0
785,29,7,2006,5,8,17,35,37,48,1,126,6657,9770979.43,6940.06,130.87,0,0,0,0
861,25,4,2007,39,40,42,47,59,60,1,34,2296,10840760.96,25977.84,383.23,0,0,0,0
734,1,2,2006,27,29,43,44,45,54,1,58,3984,16726569.98,19354,280.69,0,0,0,0
862,28,4,2007,2,8,11,12,19,35,1,99,5632,1152211.3,6650.57,116.46,0,0,0,0
774,21,6,2006,5,10,37,46,54,58,1,64,4336,16319071.08,16352.03,240.45,0,0,0,0
832,10,1,2007,15,17,23,33,39,49,1,510,37086,52807317.17,13486.58,184.77,0,0,0,0
90,23,11,1997,9,21,26,40,52,54,1,74,4763,15764300.87,18584.49,288.17,0,0,0,0
133,19,9,1998,5,6,19,34,39,57,1,431,29264,30533241.12,10035.16,147.51,0,0,0,0
144,5,12,1998,8,32,36,44,45,55,1,257,23952,33597755.21,20952.14,224.38,0,0,0,0
112,25,4,1998,12,20,34,37,42,43,1,137,8340,15802579.93,9957.01,163.25,0,0,0,0
147,24,12,1998,6,16,23,24,28,38,1,75,5418,3805750.38,11760.17,162.48,0,0,0,0
1664,24,12,2014,8,21,23,29,36,48,1,131,8211,7993708.78,17494.74,398.73,0,39145840,240000000,0
2,18,3,1996,9,37,39,41,43,49,1,65,4488,2307162.23,14424.02,208.91,0,0,0,0
11,20,5,1996,15,25,37,38,58,59,1,148,9442,15591365.07,12706.05,199.16,0,0,0,0
17,1,7,1996,6,10,13,19,20,51,1,144,9376,6789869.08,7628.37,117.16,0,0,0,0
24,19,8,1996,1,8,14,28,33,43,1,227,13486,18661679.61,7897.31,132.93,0,0,0,0
29,22,9,1996,3,8,14,43,56,58,1,44,5248,5401793.6,23083.15,193.53,0,0,0,0
33,20,10,1996,5,17,33,39,42,49,1,128,8722,13997410.74,9545.76,140.09,0,0,0,0
63,18,5,1997,9,25,26,40,41,49,1,82,6359,13680019.57,16246.91,209.1,0,0,0,0
869,23,5,2007,27,29,42,49,50,51,1,57,3912,16192436.64,20414.39,296.32,0,0,9000000,0
875,13,6,2007,18,20,24,36,53,58,1,153,8240,26631943.24,11566.24,213.95,0,0,1500000,0
882,7,7,2007,17,41,42,44,45,60,1,81,6642,21492982.24,20989.74,255,0,0,1300000,0
888,28,7,2007,24,40,50,52,54,60,1,50,3672,18947548.96,28873.65,391.67,0,0,1000000,0
900,8,9,2007,4,18,21,34,38,59,1,89,6184,23334752.92,15842,227.14,0,0,1500000,0
2655,11,11,2023,10,23,30,31,49,56,0,57,3909,0,57391.95,1195.53,30191355.9,56739440,37000000,99742915.8
2524,28,9,2022,3,20,22,37,41,43,0,404,30194,0,43914.62,839.4,267006265.85,307715733,300000000,99334205.96
1159,6,3,2010,5,6,34,46,53,55,0,72,7628,0,23949.93,322.94,25368068.86,29453948,30000000,9905576.66
2774,14,9,2024,6,16,22,24,38,50,0,66,4967,0,60519.72,1148.81,73631799.74,69278750,82000000,98749216.12
1264,9,3,2011,4,17,36,37,51,56,0,29,2583,0,29003.13,465.17,15184977.6,14366458,18000000,9837015.96
2653,7,11,2023,14,32,41,43,48,60,0,31,1965,0,63674.08,1435.03,7668962.65,34236050,12000000,98276621.25
2652,4,11,2023,13,23,26,29,45,59,0,76,4089,0,28805.98,764.85,4032837.37,37971305,9000000,97757174.76
1682,28,2,2015,7,13,35,37,39,51,0,201,8761,0,8894.93,291.53,3293462.01,30538312.5,7000000,9770799.18
2773,12,9,2024,19,23,32,34,38,57,0,88,5541,0,37812.04,857.88,46898697.74,57712790,55000000,97698084.28
1371,14,3,2012,3,4,8,11,47,49,0,101,7421,0,12265.25,238.47,2281981.94,21159460,5000000,9753725.5
2347,24,2,2021,8,9,17,30,58,60,0,74,5504,0,46850.78,899.85,41723252.74,60132298.5,50000000,9750700.48
1773,24,12,2015,15,30,39,41,45,59,0,36,2312,0,55113.48,1225.95,3654894.04,33889656.5,6000000,97307274.17
2772,10,9,2024,1,12,33,41,53,56,0,51,4052,0,64804.31,1165.21,40769166.6,57323580,50000000,96822436.96
2127,23,2,2019,1,7,28,30,44,46,0,76,6182,0,42197.6,741.09,37412155.6,55624709,43000000,9651459.54
2683,1,2,2024,1,3,23,27,47,57,0,124,8280,0,40113.14,858.18,83389575.6,86271555,95000000,9649416.73
2232,8,2,2020,7,8,31,34,38,47,0,111,8685,0,54265.87,990.79,91897849.01,104474196,105000000,9644771.22
1263,5,3,2011,4,18,26,36,41,53,0,79,4180,0,17195.98,464.27,2502467.36,23203890,5000000,9615676.26
2771,6,9,2024,7,13,14,33,38,50,0,94,6858,0,37663.95,737.49,34680972.48,61406300,40000000,95952694.93
2455,19,2,2022,21,38,50,53,56,59,0,44,3811,0,76582.32,1263.11,31509244.82,58444069.5,37000000,9572791.6
1473,2,3,2013,2,12,33,57,58,60,0,121,8300,0,18428.91,383.8,10367470.95,38088322,15000000,9540054.94
2770,3,9,2024,21,28,37,44,50,60,0,35,2345,0,73311.94,1563.15,28159162.88,44504305,33000000,95021007.82
2650,28,10,2023,9,18,29,37,39,58,0,136,7564,0,44304.85,1137.99,89438435.62,104507955,105000000,94975592.19
1020,8,11,2008,1,2,19,32,39,52,0,56,4646,0,27920.81,336.54,14716218.54,0,18000000,9484749.33
2523,24,9,2022,1,10,27,36,37,45,0,294,20572,0,44862.56,915.91,169218785.1,228765568.5,200000000,94665388.98
1158,3,3,2010,23,30,31,54,55,60,0,38,2442,0,33658.71,748.23,2356109.85,21846804,5000000,9451788.55
2769,31,8,2024,10,16,35,46,49,60,0,25,2725,0,99848.97,1308.63,23432471.91,43295510,30000000,94345766.23
2439,18,12,2021,2,8,34,38,47,51,0,46,3008,0,40082.94,875.67,93986574.37,31979866.5,370000000,93986574.37
2219,21,12,2019,8,28,36,45,57,59,0,26,2235,0,62086.22,1031.79,110640988.95,27998055,300000000,93745132.69
1057,18,3,2009,2,3,4,15,49,59,0,46,3923,0,18772.07,220.12,1590685.29,0,3000000,9373507.73
1770,16,12,2015,11,26,27,30,34,41,0,110,8861,0,55796.09,989.49,176010619.85,104834271.5,187000000,93732670.74
2768,29,8,2024,2,12,18,28,32,33,0,36,3474,0,46680.86,691.05,5865639.48,29147450,9500000,93688865.1
2649,26,10,2023,6,11,26,32,46,56,0,76,6117,0,52779.21,936.78,78338906.99,69572195,90000000,93389945.23
2767,27,8,2024,14,21,42,47,50,59,0,24,1487,0,62653.9,1444.6,2769961.7,26080660,6500000,93246625.39
1908,1,3,2017,4,10,13,23,27,57,0,95,5839,0,17555.12,408.02,33129739.06,28926369.5,38000000,9316754.26
2217,17,12,2019,10,14,16,30,32,36,0,51,3258,0,41197.38,921.27,35055609.49,36441738,39000000,92605467.06
2648,24,10,2023,20,44,45,46,56,59,0,38,2775,0,90552.96,1771.43,51268509.88,59682290,60000000,92334361.1
1769,12,12,2015,32,37,44,47,54,60,0,105,7782,0,54460.29,1049.73,164704569.73,97673341.5,175000000,92117520.71
2442,8,1,2022,2,7,9,25,41,49,0,63,4651,0,31638.77,612.23,6445978.98,34571596.5,11000000,920854.18
2216,14,12,2019,10,24,42,43,48,49,0,49,4361,0,62000.46,995.19,31185223.61,52692673.5,36000000,92052554.77
2765,22,8,2024,8,12,34,39,43,47,0,66,3707,0,35663.33,907.07,24061846.85,40824900,33000000,92017790.02
2014,14,2,2018,16,32,40,46,53,56,0,46,4140,0,65621.53,1041.61,92190618.41,52356503.5,100000000,9164679.05
2647,21,10,2023,9,33,39,43,50,54,0,46,3784,0,84014.29,1459.02,44929803.07,67030160,52000000,91428831.53
2215,11,12,2019,1,19,21,23,33,43,0,48,4092,0,53207.2,891.61,25588866.49,44296650,31000000,91253075.18
2522,21,9,2022,4,5,25,32,39,40,0,202,17799,0,54431.51,882.48,144922165.99,190704505.5,170000000,91194443.37
1019,5,11,2008,4,13,23,29,46,47,0,77,6124,0,14084.12,177.09,11835965.99,0,15000000,9073284.66
1768,9,12,2015,5,7,11,34,35,50,0,156,12402,0,35476.07,637.48,122568943.34,94529393,135000000,90612696.97
2214,7,12,2019,4,10,18,30,34,47,0,44,3223,0,41300.51,805.47,20884230.04,31518630,25000000,90580984.23
2646,19,10,2023,18,28,30,39,41,58,0,30,2705,0,100459.57,1591.64,37810697.36,52272325,45000000,90411816.41
2559,28,1,2023,9,12,20,30,32,35,0,163,10641,0,40505.04,886.37,102378415.66,114513277.5,115000000,8980562.95
2645,17,10,2023,8,22,34,42,51,59,0,55,3566,0,48487.58,1068.35,32258984.41,46254340,40000000,89618714.54
1472,27,2,2013,12,18,23,25,45,50,0,130,7002,0,13563.89,359.75,6259763.9,30118576,10000000,8953239.64
2762,15,8,2024,1,17,30,40,48,50,0,43,3574,0,74103.86,1273.66,48320750.91,55267335,55000000,89421767.26
1767,5,12,2015,16,26,35,39,44,45,0,84,7608,0,65866.39,1038.9,112374242.31,94503941,125000000,89156311.09
2212,30,11,2019,23,26,51,52,53,58,0,61,5215,0,56566.09,945.22,44053920.91,59847390,50000000,89093433.17
2644,14,10,2023,4,17,22,28,30,49,0,89,7255,0,37626.65,659.4,27346426.59,58082435,34000000,88916920.55
1907,25,2,2017,3,25,35,38,44,48,0,55,4353,0,42855.91,773.54,30057592.56,40882726.5,35000000,8877876.17
1369,7,3,2012,5,16,24,32,38,46,0,195,7636,0,6509.72,237.48,11093283.98,21682238,14500000,8869830.97
2761,13,8,2024,3,22,34,44,49,57,0,73,4643,0,40942.72,919.6,42450945.43,51839270,50000000,88583223.61
2346,20,2,2021,3,4,11,40,42,58,0,53,4812,0,64466.74,1014.35,35336751.66,59261251.5,42000000,8838343.17
2521,17,9,2022,23,28,33,38,55,59,0,189,12204,0,42084.88,931.08,124667917.23,137958084,150000000,88300979.25
2211,27,11,2019,27,36,40,41,44,54,0,52,3681,0,59225.53,1195.22,37697679.24,53416021.5,44000000,88185398.63
2126,20,2,2019,7,12,24,27,39,58,0,130,8139,0,21346.79,487.08,31504492.15,48132938,37000000,8807507.61
2643,10,10,2023,2,10,29,31,56,59,0,39,2457,0,44282.29,1004.13,6901765.34,29953940,12000000,88035664.78
1018,1,11,2008,9,24,44,51,55,58,0,35,4170,0,29464.79,247.31,3357381.15,0,5000000,8787895.81
2760,10,8,2024,8,11,19,39,47,48,0,57,4957,0,58765.7,965.34,36945226.17,58097575,43000000,87796692.27
1766,2,12,2015,22,23,41,46,53,60,0,70,7088,0,75974.54,1071.87,102182286.21,90839126,110000000,87700317.35
2642,7,10,2023,8,13,31,33,49,50,0,55,3107,0,36721.15,928.62,3720432.27,35029845,6500000,87581188.61
2210,23,11,2019,11,17,24,25,33,34,0,81,5910,0,36572.74,716.07,32024497.14,51380914.5,38000000,87374944.04
2759,8,8,2024,3,10,38,40,48,59,0,27,2555,0,89213.21,1346.8,30774827.98,41778435,38000000,86915206.8
2454,16,2,2022,9,14,22,24,44,47,0,49,4523,0,46328.88,717,25302046.31,39373780.5,31000000,8686048.95
2209,20,11,2019,22,25,28,32,33,47,0,49,3746,0,42445.66,793.16,26567458.66,36073530,31000000,86595367.11
1141,2,1,2010,9,37,40,50,58,60,0,6,683,0,54748.35,687.07,605113.35,5610856,2000000,86444.79
2640,3,10,2023,4,8,10,27,28,32,0,109,6453,0,21983.71,530.47,27517283.71,41561080,33000000,86302989.82
1765,28,11,2015,1,6,28,37,56,58,0,185,9138,0,28048.25,811.2,92385569,88630710,105000000,86300786.31
2758,6,8,2024,19,35,36,37,41,60,0,31,2157,0,69018.98,1417.03,11066015.91,37109870,16000000,86281323.47
2520,15,9,2022,2,17,22,41,58,60,0,160,10126,0,39671.25,895.48,110015734.03,110091838.5,125000000,86207810.2
1792,20,2,2016,2,16,17,18,41,47,0,85,6593,0,34568.92,636.68,29644681.07,50964900,35000000,8612353.52
2208,16,11,2019,16,25,30,40,45,49,0,17,1708,0,113415.57,1612.63,10087126.71,33441124.5,14200000,86048041.45
2328,16,12,2020,8,11,14,39,48,53,0,67,5059,0,49966.34,945.34,46158552.23,58064620.5,52000000,85864632.48
2757,3,8,2024,1,21,37,40,51,54,0,32,2000,0,71775.3,1640.57,7124669.4,39836785,12000000,85718273.96
2639,30,9,2023,2,8,11,22,48,49,0,86,6619,0,28116.34,521.87,23103185.31,41938845,29000000,85672404.32
2207,13,11,2019,6,10,11,43,53,55,0,39,2736,0,49905.76,1016.25,6535428.48,33757825.5,10500000,85540655.97
1261,26,2,2011,10,14,22,41,42,53,0,78,6490,0,32348.2,555.39,28276078.02,43097450,33000000,8532550.11
1054,7,3,2009,13,14,18,27,41,60,0,37,3567,0,26092.87,270.66,8083746.3,0,10000000,8526792.98
1017,29,10,2008,6,19,31,34,51,56,0,36,2885,0,21980.86,274.29,1457677.69,0,3000000,8516509.59
2756,1,8,2024,1,6,13,18,43,46,0,48,2714,0,32726.42,826.85,2893704.06,27245760,6500000,85113850.33
2638,28,9,2023,9,30,34,44,54,55,0,15,1319,0,105633.81,1716.13,5260373.56,27482325,9000000,85036087.18
2206,9,11,2019,6,27,38,42,45,57,0,51,3495,0,31401.56,654.6,2950094.24,27776703.5,6500000,85028465.35
2327,12,12,2020,30,37,45,54,57,58,0,47,3521,0,64714.34,1234.05,39991654.06,52754274,46000000,84983647.01
1471,23,2,2013,10,25,33,36,40,58,0,92,5159,0,17770.13,452.7,3011569.17,27924488,6500000,8489211.81
2637,26,9,2023,1,2,10,32,34,59,0,36,3112,0,35309.01,583.51,2341544.54,22046885,5200000,84619111.58
2519,13,9,2022,3,8,20,36,38,57,0,88,6736,0,46964.83,876.5,98323155.1,71682754.5,110000000,84537441.77
2326,10,12,2020,10,16,27,34,36,57,0,55,3883,0,45721.34,925.15,34388754.51,43615498.5,40000000,84183232.77
2204,4,11,2019,1,28,29,32,35,56,0,76,5847,0,45148.15,838.34,55224861.21,59513128.5,60000000,83720582.36
2013,10,2,2018,6,23,30,36,53,56,0,159,8465,0,25057.74,672.37,67456226.93,69104360.5,71000000,8370313.14
2325,8,12,2020,33,34,37,46,52,60,0,27,2233,0,68402.27,1181.53,29756461.46,32032696.5,34000000,83521476.6
1573,12,2,2014,7,16,21,35,36,38,0,230,19015,0,23076.78,398.75,51530013.98,90658778,62000000,8351688.34
2518,10,9,2022,3,22,23,44,53,60,0,112,7288,0,39587.01,869.08,65865634.54,76900635,75000000,83449835.17
2754,27,7,2024,10,14,44,55,56,58,0,66,5216,0,68839.98,1244.36,93875508.28,78803210,100000000,83444381.98
2682,30,1,2024,4,17,29,30,52,58,0,83,5942,0,53385.65,1065.29,74226889.43,76853185,83000000,8340461.55
2635,21,9,2023,6,11,29,37,56,58,0,58,3627,0,45524.71,1039.99,33713961.47,45796720,40000000,83324393.21
2324,5,12,2020,2,16,19,31,43,60,0,43,3451,0,58591.46,1042.94,26354348.85,43698046.5,32000000,83035460.5
2203,30,10,2019,17,34,46,49,50,57,0,57,4811,0,49414.01,836.35,34518944.88,48852209,40000000,82817619.41
2634,19,9,2023,8,27,28,32,48,56,0,34,3001,0,57373.12,928.58,28850006.34,33833480,35000000,82629542.46
1906,23,2,2017,6,27,33,39,40,60,0,54,3833,0,38424.36,773.32,25715612.29,35988757,30000000,8257593.26
1889,24,12,2016,16,23,25,28,30,44,0,49,3138,0,28397.25,633.46,82505122.23,24134523,225000000,82505122.23
2323,2,12,2020,20,27,35,39,50,59,0,29,1825,0,67337.34,1528.59,6914220.24,33869844,11000000,82372451.87
2517,8,9,2022,1,5,6,16,22,39,0,116,8240,0,38906.31,782.44,57698210.35,78277567.5,70000000,82283060.27
2753,25,7,2024,6,26,31,46,52,55,0,45,3695,0,78111.86,1358.99,64640150.13,60966145,72000000,82248740.26
1663,20,12,2014,18,20,27,40,49,55,0,28,3524,0,73129.68,830.07,3771951.7,34975062.5,8000000,82217376.25
2633,16,9,2023,2,23,25,33,45,54,0,47,4112,0,48974.35,799.67,9735581.1,39923240,14500000,82116203.98
2202,26,10,2019,11,29,37,38,43,60,0,48,3717,0,51806.91,955.73,29330473.9,43130867.5,35000000,82076409.26
2322,28,11,2020,2,5,10,29,34,41,0,65,3753,0,27702.32,685.41,3316988.79,31231210.5,7000000,81858561.66
2632,14,9,2023,5,10,27,38,56,57,0,48,2911,0,33801.98,796.23,5495433.6,28141205,9000000,81510468.6
2201,24,10,2019,3,13,23,41,49,53,0,60,5425,0,34586.33,546.45,24749652.29,35992747,30000000,81422006.17
2752,23,7,2024,4,15,24,40,44,47,0,65,4346,0,51676.02,1104.11,58165088.29,58258815,65000000,81323731.42
2222,8,1,2020,13,14,29,30,48,59,0,29,1969,0,58660.41,1234.23,5692602.45,29505456,10000000,813228.95
2516,3,9,2022,8,17,49,51,52,53,0,94,6665,0,49051.86,988.29,49384545.61,79972857,60000000,81095393.86
2631,12,9,2023,14,26,36,39,50,53,0,17,1333,0,80043.54,1458.3,2506626.57,23601220,6000000,81083496.15
1367,1,3,2012,2,7,13,29,38,43,0,111,6443,0,9193.08,226.25,1879743.88,17429746,3800000,8108052.58
1661,13,12,2014,13,16,27,43,48,58,0,70,6712,0,30074.43,448.06,3878017.77,35958550,8000000,81067548.55
2453,12,2,2022,10,14,15,24,34,44,0,63,3892,0,35542.46,821.89,7195264.4,38837137.5,12000000,8088650.25
2200,22,10,2019,11,15,28,36,43,55,0,52,3371,0,31034.46,683.89,20926952.62,27990245.5,24000000,80875906.2
2125,16,2,2019,1,31,44,46,53,58,0,55,4090,0,48968.88,940.72,26392497.79,46714244.5,32000000,8077222.68
2231,5,2,2020,4,13,25,40,53,57,0,127,8326,0,39228.56,854.81,80801905.85,86410260,90000000,8059636.47
2199,19,10,2019,15,23,30,35,38,44,0,29,3056,0,58063.07,787.13,17954178.62,29205001,21500000,80451224.18
2751,20,7,2024,4,13,18,42,52,53,0,60,4978,0,60964.39,1049.72,51977565.2,63443440,61000000,80439799.53
2515,31,8,2022,3,12,19,41,45,54,0,97,6861,0,38822.29,784.09,40890828.4,65314876.5,50000000,79882005.68
2319,18,11,2020,6,17,25,35,40,49,0,51,5009,0,74635.43,1085.59,67176238.41,66019842,75000000,79672035.81
1659,6,12,2014,4,10,20,33,37,49,0,95,6810,0,22938.69,457.13,27489780.03,37221940,34000000,79635080.08
2750,18,7,2024,7,11,12,19,36,52,0,201,5899,0,14652.96,713.25,45239396.05,51083495,53000000,79477203.92
2345,17,2,2021,7,16,19,22,28,55,0,75,4970,0,30067.59,648.19,29042762.29,39112816.5,34000000,7939201.81
2197,14,10,2019,3,11,29,35,44,57,0,150,7727,0,20886.96,579.23,29738161.42,54340769,34000000,79311338.72
1015,22,10,2008,3,8,17,26,28,49,0,110,8105,0,11111.5,150.81,11110589.81,0,14000000,7922009.86
2629,5,9,2023,11,32,35,40,41,48,0,49,3184,0,66934.91,1471.55,73365376.52,56886340,85000000,79102029.68
1678,14,2,2015,9,11,17,19,35,52,0,111,6955,0,16634.25,379.25,3401266.3,31537917.5,6000000,7890657.16
2514,27,8,2022,5,15,24,34,45,52,0,52,4477,0,59901.15,993.92,33953898.66,54025366.5,42000000,78891015.7
1763,21,11,2015,9,12,15,21,31,36,0,689,43184,0,25269.18,575.95,162026211.93,297383730,200000000,78749059.37
2749,16,7,2024,8,25,27,38,43,44,0,43,3843,0,58239.89,930.93,39813945.76,43435840,47000000,78702139.58
1260,23,2,2011,19,23,29,31,41,53,0,70,5798,0,30497.83,526,23628152.1,36464798,28000000,7868560.67
2318,14,11,2020,28,44,52,54,58,60,0,59,5014,0,66282.12,1114.2,41054215.42,67827784.5,50000000,78670349.75
2196,9,10,2019,1,25,27,28,41,56,0,58,4166,0,47367.07,942.07,23966764.2,47650095.5,30000000,78486853.38
1791,17,2,2016,12,18,46,50,53,55,0,36,3703,0,71567.53,993.95,24231916.09,44687387.5,30000000,7839101.36
2628,2,9,2023,5,14,32,40,53,54,0,64,5019,0,63338.93,1153.81,48717595.54,70308840,55000000,78238921.67
2513,24,8,2022,13,19,21,35,46,50,0,62,3823,0,41501.26,961.5,12561383.62,44628493.5,18000000,78071315.82
2748,13,7,2024,19,32,43,46,50,52,0,41,2911,0,80512.78,1619.97,14674301.02,57254275,21000000,78043109.29
1656,26,11,2014,4,6,11,43,54,56,0,55,5037,0,34902.47,544.43,3536171.17,32788810,7500000,77840390.89
2195,5,10,2019,14,24,32,38,46,53,0,107,6144,0,24440.78,608.06,18905966.69,45358446,25000000,77763882.29
2437,11,12,2021,1,19,41,46,48,55,0,16,1416,0,101047.85,1631.11,2978252.29,28041826.5,6500000,77723517.63
2317,11,11,2020,3,8,30,33,35,48,0,132,7472,0,25311.77,638.79,33850396,57950307,40000000,77641232.68
2512,20,8,2022,7,10,34,47,49,52,0,81,4382,0,31030.62,819.41,7821502.9,43594798.5,14000000,77394189.99
2747,10,7,2024,14,17,24,28,36,45,0,108,4472,0,22625.51,780.58,8593467.61,42381995,15000000,77174418.78
2627,31,8,2023,13,25,31,43,57,58,0,56,4691,0,55477.63,946.11,41250269.42,53884660,48000000,77172160.78
1905,21,2,2017,29,35,43,54,56,57,0,22,2351,0,70438.67,941.63,21893399.68,26878204.5,25000000,7711562.87
2194,2,10,2019,8,16,20,21,31,34,0,38,2925,0,42670.91,791.93,14088559.55,28123844,18000000,77075681.25
2316,7,11,2020,2,11,43,49,52,56,0,56,3984,0,57345.38,1151.51,27695638.77,55698781.5,34000000,76761981.63
2511,17,8,2022,4,10,15,39,41,49,0,31,2031,0,55886.42,1218.59,3191408.35,30048804,7500000,76732747.89
2435,7,12,2021,5,22,30,32,33,36,0,46,3051,0,46912.51,1010.43,34440791.34,37428786,40000000,76588786.41
2746,6,7,2024,22,27,30,43,51,56,0,35,2485,0,63470.58,1277.07,4092181.87,38530065,9000000,76531377.95
2626,29,8,2023,1,9,13,16,52,59,0,51,3431,0,48782.47,1035.89,35527314.4,43151235,42000000,76354595.77
1051,25,2,2009,7,10,11,13,43,57,0,66,5281,0,11893.94,148.65,11636051.15,0,14000000,7622521.57
2192,26,9,2019,7,16,37,53,57,59,0,38,2635,0,36389.59,749.69,2547271.23,23983911,5500000,76198795.89
2434,4,12,2021,1,2,14,28,40,51,0,37,3663,0,75710.54,1092.5,30465573.56,48586693.5,37000000,76020898.14
1014,18,10,2008,8,9,25,41,57,60,0,65,3861,0,13760.77,231.66,8859049.04,0,11000000,7600361.16
2315,4,11,2020,1,10,17,26,30,53,0,55,3898,0,40631.54,819,21780010.44,38760129,27000000,75916891.85
2625,26,8,2023,9,10,35,44,55,58,0,47,3624,0,66823.09,1238.04,30944329.62,54473295,37000000,75699883.65
1156,24,2,2010,9,24,31,44,48,49,0,210,15420,0,21432.57,416.97,61659631.2,76877700,70000000,7535323.58
2509,10,8,2022,8,37,39,50,59,60,0,47,2560,0,48983.97,1284.73,20074834.59,39931078.5,27000000,75333148.37
2433,1,12,2021,8,9,32,52,53,57,0,31,2625,0,71625,1208.36,11008240.88,38511067.5,16000000,75283716.51
2190,21,9,2019,5,9,20,25,35,53,0,94,6835,0,29098.66,571.69,39320939.03,47442475.5,44000000,75272400.15
2452,9,2,2022,8,10,51,56,57,58,0,23,2117,0,72470.7,1124.78,3070469.13,28910097,7000000,7499393.76
2624,24,8,2023,5,31,37,47,52,58,0,17,1392,0,101127.88,1764.34,25158857.14,29818040,30000000,74873387.57
2508,6,8,2022,41,45,48,51,53,58,0,26,1510,0,71728.72,1764.37,3435428.42,32346382.5,8000000,74727294.07
2432,27,11,2021,7,29,38,40,44,52,0,21,2572,0,100863.31,1176.47,6918076.69,36737685,12000000,74699407.33
1892,7,1,2017,6,17,22,30,37,50,0,31,2623,0,52421.85,885.07,5209722.53,28186455.5,8000000,744246.11
2623,22,8,2023,10,15,20,35,37,59,0,17,1967,0,76049.64,938.95,2381554.5,22423600,5500000,74420973.34
1469,16,2,2013,4,13,35,54,56,58,0,105,6920,0,15231.81,330.16,14475394.97,27317922,19000000,7430283.35
1654,19,11,2014,7,16,33,42,50,58,0,249,19592,0,34739.5,630.73,114066712.47,147750745,135000000,74299736.91
1998,19,12,2017,8,21,24,25,52,57,0,61,4810,0,36388.03,659.24,42983572.73,38499475,48000000,74236890.71
2313,28,10,2020,3,20,26,45,49,58,0,66,5055,0,54216.4,1011.24,45084336.78,62063154,52000000,74191166.66
1762,18,11,2015,26,32,42,45,55,59,0,219,18595,0,63520.19,1068.71,129954301.54,237608906.5,170000000,74167357.86
1050,21,2,2009,14,24,26,33,45,60,0,66,4590,0,18549.47,266.73,10189998.98,0,12000000,7415942.68
2431,24,11,2021,8,11,22,25,26,36,0,46,2988,0,35595.61,782.84,3016259.01,28399680,7000000,74142004.79
2744,2,7,2024,10,25,26,33,34,38,0,102,8310,0,54826.38,961.37,149420149.67,96994915,170000000,74037041.15
1352,7,1,2012,9,18,24,35,36,59,0,75,6632,0,21559.89,348.3,5171565.92,27619428,8000000,738795.15
2506,2,8,2022,21,22,29,34,40,44,0,12,1145,0,101318.72,1516.93,2239676.89,21087747,6000000,73764473.84
2124,13,2,2019,2,11,20,31,43,47,0,41,3660,0,48151.82,770.57,21431176.83,34242306,26000000,7368462.53
1997,16,12,2017,1,7,14,31,35,46,0,86,6280,0,36389.62,711.89,38894707.46,54280324,43500000,73652767.08
2344,13,2,2021,11,17,25,38,52,57,0,59,4548,0,42795.9,793.11,24888687.84,43793878.5,29000000,7345762.6
2312,24,10,2020,3,27,39,46,47,60,0,43,3773,0,71554.38,1164.98,38492764.36,53365909.5,45000000,73249513.44
2012,8,2,2018,8,11,27,35,36,51,0,107,6828,0,32506.98,727.72,60116947.1,60329097.5,70000000,7321844.58
1259,19,2,2011,4,6,39,46,54,58,0,74,5240,0,21208.42,427.86,19695537.06,26806906,23000000,7306758.51
1904,18,2,2017,12,15,18,21,51,56,0,82,4003,0,20742.5,607,19038780.05,29501318,22000000,7303760.06
1996,13,12,2017,7,20,21,24,40,56,0,144,4933,0,19401.81,809.08,33129825.41,48458620,39000000,72829212.49
2429,17,11,2021,11,37,53,55,56,60,0,31,2462,0,63435.43,1141.05,33113631.63,34107727.5,38000000,72771565.92
2743,29,6,2024,13,25,27,30,37,53,0,147,9980,0,40291.15,847.8,111008279.37,102727395,120000000,72565385.79
2504,27,7,2022,14,33,41,42,44,55,0,39,2885,0,46871.7,905.17,17766858.97,31705497,22000000,72515324.18
994,9,8,2008,3,20,29,40,44,58,0,47,3838,0,31786.28,389.25,21402602.8,0.01,25000000,724904.25
2311,22,10,2020,3,5,9,35,43,60,0,58,5162,0,42990.76,690.06,32824904.54,43247637,38000000,72439819.16
2558,25,1,2023,2,10,18,25,34,44,0,181,11265,0,28883.07,662.96,61019360.61,90673659,75000000,7243110.24
2428,13,11,2021,3,9,25,28,29,39,0,50,4168,0,39761.94,681.41,3662283.5,34482343.5,8000000,72254066.41
1995,9,12,2017,14,26,29,35,37,39,0,66,4840,0,38617.02,752.27,27983241.76,44206799,33000000,72093986.24
1653,14,11,2014,1,21,22,27,32,45,0,134,12071,0,39421.72,625.17,65696928.82,90229207.5,80000000,72023385.71
1365,22,2,2012,2,24,26,32,35,50,0,52,3368,0,23397.34,516.05,18427847.04,20781492,22000000,7200250.08
2310,20,10,2020,13,17,28,29,42,53,0,52,3573,0,34291.23,712.94,28231681.13,30927559.5,32000000,71783644.37
2681,27,1,2024,10,20,30,42,47,53,0,73,5852,0,61715.9,1099.8,66064504.78,78141040,76000000,7174406.59
1790,13,2,2016,11,13,26,27,28,50,0,72,5672,0,34557.38,626.67,19485858.98,43155861,24000000,7161093.17
1994,6,12,2017,2,5,12,32,40,44,0,51,3686,0,35175.84,695.28,23288225.9,31115808.5,28000000,71423269.68
2309,17,10,2020,9,11,29,30,33,60,0,38,3092,0,46985.6,824.91,24946942.36,30967605,29000000,71314395.95
2502,20,7,2022,16,20,21,39,44,55,0,103,2914,0,22920.73,1157.38,8248378.04,40947273,13000000,71248600.28
2742,27,6,2024,2,11,25,32,37,57,0,100,6897,0,46113.19,955.13,100097859.57,79980555,110000000,71006754.38
1993,2,12,2017,6,17,33,48,50,57,0,39,3063,0,42108.85,765.93,3025188.6,28484228.5,6700000,70951172.88
1652,12,11,2014,7,24,26,28,44,57,0,391,22215,0,14612.95,367.42,55965989.43,97593625,67000000,70633251.5
2501,16,7,2022,11,27,32,40,58,59,0,30,2331,0,70561.85,1297.33,3899470.54,36715585.5,9000000,70627327.76
2002,6,1,2018,4,28,30,38,46,59,0,24,2214,0,69257.39,1072.51,4942816.72,28829944.5,8500000,706116.7
2187,11,9,2019,10,11,16,21,46,50,0,124,10072,0,40602.31,714.09,92102746.61,87325042,100000000,70555105.72
1761,14,11,2015,9,10,36,50,53,55,0,176,17821,0,55056.18,776.76,104328919.97,165510502.5,130000000,70506589.05
2619,9,8,2023,5,36,39,41,44,50,0,83,6849,0,76879.44,1330.95,99084383.99,110674495,115000000,70416477.7
2307,10,10,2020,16,33,38,46,53,55,0,45,2828,0,41739.35,948.81,3459972.23,32577475.5,6500000,70389092.21
1247,8,1,2011,3,9,11,24,36,51,0,164,9543,0,9098.41,223.37,4896902.11,25486842,8000000,699557.47
2741,25,6,2024,1,33,35,39,42,56,0,53,4953,0,75394.71,1152.52,91603324.78,69306820,100000000,69793249.39
1012,11,10,2008,14,19,40,47,55,58,0,43,3755,0,34250.51,392.21,12923432.48,0,16000000,6972845.83
2426,6,11,2021,5,11,24,27,32,57,0,249,15271,0,25132.53,585.42,76603928.34,108541264.5,90000000,69687577.51
1572,8,2,2014,20,27,42,45,46,47,0,93,11613,0,46724.09,534.54,41752746.75,74221658,50000000,6954935.86
1991,25,11,2017,19,20,28,34,36,44,0,80,6152,0,48195.29,895.32,58322202.57,66874573.5,65000000,69435340.94
2499,9,7,2022,11,19,38,47,56,59,0,30,3158,0,74169.24,1006.54,21692427.8,38592625.5,27000000,69242711.05
2186,9,9,2019,12,18,19,27,41,46,0,131,11409,0,39638.11,650.18,82828325.78,90063869,90000000,69230188.45
1651,8,11,2014,8,27,35,38,41,44,0,145,12024,0,31866.3,548.97,45440820.51,78923522.5,55000000,69129655.92
1258,16,2,2011,11,26,47,55,57,59,0,27,2688,0,45045.03,646.37,2240397.48,20773872,5000000,6893752.58
1364,18,2,2012,10,13,20,40,44,53,0,60,4436,0,26450.47,511.08,16186627.78,27107626,19000000,6880075.89
2740,22,6,2024,13,16,17,34,41,47,0,108,6950,0,38469.76,854,84242420.69,72061375,93000000,68741691.65
2618,5,8,2023,6,17,29,35,45,48,0,121,9213,0,49036.67,920.04,59396034,102911905,75000000,68737268.92
1143,9,1,2010,3,30,35,44,47,60,0,52,3686,0,24432.56,492.4,4811454.35,21700966,7000000,687350.67
1903,15,2,2017,9,10,15,28,43,45,0,41,3205,0,33533.69,612.82,2532676.2,23846886,5000000,6856158.71
2123,9,2,2019,14,15,47,50,56,59,0,28,2301,0,67090.9,1166.29,6151484.68,32582774,10000000,6848929.74
1676,7,2,2015,1,2,11,37,48,51,0,46,4406,0,40843.61,609.17,3460958.48,32091407.5,7000000,6848302.23
1990,22,11,2017,11,24,26,34,37,59,0,78,5852,0,41488.51,789.98,51219738.92,56129209.5,60000000,68420703.27
2425,3,11,2021,10,31,38,46,49,54,0,75,5048,0,57727.72,1225.26,65076031.99,75093943.5,75000000,68040735.17
2305,3,10,2020,7,16,22,38,55,57,0,124,9225,0,48190.57,925.37,89518834.75,103643721,100000000,67964668.78
1760,13,11,2015,10,24,25,36,47,48,0,206,14689,0,34046.2,682.09,86479127.04,119796096,110000000,67956618.62
1650,5,11,2014,17,23,29,38,57,60,0,133,10962,0,28160.94,488.1,36929164.09,63974315,45000000,67913704.99
2185,4,9,2019,9,18,19,22,42,47,0,115,9835,0,36432.16,608.56,73263025.8,72669009,80000000,67863717.02
2739,20,6,2024,19,25,37,45,47,53,0,79,4990,0,40920.93,925.49,76588962.21,56070170,86000000,67648340.43
1989,18,11,2017,15,22,30,32,40,58,0,47,3280,0,56106.95,1148.53,45258494.61,45738399,50000000,67569096.93
2230,1,2,2020,7,17,26,39,56,60,0,75,6440,0,61137.23,1017.14,71624488.16,79529139,80000000,6748576.78
2497,2,7,2022,5,14,23,46,48,52,0,87,6309,0,42861.28,844.35,43541372.7,64676065.5,55000000,67472973.82
2617,2,8,2023,3,14,36,42,43,44,0,83,6354,0,56735.82,1058.74,48466017.86,81676040,60000000,67175838.03
2424,30,10,2021,3,16,17,37,38,53,0,101,6968,0,41070.64,850.44,57100491.99,71946909,65000000,66901372.3
1988,16,11,2017,5,10,39,42,46,54,0,87,5711,0,29177.91,634.98,27974872.76,44029100.5,33000000,66875142.54
2343,10,2,2021,4,31,42,45,49,56,0,24,2507,0,83892.9,1147.31,7025600.31,34921728,11000000,6681299.97
2738,18,6,2024,2,19,25,44,46,60,0,75,5607,0,41783.52,798.43,53023186.23,54353255,60000000,66797615.77
2108,18,12,2018,19,22,29,41,44,59,0,58,4051,0,41585.34,850.56,45845920.47,41834506,50000000,66787334.74
2184,31,8,2019,15,36,45,51,52,59,0,64,5158,0,55232.15,979.02,65545159.82,61310991,72000000,66761164.73
2496,30,6,2022,7,26,31,38,46,58,0,50,3505,0,54371.58,1108.04,36672289.48,47152120.5,43000000,66491676.2
2304,30,9,2020,12,21,29,54,56,57,0,90,5934,0,47955.93,1039.05,78511094.25,74858998.5,90000000,66392134.4
1648,29,10,2014,15,16,18,20,22,48,0,98,5545,0,17711.66,447.18,3197419.78,29647770,7000000,66306333.55
1987,11,11,2017,10,14,31,34,45,58,0,59,3920,0,38516.27,828.15,23298729.51,39415096,29000000,66207122.08
2107,15,12,2018,8,38,44,50,56,60,0,72,5454,0,46944.97,885.33,41402855.76,58625686,48000000,66152611.19
1457,5,1,2013,15,16,34,42,46,59,0,96,6867,0,18748.79,374.43,4629202.83,30743352,7500000,661314.73
1759,10,11,2015,2,14,21,22,51,60,0,70,5957,0,50966.89,855.57,73559490.68,60938664.5,80000000,66110956.27
2737,15,6,2024,16,20,30,34,37,45,0,67,4208,0,52990.78,1205.31,47250462.9,61579250,53000000,65972940.99
2616,29,7,2023,6,16,23,35,38,49,0,103,6817,0,39221.73,846.58,39791409.84,70068555,50000000,65936608.29
1011,8,10,2008,2,11,21,30,35,52,0,113,3889,0,10999.46,319.6,10210432.01,0,12500000,6585274.33
2183,28,8,2019,13,26,30,34,43,51,0,74,6087,0,42642.36,740.57,41460901.74,54731757.5,47000000,65830939.11
2423,27,10,2021,16,18,38,48,51,60,0,40,3295,0,82766.6,1435.36,32977458.15,57421480.5,40000000,65809757.8
2495,28,6,2022,8,12,14,30,33,41,0,37,3602,0,54647.64,801.92,31664380.64,35069728.5,37000000,65776260.65
1986,9,11,2017,23,36,43,44,55,56,0,41,3164,0,46212.57,855.47,19112620.03,32863243,24000000,65609106.42
1047,11,2,2009,1,2,8,10,14,48,0,148,8110,0,6309.4,115.14,1720141.14,0,3500000,6548482.08
2106,12,12,2018,3,27,36,39,40,43,0,82,5610,0,35639.55,744.19,35176471.32,50688848,42000000,65263127.68
2303,26,9,2020,3,7,17,20,48,50,0,145,8431,0,28857.2,708.99,50738496.78,72574060.5,60000000,65256336.23
1887,20,12,2016,11,23,34,41,46,56,0,54,3496,0,40268.09,888.55,34840603.05,37715622,40000000,65208170.24
1758,7,11,2015,6,11,16,23,36,42,0,230,13800,0,21071.57,501.7,45892144.25,82781160,55000000,65172092.63
1985,7,11,2017,9,28,29,34,36,55,0,36,2503,0,38578.22,792.65,15622354.96,24088571.5,19000000,65110497.11
1789,10,2,2016,6,25,43,57,58,59,0,16,1574,0,55476.51,805.61,14902458.79,15395562,18000000,6506321.7
2736,13,6,2024,11,17,24,26,35,43,0,69,4581,0,39700.69,854.25,40710284.71,47512335,47000000,65038629.81
2182,24,8,2019,19,22,39,46,47,59,0,66,5179,0,46519.4,846.9,35648074.87,53253049.5,42000000,65000535.25
2422,23,10,2021,2,7,10,20,30,46,0,110,6942,0,26323.93,595.88,26878866.26,50223001.5,33000000,64938530.38
2615,27,7,2023,5,7,22,23,41,59,0,82,5737,0,37333.91,762.31,32349603.79,53097810,40000000,64873493.13
1984,4,11,2017,21,29,32,35,43,50,0,13,1743,0,104873.13,1117.4,13064010.38,23646889,16000000,64745019.31
1886,17,12,2016,3,7,15,40,45,54,0,72,6962,0,39561.62,584.48,30834987.47,49405237,36000000,64635939.43
1363,15,2,2012,25,35,42,45,52,57,0,36,2744,0,36166.13,677.83,2398385.4,22238800,5000000,6462436.87
2105,8,12,2018,11,13,16,24,31,46,0,106,6029,0,22882.49,574.73,29793024.64,42070290.5,36000000,64494063.86
2735,11,6,2024,5,33,46,47,53,59,0,62,4504,0,41177.36,809.75,35664118.4,44280185,40000000,64317748.89
2181,21,8,2019,1,8,19,33,36,48,0,138,8329,0,19778.72,468.15,29992295.27,47341682.5,35000000,64192566.73
1646,22,10,2014,19,23,34,40,41,58,0,126,10700,0,39714.43,668.09,49422466.37,85472367.5,60000000,64188461.26
2421,21,10,2021,2,3,32,35,48,57,0,49,3678,0,47248.93,899.24,21544806.83,40155714,26500000,64176521.88
2302,23,9,2020,18,22,25,27,43,44,0,126,6684,0,27380.62,737.35,43030587.25,59837436,50000000,64155206.28
2011,6,2,2018,2,28,32,35,54,58,0,119,5949,0,21054.02,601.64,53709650.58,43455856.5,59000000,6406516.49
1757,4,11,2015,13,25,28,37,43,56,0,311,11196,0,11158.23,442.78,36964453.62,59273746,44000000,63896708.23
1885,14,12,2016,7,14,18,23,32,59,0,88,6170,0,27665.59,563.68,25587867.65,42226884,33000000,63886350.87
2104,6,12,2018,2,10,12,27,45,56,0,79,5762,0,23992.25,469.92,25324918.26,32874912,30000000,63855762.93
2493,22,6,2022,4,9,37,43,44,56,0,149,9549,0,34422.27,767.3,68374657.73,88957993.5,80000000,63760103.71
2420,19,10,2021,5,8,29,39,44,60,0,18,2198,0,86921.91,1016.89,17279968.84,27136948.5,21000000,63567259.3
2122,6,2,2019,3,11,15,21,27,49,0,92,4938,0,15878.62,422.62,2691007.02,25337679.5,5500000,6354575.76
1155,20,2,2010,20,28,40,41,51,58,0,76,6061,0,47668.53,853.89,53368610.37,61880258,61000000,6350892.01
2180,17,8,2019,10,12,16,21,28,38,0,95,6869,0,28276.52,558.67,24964336.79,46592493.5,31000000,63474286.93
2103,4,12,2018,3,13,40,44,46,50,0,40,2226,0,34939.71,896.92,8710512.49,24240730.5,12000000,63356976.58
1981,25,10,2017,6,15,19,37,39,53,0,85,5215,0,24999.36,582.09,16157440.72,36856522.5,20000000,63355077.59
2301,19,9,2020,17,18,35,36,47,52,0,66,4333,0,44296.26,963.88,36675402.78,50707269,43000000,63247322.77
1884,10,12,2016,1,4,23,32,38,59,0,47,3839,0,43216.38,755.84,21103130.14,35230006,25000000,63245674.06
2102,1,12,2018,4,6,17,34,51,57,0,77,4557,0,25027.75,604.13,6136007.75,33425577.5,10000000,62989190.17
1756,31,10,2015,6,13,14,28,35,45,0,134,10310,0,26039.14,483.47,30571964.48,59598896,39000000,62983495.49
1645,18,10,2014,8,18,21,31,37,38,0,137,8400,0,29198.03,680.29,40204537.38,68325217.5,50000000,62871614.25
2613,22,7,2023,14,26,40,42,46,52,0,70,5774,0,80398.82,1392.42,59627878.97,97612840,70000000,62837684.98
1980,21,10,2017,12,16,17,18,34,37,0,77,4689,0,22167.05,520.02,12243066.43,29605005.5,16000000,62795881.26
2179,14,8,2019,2,13,24,35,50,54,0,55,4563,0,34715.39,597.77,20015946.48,33117017.5,24000000,62767374.01
1788,6,2,2016,3,13,42,45,56,59,0,41,3508,0,35064.86,585.46,2648319.8,24935750,3500000,6272736.38
1883,7,12,2016,16,27,28,47,59,60,0,30,2896,0,56930.77,842.5,6095905.09,29623391,9600000,62711155.64
1010,4,10,2008,2,3,13,37,46,54,0,61,4679,0,18487.52,241.02,7920807.17,0,10000000,6258185.06
2101,28,11,2018,2,8,18,37,56,58,0,61,3852,0,23013.76,520.63,2586019.52,24349150,6000000,62482048.98
2300,17,9,2020,9,21,37,39,43,54,0,76,3877,0,29541.74,827.28,31289910.51,38941159.5,36000000,62477966.72
2418,13,10,2021,2,11,19,27,57,60,0,80,3919,0,21123.67,616,6749009.06,29310183,10500000,62475447.89
2492,18,6,2022,10,30,31,33,42,52,0,65,6645,0,71634.15,1001.01,58926651.64,80759331,70000000,62410388.54
1348,22,12,2011,7,12,38,39,45,56,0,89,5009,0,15808.64,401.26,4273242.73,24032082,7000000,62406856.67
2178,10,8,2019,2,16,21,42,50,56,0,25,2304,0,63031.11,977.04,5322631.02,27331370.5,9000000,62264914.37
1882,3,12,2016,9,10,19,35,37,41,0,25,3054,0,64051.3,749.03,2949730.9,27773742.5,6000000,62261702.19
1755,28,10,2015,2,5,8,18,30,48,0,123,8784,0,23130.69,462.7,24144408.92,48595981,30000000,62065273.25
1347,20,12,2011,9,19,45,46,54,56,0,38,2940,0,24020.82,443.53,1681457.45,15591154,4000000,62036601.62
2417,9,10,2021,3,7,10,11,27,46,0,131,7708,0,15067.6,365.82,3636047.8,34235320.5,6500000,62030739.12
1978,17,10,2017,2,6,22,44,55,57,0,29,2089,0,30492.05,604.71,1628917.22,15337374.5,4000000,62014907.2
2299,15,9,2020,2,3,19,40,44,60,0,22,1903,0,55054.82,909.24,27154067.32,21007638,32000000,61887131.98
2733,6,6,2024,14,20,21,39,44,56,0,117,7450,0,47166.5,1058.19,101620509.1,95714725,112000000,61862486.44
2450,2,2,2022,2,6,11,15,17,39,0,94,5633,0,26814.82,639.24,20289204.34,43718166,26000000,6184592.04
1644,15,10,2014,10,13,16,22,34,60,0,92,8884,0,30918.2,457.39,32835875.18,48585737.5,40000000,61818948.22
1139,26,12,2009,9,28,31,36,37,42,0,25,2049,0,31748.14,553.37,61731493.11,13557048,120000000,61731493.11
2112,5,1,2019,17,39,43,46,52,53,0,34,2547,0,48935.85,933.2,4312684.25,28858417,8000000,616097.77
2298,12,9,2020,13,17,21,31,41,49,0,46,3133,0,41659.96,873.81,6032170.56,33238080,9000000,61568393.58
2342,6,2,2021,17,20,24,27,40,60,0,35,2233,0,51441.93,1151.85,3316650.89,31228029,7500000,6151450.04
2612,19,7,2023,20,27,34,44,50,54,0,50,3638,0,90719.26,1781.18,49260663.27,78673555,60000000,61356654.15
1976,11,10,2017,12,14,19,25,52,59,0,62,3551,0,24797.36,618.51,2832119.78,26666353,6000000,61345429.46
1754,24,10,2015,20,27,30,31,40,53,0,22,1958,0,79256.27,1272.17,18903483.52,29782637.5,23000000,61316569.61
1880,26,11,2016,5,16,19,37,51,56,0,65,5045,0,33082.62,608.91,14794344.48,37297494.5,20000000,61251198.12
2491,15,6,2022,22,29,38,43,48,53,0,83,6198,0,53600.57,1025.41,50349405,77162584.5,60000000,61185067.58
1345,14,12,2011,7,17,19,26,40,50,0,74,6043,0,28067.82,491,19645695.09,35477030,24000000,61115853.23
1643,11,10,2014,16,19,20,28,37,60,0,60,5152,0,45113.02,750.54,12698523.41,46233842.5,18500000,61070402.39
2297,9,9,2020,20,22,35,40,41,59,0,14,1200,0,97017.77,1616.96,2502037.19,23558008.5,6000000,61064088.78
2175,3,8,2019,7,25,32,43,53,55,0,73,5485,0,39289.03,746.99,26848778.98,49746280.5,32000000,60982114.6
2099,21,11,2018,5,15,20,27,30,58,0,97,7549,0,34495.53,633.2,60511157.87,58036464.5,70000000,60873285.26
2415,2,10,2021,10,12,26,29,35,60,0,61,4773,0,45170.89,824.7,29393937.79,47791174.5,35000000,60608403.36
1558,19,12,2013,7,15,17,31,42,54,0,186,11538,0,18644.94,429.38,44641902.75,59235314,53000000,60449153.98
2732,4,6,2024,1,3,16,18,49,60,0,94,6173,0,51300.81,1115.98,91454887.45,83639475,100000000,60410254.76
1642,8,10,2014,3,23,42,43,47,60,0,53,5355,0,41286.03,583.74,7712347.3,37375397.5,12500000,60358091.51
2174,31,7,2019,10,15,34,36,56,60,0,52,3892,0,38251.95,730.1,21565438.38,34500333,26000000,60227351.64
2611,15,7,2023,4,12,18,21,25,49,0,178,9213,0,25434.22,702,40904941.68,78523150,50000000,60162979.62
1878,19,11,2016,12,16,26,40,56,57,0,36,2981,0,58126.73,1002.8,9073702.73,36294835.5,13400000,60130474.92
2490,11,6,2022,11,16,17,41,46,59,0,65,5432,0,65482.06,1119.38,42154159.81,73823548.5,52000000,60014318.26
2098,17,11,2018,2,8,18,27,38,60,0,85,6551,0,33312.96,617.48,37805495.92,49113232,43500000,59992741.57
2680,25,1,2024,3,11,42,45,46,57,0,70,4756,0,49683.45,1044.64,57765340.28,60321065,65000000,5988811.64
2414,30,9,2021,4,5,6,14,29,38,0,39,3415,0,47324.83,772.08,24318156.63,32012005.5,29000000,59883291.75
1641,4,10,2014,23,29,30,33,46,51,0,47,4951,0,42522.2,576.66,3681526.94,34136607.5,8000000,59782260.02
2173,27,7,2019,2,9,42,44,48,50,0,51,3884,0,35892.64,673.28,6019424.06,31749879,10000000,59703903.99
1752,17,10,2015,9,36,37,53,55,60,0,70,5668,0,49588.74,874.88,39046695.13,59290882,46000000,59673575.98
1343,7,12,2011,19,20,31,42,51,56,0,58,6113,0,50455.78,683.89,31130032.72,49985698,37000000,59660486.92
1877,16,11,2016,13,16,23,24,32,35,0,90,4306,0,15617,466.3,5218982.82,24378487,8400000,59579800.64
1557,17,12,2013,4,16,18,31,45,46,0,123,8744,0,20612.58,414.21,38253558.38,43305632,44000000,59536533.35
1243,22,12,2010,9,19,23,29,32,57,0,139,8401,0,15365.51,363.18,29616886.54,36481150,34000000,59481097.3
2413,28,9,2021,3,22,37,40,41,48,0,12,1759,0,114924.54,1120.03,9475739.63,23919565.5,12800000,59397589.58
1973,30,9,2017,1,12,16,17,52,60,0,110,7294,0,32691.06,704.3,47107945.05,62371778,55000000,59255915.41
2097,14,11,2018,9,24,28,45,49,51,0,113,6422,0,25984.88,653.17,32589388.72,50929053,37000000,59247583.38
2172,24,7,2019,9,24,28,37,43,57,0,73,3356,0,19687.16,611.76,2647404.63,24927133,6000000,59222186.91
1876,12,11,2016,7,18,39,41,44,51,0,23,2308,0,62070.94,883.65,2629847.55,24761821,5800000,59209924.16
2731,1,6,2024,4,12,32,45,49,58,0,126,9008,0,45794.77,915.08,82571747.91,100079640,95000000,59141234.81
2412,25,9,2021,9,16,34,36,49,60,0,37,3285,0,59039.36,949.97,6935302.38,37888083,10000000,59034669.97
2295,2,9,2020,6,13,26,28,35,41,0,162,9693,0,33025.53,788.51,82386315.18,92794887,95000000,59001715.04
2610,12,7,2023,10,23,34,53,55,57,0,97,6983,0,38165.5,757.36,32565194.23,64209900,40000000,58971587.11
1242,20,12,2010,11,34,45,48,51,54,0,19,2046,0,46855.32,621.59,25682508,15206152,29000000,58919043.21
2489,8,6,2022,3,10,13,25,41,42,0,92,6187,0,29078.19,617.69,34313545.28,46399621.5,40000000,58894230.46
1342,3,12,2011,5,7,42,46,50,60,0,102,8092,0,27452.98,494.35,25739230.68,47829560,31000000,58890372.31
1556,14,12,2013,1,4,7,10,11,52,0,549,26705,0,6125.83,179.9,33583180.67,57443904,40000000,58869336.52
1751,15,10,2015,15,22,23,42,51,57,0,47,4580,0,56298.89,825.34,32652357.92,45196469.5,40000000,58760099.22
1241,18,12,2010,10,13,25,26,28,45,0,181,12556,0,12479.72,257,24042571.82,38582506,26000000,58684766.59
2557,21,1,2023,3,13,16,25,27,33,0,261,16523,0,20176.41,455.29,51389137.98,91336333.5,63000000,5867364.13
2096,10,11,2018,6,11,13,19,24,51,0,185,10842,0,14941.13,364.2,27180430.89,47942611.5,33000000,58474875.1
2411,22,9,2021,7,26,29,34,43,44,0,35,2517,0,45154.92,896.99,2911303.81,27411471,7000000,58459813.02
1972,27,9,2017,9,16,20,54,57,59,0,85,5317,0,36786.15,840.11,40483704.13,54233763.5,47000000,58309595.26
1874,8,11,2016,10,28,37,43,44,47,0,16,1933,0,85109.69,1006.39,25420134.55,23619214.5,29000000,58223234.72
2488,4,6,2022,17,31,34,40,56,57,0,39,2541,0,54865.83,1202.99,3941676.88,37112980.5,9000000,58190232.19
1341,30,11,2011,1,11,20,37,40,52,0,90,6566,0,26529.68,519.48,20580961.4,40783200,25000000,58153476.7
2170,17,7,2019,10,21,24,36,38,51,0,79,4697,0,28962.87,695.9,16973996.11,39685793,22000000,58129046.82
1571,5,2,2014,3,29,32,46,55,60,0,176,11857,0,20467.75,434.02,33748171.78,61530392,41000000,5811425.14
1240,15,12,2010,8,9,12,22,42,49,0,123,8257,0,15840.7,337.1,19881568.56,33280228,24000000,58090337.54
1750,13,10,2015,15,17,20,31,41,48,0,23,1865,0,51788.31,912.39,27778059.26,20345405.5,32000000,58063770.83
1777,6,1,2016,4,19,38,44,52,55,0,62,3484,0,28129.17,715.1,4064145.66,30249282,7500000,580592.28
2609,8,7,2023,3,21,27,32,35,60,0,50,4420,0,61254.15,989.88,25745621.28,53120820,35000000,57997362.39
1555,11,12,2013,2,5,23,33,52,59,0,167,13033,0,16791.74,307.37,27388034.29,47898192,33000000,57984315.6
1873,5,11,2016,5,25,28,41,53,54,0,27,3152,0,61995.05,758.64,5623707.57,29032685.5,9000000,57864878.1
1749,10,10,2015,3,13,14,29,33,43,0,78,7101,0,28649.13,449.56,25583870.58,38169180,31000000,57750315.28
2095,7,11,2018,16,29,35,43,49,56,0,78,4637,0,30872.83,741.88,22088650.3,41767404,27000000,57747477.85
2730,28,5,2024,7,24,29,41,46,60,0,97,5209,0,39704.6,1056.23,71942539.55,66799280,80000000,57622776.45
1045,4,2,2009,1,5,6,17,31,50,0,102,8623,0,17541.75,207.5,19241182.43,0,23000000,5761267.4
2294,29,8,2020,9,15,20,33,41,43,0,49,5779,0,85567.49,1036.46,72530802.23,72721714.5,82000000,57593784.6
1239,11,12,2010,1,15,37,39,48,52,0,57,3794,0,27226.64,584.35,16292399.49,26507920,20000000,57577599.08
2169,13,7,2019,7,34,45,51,54,59,0,18,2145,0,77574.63,929.96,12759137.05,24219139,16000000,57526924.07
1340,26,11,2011,13,21,30,36,59,60,0,71,6148,0,29502.9,486.73,16182620.14,35779136,20000000,57525142.22
1971,23,9,2017,4,10,41,44,52,54,0,39,4001,0,67779.73,943.83,34723767.08,45849107.5,40000000,57486747.09
2010,3,2,2018,8,10,18,34,39,56,0,106,7436,0,33705.4,686.38,49094389.13,61968606,56000000,5747193.41
1872,3,11,2016,11,13,25,39,46,56,0,25,2790,0,55160.14,706.09,2540269.69,23918384,5000000,57424386.96
2409,15,9,2021,2,29,39,49,52,58,0,23,1364,0,67950.86,1636.85,19677953.62,27107037,23500000,57282723.08
1554,7,12,2013,30,32,49,50,52,53,0,60,4098,0,37772.91,790.06,22222363.27,38711366,27500000,57246362.58
2608,5,7,2023,7,13,17,24,29,52,0,113,7355,0,18434.9,404.61,3837368.32,36130860,9000000,57191386.73
1238,8,12,2010,13,14,24,39,40,45,0,41,3065,0,28938.22,553,2185597.01,20265740,5000000,57169199.54
1748,7,10,2015,2,10,13,41,49,53,0,76,3731,0,22602.38,657.72,3164333.37,29340979.5,7000000,57162254.23
2094,3,11,2018,4,16,19,31,33,44,0,66,4528,0,26830.9,558.69,17652712.2,30714652.5,22000000,57113772.39
1008,27,9,2008,7,13,15,34,42,48,0,159,8123,0,6334.47,124,3337751.69,0,5000000,5697711.74
1339,23,11,2011,7,10,14,16,54,59,0,58,5087,0,23616.19,384.66,12323951.62,23396164,16000000,56973903.84
1638,24,9,2014,1,2,38,41,42,58,0,143,9363,0,34576.39,754.4,46095623.18,84454425,55000000,56882877.73
1970,21,9,2017,5,10,18,24,39,52,0,87,6153,0,25762.24,520.37,29854328.64,38874909.5,35000000,56791113.01
2167,9,7,2019,27,37,38,43,45,54,0,37,1971,0,28747.3,770.92,5130274.8,18448678.5,7500000,56724215.7
1901,8,2,2017,11,12,26,30,37,53,0,60,4645,0,46078.62,850.28,29637954.24,47953150,35000000,5665384.27
1553,4,12,2013,20,21,22,29,46,60,0,48,3788,0,39092.63,707.66,6533974.54,32051102,11000000,56649948.22
2093,31,10,2018,8,14,27,34,52,54,0,46,3177,0,33553.03,694.02,5262116.11,26770471,10000000,56647762.03
2729,25,5,2024,20,27,41,47,53,54,0,59,3760,0,62041.66,1390.75,64847955.03,63488445,75000000,56609264.36
1361,8,2,2012,23,27,30,37,38,44,0,38,3381,0,36490.98,585.9,2554368.24,23685136,5000000,5660064.59
2293,26,8,2020,1,2,10,37,42,48,0,69,5498,0,51206.89,918.06,45738828.97,61282534.5,52000000,56490414.38
2166,6,7,2019,3,19,34,44,56,58,0,44,3749,0,39121.73,655.92,3170919.23,29856382.5,6000000,56444307.75
2092,27,10,2018,11,13,15,17,22,27,0,175,6609,0,7503.65,283.84,2418938.4,22775966.5,5500000,56241593.77
1969,19,9,2017,8,20,30,32,48,59,0,20,1999,0,73292.36,1047.55,25725590.06,25424658,30000000,56201293.19
1236,1,12,2010,3,8,17,20,38,53,0,136,9270,0,16352.7,342.72,25248033.37,37987018,30000000,56156615.97
1552,30,11,2013,7,18,24,26,39,46,0,122,7839,0,13693.19,304.44,3077362.89,28534554,6500000,56156146.53
1337,16,11,2011,2,20,35,38,45,51,0,30,2680,0,39144.08,625.97,2163225.69,20058304,5000000,56144128.12
1256,9,2,2011,26,33,35,38,43,53,0,121,8843,0,26009.88,508.42,45513494.46,53756440,52000000,5586547.1
2407,8,9,2021,13,17,31,43,54,55,0,45,4411,0,62896.47,916.65,39214037.44,49090567.5,45000000,55856719.02
1968,16,9,2017,35,36,39,44,48,52,0,48,3782,0,46060.89,835.12,9819560.22,38347757,13400000,55815543.95
2728,23,5,2024,2,9,11,25,43,51,0,83,4779,0,34712.93,861.25,40886025.4,49972210,47000000,55645985.92
1453,20,12,2012,6,13,25,32,47,57,0,282,14237,0,10734.25,303.74,42752088.24,51704394,48000000,55604083.17
2606,29,6,2023,2,10,16,32,45,49,0,107,4433,0,26341.39,908.29,37073696.49,48885680,43000000,55602982.9
1637,20,9,2014,1,5,24,47,55,56,0,144,11489,0,28113.34,503.37,36987476.12,69148332.5,45000000,55581713.86
1235,27,11,2010,10,16,20,26,49,55,0,83,6028,0,25186.56,495.42,21151251.64,35707024,25000000,55571361.42
2292,22,8,2020,6,16,18,33,42,57,0,94,5865,0,36313.4,831.43,39230164.19,59204407.5,47000000,55560605.11
1870,26,10,2016,18,20,30,32,33,40,0,98,7040,0,48674.1,967.95,65963826.04,82735219,75000000,55549438.8
1746,30,9,2015,6,18,37,40,41,58,0,106,5849,0,36347.41,941.02,37593686.76,65809135,45000000,55446114.04
2229,29,1,2020,6,11,29,40,41,58,0,64,4315,0,53757.09,1139.03,63177897.14,59672605.5,70000000,5541920.91
2485,28,5,2022,5,12,32,38,47,60,0,188,13488,0,46388.86,923.68,105695165.13,151262352,120000000,55406558.27
2090,23,10,2018,8,11,18,37,40,51,0,43,2659,0,32027.59,739.9,16563354.06,23886863,20000000,55401525.29
1465,2,2,2013,6,11,16,26,44,53,0,117,7939,0,23295.61,490.45,24137821.57,46555048,30000000,5527260.6
1967,13,9,2017,13,30,32,39,46,54,0,43,3175,0,40787.97,789.14,5746808.26,30420544,10000000,55233722.23
2332,6,1,2021,12,33,35,36,44,52,0,32,2688,0,49795.46,846.86,3866325.36,27637510.5,8000000,552332.23
2164,29,6,2019,16,17,25,47,48,58,0,51,3431,0,43294.26,919.35,29761158.96,38297196,34400000,55211713.68
2406,4,9,2021,8,12,29,43,54,60,0,64,5120,0,54257.75,968.88,34000251,60228355.5,40000000,55111892.38
2089,20,10,2018,5,10,32,38,48,49,0,29,2665,0,53143.74,826.14,14026432.08,26731082,18000000,55039107.86
1674,31,1,2015,22,30,42,50,58,59,0,49,2994,0,47493.31,1110.39,23391433.62,39749837.5,30000000,5502211.59
1234,24,11,2010,3,5,19,24,30,35,0,120,9102,0,12853.8,242.09,17300360.17,26346304,21000000,55021234.06
2727,21,5,2024,4,32,39,48,51,57,0,58,3350,0,47840.9,1183.27,35578601.91,48126755,42000000,54887782.55
2605,27,6,2023,5,11,26,35,46,54,0,36,3055,0,59197.35,996.54,31881670.64,36962730,37000000,54861264.91
1452,18,12,2012,2,14,28,50,57,58,0,60,5878,0,36504.89,532.32,37175930.17,37411840,41000000,54807489.15
1966,9,9,2017,10,13,19,32,40,60,0,29,2758,0,47097.01,707.45,2515971.84,23689603,5500000,54772174.17
1334,5,11,2011,1,6,8,10,25,27,0,392,16794,0,4246.2,141.59,17351264.84,28431066,21000000,54746461.03
2291,19,8,2020,12,26,31,36,37,49,0,37,3269,0,79084.35,1278.73,32942212.09,50751810,40000000,54662326.23
2163,26,6,2019,8,18,20,24,36,45,0,75,4758,0,23088.84,519.92,6044795.82,30035148.5,10000000,54630659.09
1233,20,11,2010,22,29,32,49,54,59,0,33,3057,0,43459.53,670.2,4616624.43,24496594,8000000,54615324.5
1636,17,9,2014,19,26,33,35,51,52,0,90,8474,0,38637.27,586.22,29530043.53,59395800,37000000,54516366.32
1745,26,9,2015,9,13,18,47,52,60,0,128,6976,0,24987.82,654.98,30496376.24,54631755.5,38500000,54432212.52
1007,24,9,2008,4,27,36,37,49,52,0,46,2884,0,17494.4,279.04,1482420.65,0,3500000,5432664.44
1333,3,11,2011,25,26,28,33,42,51,0,54,3893,0,25689.91,509.06,2555470.44,23695356,5000000,54308432.16
2604,24,6,2023,16,17,19,22,46,57,0,38,3256,0,66381.38,1106.74,27955951.5,43751115,32000000,54300447.87
1869,22,10,2016,11,23,24,26,40,52,0,66,4827,0,49705.43,970.89,57176870.77,56900256,64000000,54294159.45
1232,17,11,2010,8,11,12,15,18,22,0,161,7374,0,6658.4,207.68,1974742.97,18310616,4500000,54237912.84
1451,15,12,2012,2,10,11,33,52,57,0,164,12868,0,19191.54,349.41,33141179.59,53760158,40000000,54231096.19
2405,1,9,2021,21,38,48,49,53,59,0,18,2630,0,154808.9,1513.61,27603547.93,48331210.5,34000000,54198077.64
2162,22,6,2019,11,16,22,30,34,42,0,35,2763,0,44279.94,801.3,2854890.61,26880756,6200000,54174958.32
1548,16,11,2013,19,41,42,44,47,54,0,45,3429,0,31037.69,581.88,2572861.18,23856610,5700000,54172526.94
2726,18,5,2024,27,45,49,53,55,59,0,48,3858,0,69387.92,1233.28,30467179.58,57767605,37000000,54157579.35
1154,17,2,2010,4,12,14,21,26,28,0,141,8206,0,10837.51,266.02,46695017.02,26100894,52000000,5397521.51
2290,15,8,2020,5,18,36,44,57,60,0,96,4532,0,25025.89,757.3,27551989.23,41669662.5,33000000,53892294.37
2086,10,10,2018,4,35,43,46,47,53,0,33,4355,0,68459.21,741.07,23380026.68,39184316.5,27000000,53703340.35
2603,21,6,2023,3,7,13,29,52,56,0,62,4432,0,31200.44,623.52,3563418.81,33551480,8000000,53636634.06
1635,13,9,2014,8,23,28,30,32,51,0,112,6874,0,25026.29,582.51,23124391.25,47876382.5,30000000,53601273.12
1744,23,9,2015,9,12,14,29,42,56,0,96,5272,0,23463.68,610.37,24604511.33,38474611,30000000,53590517.52
2404,28,8,2021,1,19,35,40,47,54,0,43,2492,0,49870.87,1229.33,22470410.9,37194147,28000000,53464772.34
1868,20,10,2016,1,5,23,25,28,31,0,181,7846,0,14723.32,485.21,35937274.74,46222218,42000000,53430854.59
1450,12,12,2012,26,27,31,38,44,45,0,88,7146,0,30888.14,543.39,27343313.77,46428132,33000000,53402829.63
1230,10,11,2010,9,12,19,22,35,37,0,110,9272,0,18549.8,314.38,17941713.91,34852882,22000000,53321299.85
2725,16,5,2024,2,10,32,33,38,47,0,41,3204,0,54241.82,991.57,24331826.68,38572465,30000000,53281100.35
1546,9,11,2013,4,17,38,44,53,60,0,100,6673,0,17358.44,371.61,3197606.56,29649502,6500000,53280715.85
2289,13,8,2020,6,9,34,37,38,45,0,33,2808,0,53948.07,905.72,23126358.55,30877992,27000000,53260061.41
1964,2,9,2017,2,27,32,36,48,50,0,119,7880,0,32635.32,704.06,69532846.39,67359876.5,77000000,53199978.32
2484,25,5,2022,11,14,36,41,54,59,0,121,7558,0,45019.83,1029.63,89629968.88,94481851.5,100000000,53111530.22
2085,6,10,2018,12,21,25,37,38,49,0,64,4786,0,36356.37,694.52,19218427.31,40357751,23000000,53108826.15
1743,19,9,2015,4,10,29,31,34,35,0,40,3955,0,52243.33,754.82,6924966.43,35694197,11500000,52997750.79
1044,31,1,2009,10,11,13,35,39,58,0,79,6346,0,17589.08,218.96,15945179.95,0,20000000,5290409.89
2403,25,8,2021,10,12,14,32,33,34,0,65,2793,0,24631.8,818.91,2949333.95,27769545,6500000,52900444.13
2120,30,1,2019,13,20,24,25,38,41,0,61,3897,0,34732.22,776.66,19834810.62,36747588.5,25000000,5279878.14
2288,11,8,2020,2,26,35,39,40,56,0,16,1545,0,81484.2,1205.49,9101162.4,22612711.5,12500000,52791565.07
1330,22,10,2011,8,18,21,30,48,49,0,76,6768,0,34525.57,553.85,23973099.6,44818908,30000000,52771155.94
1867,18,10,2016,3,10,17,21,22,43,0,96,6158,0,21908.52,487.91,31028209.82,36479653,35000000,52729559.6
2724,14,5,2024,11,21,24,26,42,54,0,28,1955,0,49929.37,1021.57,20235141.61,24247860,25000000,52695859.6
1449,8,12,2012,2,6,18,30,52,56,0,116,8481,0,18517.69,361.82,22336184.15,36690336,27000000,52687525.39
2084,3,10,2018,7,20,26,37,38,39,0,48,2667,0,32980.17,847.95,14932202.45,27457472,19000000,52496508.29
2287,8,8,2020,2,4,6,29,41,56,0,45,3261,0,45775.06,902.38,6699522.84,35727336,11000000,52448473.7
1742,16,9,2015,11,19,21,23,27,52,0,83,4483,0,20114.88,532.02,3075458.31,28516894,7000000,52447821.04
1786,2,2,2016,2,6,8,21,25,34,0,76,5065,0,22419.77,480.58,29439600.2,29553643,33000000,5240439.12
1228,3,11,2010,10,23,36,50,52,60,0,43,3050,0,24741.5,498.3,1959787.41,18171942,5000000,52354614.11
1633,6,9,2014,1,2,11,13,36,49,0,99,7430,0,18634.31,354.7,3398309.14,31510497.5,7000000,52339800.01
2160,15,6,2019,1,19,46,47,49,53,0,116,9486,0,49024.59,856.42,113537844.31,98636671,125000000,52242576.22
1963,30,8,2017,4,5,7,34,42,60,0,80,6686,0,41892.88,716.08,43670452.21,58129505,50000000,52177977.51
1866,15,10,2016,14,17,36,38,44,60,0,129,6185,0,20175.94,601.15,27153861.24,45142954.5,33000000,52176081.21
1448,5,12,2012,1,25,29,36,56,60,0,83,6212,0,21898.01,417.97,6358254.43,31044854,10000000,52122248.43
1329,19,10,2011,7,8,11,39,43,50,0,66,5244,0,22514.95,404.81,19139519.77,25381758,23000000,52080644.52
2083,29,9,2018,1,18,19,33,56,60,0,80,3935,0,18316.4,531.97,2699258.48,25415372.5,6000000,52079916.68
2286,5,8,2020,9,21,30,41,42,43,0,28,1649,0,56321.66,1366.2,2905011.81,27352228.5,6500000,51906400.68
2601,14,6,2023,3,8,34,40,44,55,0,54,4682,0,74307.61,1224.32,42766652.67,69596320,51000000,51840712.94
2483,21,5,2022,20,34,38,40,49,54,0,72,5242,0,74529.17,1462.39,52957011.78,93071776.5,65000000,51678004.31
1447,1,12,2012,1,19,28,33,39,41,0,51,4339,0,32040.96,538,3010163.5,27911454,6000000,51643949.71
1226,27,10,2010,10,31,40,50,55,56,0,57,9917,0,22714.31,186.5,2385002.68,22114710,5000000,51637447.99
1865,13,10,2016,1,5,31,32,37,42,0,38,3936,0,65074.31,897.51,22359420.3,42890351,27000000,51491161.05
2401,18,8,2021,8,11,13,33,38,48,0,128,8020,0,25058.88,571.34,33732342.14,55632793.5,41000000,51447469.92
2722,9,5,2024,19,23,25,36,44,46,0,72,5080,0,43867.37,888.2,39609700.48,54781430,47000000,51311290.34
1962,26,8,2017,5,6,15,25,39,53,0,86,6431,0,37850.84,723.09,37496765.04,56459938.5,44000000,51296022.19
1740,9,9,2015,10,15,25,38,47,53,0,62,4599,0,36321.35,699.5,24812110.45,38464531,30000000,51108088.51
1864,8,10,2016,4,5,14,37,40,60,0,43,3530,0,44370.39,772.12,17804218.79,33092391.5,22000000,50840417.97
2284,29,7,2020,4,10,12,14,36,46,0,43,3278,0,39587.48,741.85,17931857.56,29524707,23000000,50817851.84
2080,20,9,2018,10,22,40,46,55,58,0,38,2892,0,43325.46,813.26,18010447.03,28555726.5,22000000,50812307.63
2600,10,6,2023,4,18,37,38,46,60,0,44,3901,0,83945.89,1352.62,35375001.52,64063600,45000000,50784762.76
2159,12,6,2019,14,26,35,38,45,53,0,170,9781,0,27678.48,687.24,103062063.53,81612678,115000000,50746036.1
1327,13,10,2011,16,35,36,41,52,54,0,89,7175,0,38492.13,682.09,38741869.73,58515206,46000000,50739750.74
2679,23,1,2024,7,18,20,26,38,51,0,50,3438,0,56509.22,1174.04,51358790.77,49005920,58000000,5073590.27
1631,30,8,2014,4,29,44,47,48,60,0,140,9659,0,26864.44,556.25,38057323.6,64241047.5,46000000,50609571.23
2400,14,8,2021,9,21,25,26,36,53,0,52,3623,0,49503.96,1015.02,27823722.22,44648055,34000000,50603381.35
1739,5,9,2015,9,10,17,32,34,46,0,51,4020,0,35501.76,643.42,20663830.42,30926217,27000000,50515477.06
2721,7,5,2024,9,10,11,25,46,48,0,81,5339,0,36177.87,784.09,33791501.76,50826165,40000000,50480119.09
1961,23,8,2017,17,25,26,30,32,50,0,55,4505,0,52327.94,912.64,31500395.41,49918645,37000000,50439397.94
2079,18,9,2018,1,2,14,37,55,58,0,23,1681,0,43305.35,846.45,14977664.94,17275706,17000000,50379053.04
2283,25,7,2020,4,24,37,43,59,60,0,41,2615,0,39429.16,883.14,2977939.24,28038879,6600000,50369888.22
1544,1,11,2013,2,21,30,35,45,50,0,152,10385,0,26624.88,556.7,63155442.89,69125452,75000000,50346248.42
1863,5,10,2016,16,23,45,56,58,59,0,31,2542,0,45038.97,784.65,2571962.18,24216790.5,5500000,50338331.96
2482,18,5,2022,1,32,35,44,45,57,0,52,5101,0,82539.97,1202.02,43072091.08,74443518,53000000,50265872.77
2078,15,9,2018,2,11,15,30,36,39,0,26,2715,0,58827.22,804.79,2817514.15,26528831,5000000,50116941.72
1223,16,10,2010,15,17,35,42,47,48,0,358,9411,0,5816.15,316.07,9271123.19,35565226,13000000,50108062.95
1444,21,11,2012,2,5,27,28,48,55,0,175,11165,0,13021.24,291.56,27713340.32,38922186,32000000,49955481.87
1153,13,2,2010,6,17,19,34,46,55,0,148,9655,0,16706.38,365.84,32297124.6,42232896,34000000,4995392.88
2399,12,8,2021,27,35,42,44,51,52,0,34,1706,0,45545.2,1296.71,23081763.93,26858439,26000000,49925958.72
1326,8,10,2011,10,11,18,19,30,50,0,179,13207,0,17249.11,333.97,32431186.77,52738340,38000000,49838224.59
2599,7,6,2023,23,28,34,43,47,60,0,28,2551,0,77647.7,1217.52,28570966.72,37709075,35000000,49812757.78
2720,4,5,2024,8,15,16,23,42,43,0,2967,6884,0,1878.49,809.63,28393381.84,67668405,37000000,49708959.08
1960,19,8,2017,1,18,25,37,39,43,0,116,6655,0,24043.13,598.69,26198748.72,48374375,32000000,49682019.83
1630,27,8,2014,1,7,30,43,44,54,0,81,6412,0,39324.58,709.67,31129126.44,54407152.5,38000000,49619828.76
1222,13,10,2010,5,8,19,26,48,57,0,121,7404,0,11735.29,273.97,5435524.2,24254156,8000000,49560120.23
2158,8,6,2019,9,27,35,45,46,59,0,109,8855,0,42724.12,751.29,70943146.49,80772972,80000000,49507788.24
1861,28,9,2016,2,4,9,35,45,60,0,41,3181,0,33009.81,607.8,2493108.83,23474332,5500000,49494157.99
1900,4,2,2017,8,11,27,28,43,46,0,87,5573,0,29411.18,655.91,24545054.4,44381116.5,30000000,4937827.12
1443,17,11,2012,12,20,32,48,52,54,0,72,5984,0,29228.38,502.39,10771227.06,35945462,15000000,49355819.46
2340,30,1,2021,16,21,28,41,49,51,0,24,2408,0,93309.21,1328.56,19883105.32,38841412.5,25000000,4932390.87
1543,30,10,2013,7,15,20,23,30,41,0,182,13138,0,21370.06,422.91,36779781.7,66433014,45000000,49281253.4
2281,18,7,2020,14,27,35,40,50,55,0,43,2462,0,52989.08,1322.11,23611345.48,39519742.5,29000000,49252279.79
1043,28,1,2009,14,21,25,48,51,60,0,35,3197,0,33115.91,362.55,4118214.61,0,7000000,4924742.23
1221,9,10,2010,5,14,37,43,46,58,0,102,5864,0,15007.28,372.91,2819788.93,26146224,6000000,49186443.74
2481,14,5,2022,1,8,21,27,36,37,0,72,5710,0,62081.21,1118.3,35165631.15,77526814.5,45000000,49136378.48
2076,8,9,2018,5,6,12,15,22,43,0,86,5364,0,22660.94,519.02,23405346.1,33802037.5,28000000,49092532.72
1325,5,10,2011,2,5,16,20,35,43,0,195,14090,0,13111.44,259.22,26743520.84,43670856,32000000,49025700.88
1737,29,8,2015,5,8,42,50,51,59,0,73,5770,0,49031.9,886.19,31416142.77,61137594,39000000,49010541.4
1959,16,8,2017,8,21,27,35,43,56,0,94,4639,0,19568.67,566.45,21061112.37,31904771.5,26000000,48948071.75
1673,28,1,2015,5,10,23,24,35,47,0,97,7613,0,17944.76,326.62,3206444.4,29731450,7500000,4889797.83
1442,14,11,2012,12,13,20,30,34,49,0,80,6274,0,25198.19,459,6894620.79,34432308,11000000,48802018.55
1629,23,8,2014,4,20,24,35,47,59,0,92,5701,0,24320.52,560.67,25261484.27,38217960,33000000,48781594.15
2719,30,4,2024,16,25,27,30,42,48,0,39,2110,0,45515.78,1201.83,21206489.72,30788310,28000000,48682260.19
2280,16,7,2020,28,29,31,50,58,59,0,20,1639,0,98944.99,1724.83,19414052.44,34322827.5,24000000,48652666.49
1570,1,2,2014,15,18,24,42,46,56,0,225,11903,0,13231.54,357.3,27112310.39,50851026,34000000,4863444.93
2397,7,8,2021,6,14,20,39,46,48,0,79,6058,0,60862.18,1133.82,54614721.42,83393815.5,65000000,48620258.63
2075,5,9,2018,7,9,23,33,57,59,0,98,5737,0,21221.93,517.87,19815375.66,36072582,24000000,48579679.79
1958,12,8,2017,15,20,22,24,34,55,0,32,2670,0,52452.5,898.06,3091936.52,29112706,7000000,48464004.61
1324,1,10,2011,18,29,31,44,51,57,0,86,5421,0,23149.62,524.64,22033754.85,34005492,26000000,48352877.16
2157,5,6,2019,31,33,34,35,39,48,0,188,8779,0,21377.17,653.98,62364593.11,69706707,70000000,48282280.6
1441,10,11,2012,17,29,36,38,53,56,0,66,5471,0,26165.75,450.93,3181203.48,29497406,6700000,48271530.35
1542,26,10,2013,7,11,12,30,39,57,0,154,11783,0,20868.02,389.62,29615187.77,54891958,37000000,48257739.96
2718,27,4,2024,6,30,34,41,46,59,0,21,1731,0,88273.53,1529.87,3414791.5,32152075,6500000,48215124.55
1628,20,8,2014,26,29,34,38,50,60,0,36,2795,0,48159.74,886.14,3193751.09,29613752.5,6600000,48192781.54
1859,22,9,2016,1,13,14,21,26,51,0,88,6049,0,32842.3,682.55,50903383.91,50128274,57000000,48177314.58
2009,31,1,2018,1,37,44,46,48,50,0,46,3665,0,59350.17,1064.16,42512967.4,47352865,48000000,4806990.28
1736,26,8,2015,12,13,24,29,32,41,0,105,6581,0,28735.58,654.96,24822643.42,51536635.5,31000000,48068612.91
2480,11,5,2022,4,6,9,31,50,56,0,74,4757,0,46356.22,1030.16,26931702,59497533,35000000,47960102.87
1785,30,1,2016,5,11,27,41,42,54,0,91,6410,0,29194.9,592.09,26300833.65,46080240.5,30000000,4792043.88
1323,28,9,2011,6,15,25,37,48,55,0,58,5387,0,28697.23,441.39,5808298.7,28429866,9000000,47828964.79
1562,4,1,2014,10,12,23,37,47,51,0,59,4384,0,22007.62,423.11,3346617.51,22178488,5800000,478088.26
2597,31,5,2023,14,26,34,54,56,58,0,92,6038,0,52271.31,1137.78,55236319.16,83408540,65000000,47689531.54
1255,5,2,2011,5,23,38,39,51,54,0,155,11485,0,18671.52,359.98,39716029.61,49433152,46000000,4758337.83
2278,11,7,2020,8,17,34,37,43,45,0,98,6533,0,35640.86,763.77,39002367.76,60580597.5,44000000,47527252.15
1138,24,12,2009,2,4,15,18,25,36,0,118,6796,0,9499.16,235.62,5917535.51,19145820,7500000,47497602.38
1858,20,9,2016,22,28,30,33,55,59,0,53,3799,0,38788.97,773.06,31475179.58,35657471.5,36000000,47416755.92
1541,23,10,2013,5,24,37,44,49,58,0,205,12026,0,13154.6,320.34,23695260.85,46061530,29000000,47412036.1
1322,24,9,2011,10,21,43,47,53,55,0,54,3738,0,27567.36,568.92,2742226.09,25427030,5700000,47390954.4
2396,4,8,2021,2,3,25,39,42,49,0,49,5934,0,81665.84,963.36,45757672.77,69405799.5,55000000,47354965.96
2716,23,4,2024,5,20,27,28,48,49,0,24,1750,0,58527.17,1146.65,2587516.86,24362845,6000000,47299603.57
1735,22,8,2015,6,16,33,34,45,46,0,86,4779,0,30816.66,792.22,19264577.58,45267953.5,25000000,47274603.49
2156,1,6,2019,1,6,23,26,39,49,0,91,7556,0,40927.21,704.14,54961340.62,64598138.5,63000000,47224673.09
2119,26,1,2019,19,21,26,31,42,49,0,46,2569,0,33531.53,857.72,15932005.75,26753317.5,20000000,4722334.58
1137,22,12,2009,19,21,25,28,43,50,0,33,2763,0,25712.12,438.7,3852718.38,14493008,6000000,47202628.51
2073,29,8,2018,12,15,18,30,52,55,0,80,5335,0,36914.78,790.78,38506447.56,51222020.5,45000000,47154001.13
1956,8,8,2017,5,8,20,28,40,45,0,74,5000,0,32189.04,680.56,45267579.56,41314840,50000000,47123763.31
1439,3,11,2012,2,34,35,42,43,55,0,45,3961,0,32387.25,525.63,19099165.19,24893922,25000000,47059009.86
1136,19,12,2009,7,31,32,34,37,43,0,41,4242,0,30316.49,418.59,2289692.56,21230956,5000000,46979339.1
1857,17,9,2016,13,23,25,35,52,53,0,198,5600,0,14706.29,742.81,27688151.39,50505038.5,32000000,46875751.88
1540,19,10,2013,3,17,27,32,47,54,0,299,14429,0,8340.81,246.91,18727668.11,42597696,23000000,46702379.98
2277,8,7,2020,10,22,23,37,53,60,0,89,5597,0,31990.12,726.69,32568253.95,49381600.5,40000000,46608093.03
1734,19,8,2015,12,17,25,29,41,52,0,64,3315,0,25676.61,708.16,14382569.6,28068845,19000000,46577173.77
2448,27,1,2022,18,30,32,35,40,48,0,53,3529,0,51387.47,1102.51,30710743.7,47238088.5,36000000,4654560.52
1626,13,8,2014,3,5,14,35,43,52,0,158,12451,0,24628.84,446.47,35758465.17,66467267.5,44000000,46510508.34
1955,5,8,2017,15,27,33,36,41,45,0,147,7391,0,22299.78,633.6,40879706.35,56857055.5,46000000,46496924.27
2596,27,5,2023,34,35,39,47,51,56,0,71,4564,0,64445.75,1432.21,46377706.65,79361870,57000000,46424015.45
2072,25,8,2018,10,12,13,20,22,54,0,135,8860,0,21303.29,463.71,33066374.91,49882350,40000000,46376847.88
2228,25,1,2020,9,19,23,32,39,45,0,85,5562,0,34599.33,755.36,41053695.02,51008890.5,47000000,4636538.3
1004,13,9,2008,29,40,43,44,45,47,0,34,2419,0,27732.08,389.79,10552054.8,0,13000000,4633367.62
2551,4,1,2023,1,25,29,43,46,48,0,49,2428,0,35909.19,1035.27,3241276.43,30518338.5,7500000,463039.51
2395,31,7,2021,4,11,12,44,45,57,0,72,6026,0,51378.77,876.97,38386256.33,64161634.5,46000000,46301906.45
2155,29,5,2019,2,6,27,37,44,47,0,91,6630,0,34590.53,678.24,48100647.44,54596528,55000000,46244574.04
1042,24,1,2009,13,18,25,30,46,51,0,79,4761,0,13627.16,226.12,1983110.38,0,4500000,4619727.32
1134,12,12,2009,9,22,29,36,51,56,0,53,3770,0,23806.49,478.11,13077964.72,21551532,16000000,46196153.41
1320,17,9,2011,17,24,25,38,41,55,0,128,8496,0,20240.7,435.63,25340695.29,44252956,31000000,46180562.32
1856,14,9,2016,2,9,14,22,32,37,0,122,7199,0,20190.03,488.79,22324226.34,42723149,28000000,46109476.86
1539,16,10,2013,8,10,20,26,49,58,0,53,4366,0,27254.69,472.64,14133639.1,24673116,17500000,46046090.11
1219,2,10,2010,2,33,34,37,41,53,0,220,17919,0,28644.89,502.4,99517334.59,107640740,115000000,45980072.51
2276,4,7,2020,5,15,18,27,49,57,0,75,5403,0,36939.97,732.52,27323557.62,48052620,33000000,45858850.69
1954,2,8,2017,9,25,33,35,40,49,0,32,2483,0,48479.76,892.55,34841160.62,26907720,40000000,45634274.87
2071,22,8,2018,24,33,34,35,46,60,0,33,3760,0,75294.4,944.04,27768582.95,43096606,33000000,45620020.45
1437,27,10,2012,22,23,26,37,38,48,0,107,8856,0,33311.44,574.96,31063955.59,60881314,38000000,45615933.98
1319,14,9,2011,4,5,16,18,27,51,0,103,7798,0,17148.38,323.57,20568151.64,30169434,25000000,45498770.35
1625,9,8,2014,11,22,36,40,45,52,0,77,6419,0,38667.21,662.62,28590177.11,50855782.5,35000000,45486467.18
1855,10,9,2016,6,10,15,24,38,39,0,55,4074,0,33818.44,652.22,17786782.63,32261362,22000000,45461270.6
2154,25,5,2019,7,25,41,47,50,53,0,36,2951,0,49285.49,858.92,42302182.71,30774289,48000000,45416221.93
2714,18,4,2024,16,17,42,45,52,57,0,78,4882,0,49552.51,1131,91292256.11,67037760,100000000,45381862.66
2394,28,7,2021,5,16,25,36,42,44,0,48,4144,0,48523.22,802.92,31571809.53,40397094,38000000,45328414.04
1132,5,12,2009,12,27,30,33,52,55,0,104,7799,0,21594.12,411.36,19854486.1,38359728,24000000,45289263.93
2595,24,5,2023,1,13,34,39,50,52,0,36,3827,0,104533.47,1404.75,37948880.85,65270525,45000000,45219897.47
2275,1,7,2020,2,4,25,36,50,53,0,51,3212,0,43339.89,983.06,22220008.99,38336917.5,27000000,45129772.29
1731,8,8,2015,5,18,27,43,49,59,0,68,4160,0,25764.2,601.63,3227305.34,29924881,7000000,45124056.87
1318,10,9,2011,11,14,16,28,34,46,0,140,6962,0,10648.09,305.89,4961754.76,25462822,8000000,45033958.97
2477,30,4,2022,20,33,37,38,49,50,0,45,4787,0,95131.71,1277.54,49142626.01,74250099,60000000,45023501.3
1854,8,9,2016,25,30,31,34,43,59,0,18,1548,0,70893.89,1177.63,14360440.78,22133380.5,17000000,44971793.18
2070,18,8,2018,5,26,27,34,42,48,0,84,5654,0,25629.96,543.96,23191475.97,37341657.5,27500000,44966148.01
2556,18,1,2023,2,6,10,14,34,56,0,136,9200,0,31797.29,671.49,41688534.35,75004668,51000000,4481563.59
2393,24,7,2021,26,27,28,32,38,51,0,28,2368,0,80268.42,1355.88,7160329.36,38981808,12000000,44715489.12
1624,7,8,2014,2,27,32,41,47,58,0,76,4576,0,27192.42,645.17,23105539.15,35299480,28000000,44702947.47
1131,2,12,2009,1,8,16,34,36,49,0,119,7753,0,16728.24,366.8,15717508.75,34001962,20000000,44698267.16
1436,24,10,2012,1,13,23,24,30,57,0,127,9275,0,21218.15,415.04,24498095.24,46027556,30000000,44677953.92
1317,8,9,2011,6,13,29,30,35,37,0,67,5004,0,17952.11,343.38,2215668.61,20544576,4700000,44641660.93
1536,5,10,2013,13,18,29,32,50,58,0,89,7408,0,27340.47,469.24,17859260.43,41562606,23000000,44589304.81
2274,27,6,2020,8,11,17,33,40,55,0,62,2996,0,24042.23,710.76,18148340.83,25853877,23000000,44548105.39
2069,16,8,2018,3,17,34,35,40,48,0,48,3638,0,30930.59,583,19225577.56,25751106.5,23000000,44399591.08
2713,16,4,2024,9,23,25,26,35,58,0,66,4712,0,55368.2,1107.9,62992727.03,63381655,72000000,44364732.24
2152,18,5,2019,26,29,36,49,50,59,0,28,2420,0,77547.6,1281.77,7471320.38,37661085,12000000,44327311.16
1218,29,9,2010,10,23,29,31,33,46,0,211,17290,0,23992.46,418.27,62589221.31,86469726,75000000,44321684.07
2594,20,5,2023,7,26,32,35,49,55,0,76,4591,0,42829.41,1012.86,31016661.57,56456635,39000000,44229580.42
1130,28,11,2009,5,18,23,32,49,54,0,279,9245,0,5751.46,247.95,12050502.92,27408748,15000000,44174409.16
1623,5,8,2014,33,43,49,50,56,59,0,28,1825,0,45968.32,1007.52,5914143.04,21984847.5,10000000,44159099.02
2392,21,7,2021,11,15,23,25,34,53,0,31,2525,0,52887.76,927.59,3020168.99,28436494.5,7000000,44124037.62
1359,1,2,2012,6,10,12,17,28,53,0,254,13663,0,10009.69,265.83,39156095.15,43427112,45000000,4410810.11
1852,31,8,2016,13,17,29,45,49,50,0,83,4187,0,19320.44,547.13,5714840.7,27813873.5,10000000,44089097.96
2068,14,8,2018,3,5,9,40,42,47,0,46,2466,0,24333.27,648.43,5093935.07,19414437,7500000,44008888.87
1729,4,8,2015,7,14,23,43,44,53,0,39,2553,0,33293.47,726.56,23215411.62,22178415,27000000,43996393.7
1435,20,10,2012,4,15,45,47,50,52,0,93,6915,0,26165.43,502.71,19534166.5,41564024,25000000,43968821.22
1535,2,10,2013,8,9,25,41,54,55,0,63,6058,0,30780.52,457.28,13376862.66,33122518,17000000,43948962.26
2476,28,4,2022,2,7,32,46,49,55,0,72,4799,0,45992.87,985.76,41256708.63,57435741,48000000,43896941.66
1622,2,8,2014,4,5,7,21,45,53,0,107,7833,0,17975.91,350.79,3543145.63,32853480,6500000,43820385.08
2151,15,5,2019,2,14,18,29,36,38,0,80,5236,0,23556.59,514.16,3471496.94,32686528,7000000,43755907.79
1129,25,11,2009,12,17,19,32,47,55,0,75,4068,0,12933.06,340.63,9094554.71,16567972,12000000,43752130.84
2067,11,8,2018,2,11,13,26,32,59,0,57,3828,0,28876.29,614.25,3032010.41,28548460.5,6500000,43714328.19
1851,27,8,2016,8,18,21,22,35,37,0,40,3146,0,37468.65,680.56,2760847.66,25995277,5100000,43667098.94
1728,1,8,2015,3,8,28,39,42,59,0,45,3617,0,42525.31,755.81,3525124.52,32686381,7500000,43654697.52
1152,10,2,2010,14,20,29,36,44,47,0,99,6884,0,21940.52,450.75,27742438.13,37101290,32000000,4344723.37
2339,28,1,2021,4,18,29,47,48,59,0,19,1746,0,68776.09,1069.17,15757856.01,22664718,19000000,4343069.52
2712,13,4,2024,7,15,19,35,40,42,0,99,6276,0,41893.09,944.05,56261119.91,71934440,66000000,43403074.07
1463,26,1,2013,13,22,28,29,40,48,0,46,4520,0,35283.98,512.97,2989852.91,27723126,6000000,4340096.43
2593,17,5,2023,10,14,17,25,32,39,0,111,7145,0,22333.32,495.65,8407916.2,42996725,14000000,43372992.11
2678,20,1,2024,10,13,16,18,37,54,0,76,5455,0,41657.9,829.12,31135258.03,54912370,38000000,4330047.94
2272,20,6,2020,2,5,11,24,41,49,0,71,5667,0,45670.97,817.42,37260986.05,56241625.5,45000000,43297443.94
2475,26,4,2022,1,40,44,45,58,60,0,44,3054,0,56378.81,1160.38,35156602.17,43025688,40000000,43025497.86
1217,25,9,2010,5,11,15,28,43,50,0,266,16184,0,15239.05,357.81,53263730.31,69238306,61000000,42989471.06
1533,25,9,2013,13,21,29,34,47,57,0,89,5659,0,15085.8,338.93,2473276.87,22933224,5200000,42972747.62
1126,14,11,2009,4,31,42,52,57,59,0,21,2186,0,55019.03,755.06,2128367.63,19735086,5000000,42901577.57
1952,26,7,2017,9,21,36,38,52,53,0,180,13017,0,39521.6,780.72,91586393.3,123388139,105000000,42887494.39
2592,13,5,2023,15,17,28,34,35,51,0,26,2783,0,80203.83,1070.42,3841341.54,36168270,10000000,42720624.29
1314,27,8,2011,38,42,44,52,58,60,0,122,7797,0,27514.75,615.03,55369062.27,57336632,63000000,42691334.54
1899,1,2,2017,20,23,35,36,44,48,0,39,3023,0,45462.41,837.87,19831525.03,30752715,24000000,4264465.77
2065,4,8,2018,4,11,20,30,37,43,0,74,4900,0,37180.01,802.13,29921018.95,47720792,35000000,42533457.47
2271,17,6,2020,6,10,27,28,41,52,0,50,4150,0,56983.62,980.78,31287703.61,49417326,37000000,42444117.87
1620,26,7,2014,13,23,27,34,38,57,0,136,9539,0,21094.54,429.64,22991887.94,49002217.5,28000000,42415987.76
2474,23,4,2022,22,30,38,39,49,56,0,27,2372,0,92717.92,1507.69,30586951.42,43419690,36000000,42372690.6
2711,11,4,2024,14,36,38,46,55,60,0,69,4507,0,49876.99,1090.84,48621142.88,59690960,56000000,42311648.77
1849,20,8,2016,3,5,11,27,35,44,0,194,11341,0,16355.46,399.68,51420014.28,55033954.5,58000000,42242304.77
1124,7,11,2009,7,11,16,18,33,49,0,122,7528,0,12110.47,280.37,15550005.71,25236404,20000000,42091278.37
1432,10,10,2012,16,24,25,42,45,59,0,124,10268,0,24792.19,427.71,27888229.83,52510170,35000000,42082449.86
2390,14,7,2021,9,13,20,22,32,56,0,102,7787,0,48643.77,910.24,64817227.15,86057100,75000000,42061159.45
1726,25,7,2015,3,10,42,49,54,57,0,111,7581,0,34383.16,719.19,38025386.82,65189197.5,46000000,41956019.37
1216,22,9,2010,4,7,13,25,27,58,0,555,26524,0,6029.59,180.23,45796594.37,57159394,53000000,41922737.34
2064,1,8,2018,10,14,36,53,55,60,0,68,3311,0,24717.9,725.2,24852796.86,29153250,30000000,41809425.73
1313,24,8,2011,1,4,26,39,43,49,0,140,9036,0,20309.34,449.52,33817016.06,48565804,39000000,41807966.32
2473,20,4,2022,15,18,28,42,55,60,0,23,2630,0,87936.68,1098.61,3725738.29,35079804,8500000,41713905.34
1123,4,11,2009,4,14,19,39,45,60,0,51,3386,0,20674.9,444.86,4015470.76,18010282,6000000,41702468.69
2270,13,6,2020,14,16,38,39,41,48,0,53,2707,0,46373.51,1297.05,26039212.97,42628995,32000000,41694333.48
1619,23,7,2014,5,8,17,42,46,47,0,92,7438,0,18392.04,324.98,17707151.21,28901780,22000000,41661025.35
1122,31,10,2009,26,44,46,49,55,56,0,20,2425,0,56270.34,662.97,2073117.88,19222788,4000000,41424989.69
1848,17,8,2016,9,40,41,50,55,58,0,46,3330,0,61215.95,1208.03,31611512.99,48841485,38000000,41407315.92
2710,9,4,2024,5,6,25,42,44,50,0,49,3968,0,64962.49,1146.01,42281515.25,55210030,50000000,41405987.67
2671,4,1,2024,16,19,43,53,57,58,0,16,1481,0,98282.79,1516.85,2896755.93,27274495,6500000,413822.29
2063,28,7,2018,6,10,19,24,25,29,0,94,5511,0,16561.93,403.56,2867828.7,27002577,6000000,41367105.36
1431,6,10,2012,5,9,13,33,40,54,0,278,17721,0,10435.48,233.86,22225171.32,49552308,28000000,41273441.49
2590,9,5,2023,2,12,28,36,43,48,0,76,4995,0,38151.92,829.27,36611889.4,50290870,45000000,41217021.47
1312,20,8,2011,5,20,22,28,29,30,0,201,10377,0,13386.76,370.42,28579345.16,45959796,33000000,41059727.61
2269,10,6,2020,1,11,14,23,29,55,0,47,3225,0,39726.16,827.07,21511693.98,32384236.5,26000000,41047545.04
1215,18,9,2010,10,25,30,47,50,51,0,144,10052,0,21544.81,440.91,39632131.51,52992216,46000000,41042099.78
1951,22,7,2017,14,16,19,21,33,55,0,209,13551,0,26220.25,577.71,78481864.51,95049423,90000000,41015418.83
1725,22,7,2015,16,18,26,30,31,34,0,51,5054,0,66070.32,952.45,30994934.63,57555039.5,37500000,40951669.04
2008,27,1,2018,22,27,33,42,58,59,0,49,4215,0,51384.62,853.36,24056145.97,43671250,30000000,4088540.82
1569,29,1,2014,5,15,18,31,42,53,0,81,6718,0,25568.62,440.4,21628185.4,35375222,27000000,4079998.49
2389,10,7,2021,16,30,37,39,40,51,0,57,3887,0,69283.28,1451.41,55677317.71,68495580,65000000,40755458.09
1528,6,9,2013,4,13,15,19,36,58,0,101,7347,0,12591.67,247.28,4862186.4,21722580,7500000,40741398.4
1847,13,8,2016,1,6,45,49,50,57,0,44,3678,0,56494.85,965.49,26424266.87,43114960,32000000,40666280.75
1120,24,10,2009,7,35,40,44,50,55,0,63,4116,0,30741.97,672.2,18307829.45,33081040,22000000,40598023.55
2709,6,4,2024,12,22,23,24,47,53,0,62,4628,0,48796.35,933.87,36417795.99,52473285,43000000,40568313.49
2268,6,6,2020,4,13,23,28,30,52,0,48,2953,0,35721.3,829.48,3158514.56,29739091.5,7000000,40556195.19
1430,3,10,2012,2,19,22,30,46,52,0,87,6685,0,26310.37,489.15,16881109.04,39097864,22000000,40510004.01
2589,6,5,2023,1,15,16,25,32,36,0,35,3201,0,83308.16,1301.28,31270621.83,50572550,40000000,40453983.22
1527,4,9,2013,16,32,36,42,44,48,0,92,5439,0,14866.46,359.23,2519473.73,23361580,5200000,40406725.15
1311,17,8,2011,7,9,12,19,45,54,0,253,13609,0,9118.47,242.16,23622724.12,39404808,29000000,40351638.87
1214,15,9,2010,5,29,30,36,41,48,0,87,6593,0,20055.78,378.07,33917085.84,29803386,40000000,40225664.67
1119,21,10,2009,10,34,41,44,45,54,0,22,2684,0,61156.09,716.11,14740142.18,22981012,18000000,40088353.92
1724,18,7,2015,27,33,37,39,58,60,0,53,4281,0,48154.01,851.65,24787802.64,43592832.5,32000000,40064935.88
1846,11,8,2016,6,24,26,30,34,49,0,49,3189,0,42962.92,943.05,21845210.59,36513736,27000000,40012129.85
2338,26,1,2021,8,21,23,34,42,47,0,22,1692,0,41770.96,775.88,1692823.18,15938829,4000000,3999189.07
1254,2,2,2011,7,9,14,18,29,39,0,142,9454,0,15443.85,331.38,34384817.93,37458520,40000000,3996736.15
1429,29,9,2012,9,12,22,39,48,60,0,59,4805,0,25259.36,443.08,12664526.03,25455478,16000000,39907634.98
2471,13,4,2022,8,23,29,30,36,55,0,95,7346,0,52849.61,976.37,57457043.28,87081250.5,70000000,39856411.49
2708,4,4,2024,10,11,12,19,23,28,0,126,5990,0,17344.12,521.19,12544819.94,37903740,17500000,39772162.55
1213,11,9,2010,3,11,26,34,45,53,0,111,6156,0,14827.5,381.93,5020939.63,28112394,8000000,39766492.87
1310,13,8,2011,8,9,14,32,53,59,0,107,7570,0,19392.08,391.57,19373038.14,35441740,24000000,39744540.85
1616,12,7,2014,28,31,40,42,46,58,0,185,6475,0,17075.01,696.93,25238343.3,53955980,32000000,39742278.76
1118,17,10,2009,8,20,21,43,44,55,0,30,2965,0,44640.5,645.24,4209080.96,22874788,7000000,39734292.39
2388,7,7,2021,8,30,33,37,45,48,0,83,5329,0,40247.97,895.52,32919886.46,57940375.5,40000000,39716208.89
2588,3,5,2023,9,13,22,31,57,58,0,38,2610,0,46948.05,976.47,3286363.81,30942860,7000000,39686671.19
2441,5,1,2022,9,41,42,46,47,54,0,18,1588,0,83666.84,1354.8,2774216.16,26120718,6000000,396316.62
2061,21,7,2018,33,36,40,44,45,54,0,93,6899,0,45677.31,879.62,63855146.65,73680040,72000000,39586700.23
1950,19,7,2017,10,21,32,34,48,57,0,88,7215,0,52163.05,908.88,68387070.06,79618157.5,78000000,39573305.31
1845,9,8,2016,3,9,13,29,30,51,0,75,4312,0,19728.1,490.19,17967242.21,25663326.5,21000000,39458134.34
1723,15,7,2015,14,27,30,46,52,60,0,54,3169,0,38128.57,928.16,7002382.06,35168280,11000000,39393314.24
1117,14,10,2009,1,6,17,27,35,40,0,36,3143,0,26269.86,429.85,1742106.23,16153514,4000000,39381867.4
2447,25,1,2022,13,19,29,42,49,52,0,42,3080,0,48167.42,938.32,25693704.42,35088264,31000000,3937840.6
1212,8,9,2010,2,23,33,35,40,50,0,28,2326,0,38564.29,663.18,1989105.38,18443790,4000000,39333373.68
1525,28,8,2013,2,26,30,35,46,54,0,67,6260,0,36863.34,563.63,26081860.01,42186772,32000000,39237598.27
1309,11,8,2011,7,12,25,26,32,39,0,100,6163,0,13438.49,311.5,15550756.73,22953932,18000000,39198500.63
2707,2,4,2024,7,9,11,39,54,57,0,43,3349,0,47089.69,863.73,8519158.47,35119920,13000000,39197068.05
2266,30,5,2020,10,23,31,37,58,59,0,50,4167,0,64685.64,1108.8,39159544.26,56096676,45000000,39191600.65
1844,6,8,2016,3,4,37,39,48,50,0,21,2121,0,73375.18,1037.83,15241649.6,26726059.5,19000000,39068763.96
1427,22,9,2012,8,39,44,47,53,56,0,73,4824,0,23322.46,504.18,5566069.41,29080638,9000000,39049739.92
1615,9,7,2014,5,20,26,31,33,44,0,71,5701,0,30288.72,538.87,19419358.68,36732132.5,25000000,38910995.23
1722,11,7,2015,9,23,39,41,49,58,0,33,2640,0,52798.49,942.83,3209592.45,29760640,7000000,38851487.13
1308,9,8,2011,7,8,24,30,33,47,0,75,4417,0,11487.79,278.65,1587128.31,14716496,3800000,38844856.31
2387,3,7,2021,8,26,30,31,38,48,0,30,3038,0,89150.26,1257.64,26766184.04,46387732.5,32000000,38837108.52
2706,30,3,2024,10,11,17,24,30,45,0,66,5332,0,39391.36,696.55,4789159.57,45092480,10500000,38664211.06
1115,7,10,2009,18,30,37,41,44,50,0,26,3005,0,56589.75,699.46,11132729.77,25131470,14000000,38645403.53
2227,23,1,2020,6,9,12,27,32,57,0,92,5732,0,27202.9,623.73,35636168.29,43407252,40000000,3862605.89
1426,19,9,2012,6,15,18,24,30,44,0,67,5957,0,19687.18,316.32,2429813.06,22530210,5500000,38601703.29
1524,24,8,2013,2,12,40,46,52,53,0,53,4637,0,38596.27,630.21,21532147.87,34940408,26000000,38587639.37
2470,9,4,2022,8,33,40,42,48,51,0,81,6197,0,57198.65,1068.04,48208361.37,80358174,60000000,38535171.2
2060,18,7,2018,8,9,11,25,39,41,0,186,8570,0,19455.08,603.2,56029903.37,62764250.5,62000000,38468808.32
1949,15,7,2017,1,6,14,22,30,56,0,130,8455,0,29304.32,643.67,59931164.62,66075649.5,68000000,38365318.81
2265,27,5,2020,14,20,23,39,46,50,0,50,2926,0,51863.4,1266.07,33201656.55,44976969,38000000,38340473.81
2386,1,7,2021,11,13,16,35,49,50,0,44,3087,0,45390.69,924.24,21839458.94,34640068.5,27000000,38133290.63
1523,21,8,2013,22,25,31,39,41,44,0,61,4254,0,27846.83,570.44,5946598.97,29014322,9500000,38049323.03
1898,28,1,2017,12,34,45,53,55,58,0,32,2722,0,51269.12,861.03,5409105.01,28455896,9000000,3797877.91
1306,3,8,2011,6,19,22,34,43,45,0,167,10694,0,14988.5,334.37,26731395.64,42754456,32000000,37854638.84
1613,2,7,2014,4,18,31,44,46,49,0,103,5801,0,16406.04,416.14,3112828.98,28863410,7000000,37802272.98
1151,6,2,2010,1,4,14,21,25,51,0,101,7455,0,20457.88,395.94,23741179.41,35293022,28000000,3773114.97
2586,26,4,2023,10,18,41,49,53,59,0,76,6010,0,64781.77,1170.29,50347934.06,85393669.5,60000000,37687395.83
2264,23,5,2020,2,3,8,19,29,37,0,73,4354,0,25246.01,604.68,28424765.11,31965007.5,33000000,37658060.75
1424,12,9,2012,3,7,15,29,38,60,0,83,6625,0,16458.38,294.56,13325277.46,23333070,17000000,37653264.05
1720,7,7,2015,18,23,31,39,49,57,0,47,3410,0,44551.33,877.21,31149707.61,35765586.5,35000000,37642313.34
2385,29,6,2021,12,24,32,37,43,60,0,32,2340,0,44062.03,860.79,18160423.87,24455340,22000000,37607714.19
1522,17,8,2013,5,8,23,32,33,56,0,93,6765,0,16446.2,322.98,2817494.59,26124950,6000000,37602308.11
1112,26,9,2009,4,32,34,43,52,58,0,43,3283,0,28083.09,525.46,2224476.04,20626242,5000000,37582724.09
2059,14,7,2018,4,5,36,40,44,56,0,77,5562,0,39904.7,789.19,49363979.62,53294356.5,56000000,37516533.48
1841,27,7,2016,3,6,13,38,49,51,0,81,6170,0,31142.44,584.05,22443433.51,43752614.5,27000000,37514184.01
1358,28,1,2012,3,15,16,35,37,47,0,145,10440,0,16856.7,334.45,22059253.65,41749108,27000000,3741741.67
1948,12,7,2017,12,20,24,28,33,57,0,100,7199,0,31746.05,629.96,37391010.97,55062525,45000000,37362802.61
1040,17,1,2009,1,6,28,39,44,55,0,66,6431,0,31738.53,325.73,25165354.54,0,30000000,3735455.32
2469,6,4,2022,5,28,30,38,52,55,0,34,2246,0,60884.93,1316.68,39673720.61,35904424.5,45000000,37315936.79
2384,26,6,2021,9,13,22,25,26,31,0,57,3781,0,28668.57,617.41,15563083.34,28342629,20000000,37236665.53
1305,30,7,2011,3,5,11,36,44,46,0,136,9982,0,16998.55,330.85,22120460.55,39487318,27000000,37195933.81
2263,20,5,2020,9,24,33,43,49,57,0,36,2492,0,40048.08,826.49,2655819.54,25005951,5500000,37173071.66
1719,4,7,2015,1,22,31,34,44,54,0,45,3009,0,57989.5,1238.91,27292500.36,44572668,33000000,37091283.72
1840,23,7,2016,15,17,33,41,47,48,0,59,4879,0,38676.34,668.14,17796654.66,39578910,22500000,36850358.45
2058,11,7,2018,4,19,23,29,56,59,0,81,5435,0,30543.83,650.29,31279809.85,42911631,34000000,36707938.23
1304,27,7,2011,7,14,15,20,23,35,0,79,7568,0,21229.7,316.58,17861876.13,28646906,21000000,36587564.6
2221,4,1,2020,5,23,34,45,56,57,0,101,3669,0,13753.65,540.87,2558901.74,24093418.5,6000000,365557.41
2149,8,5,2019,21,23,37,44,46,48,0,496,32880,0,35200.2,758.57,242415370.56,302826055,275000000,36544909.01
1947,8,7,2017,8,33,40,52,55,59,0,63,4250,0,41438.63,877.52,31543054.69,45280627,36000000,36527380.26
1520,10,8,2013,7,31,35,36,46,48,0,43,5886,0,53442.81,557.74,20461515.75,39252254,25000000,36506629.1
2704,23,3,2024,3,7,10,25,31,52,0,216,11623,0,24404.31,647.89,107270294.56,91428080,120000000,36409240.77
1718,1,7,2015,4,30,31,32,47,53,0,49,3197,0,41257.55,903.35,7019821.66,34530772.5,11500000,36404566.04
2585,22,4,2023,14,26,34,36,43,59,0,70,5743,0,58471.8,1018.14,41278485.91,70991082,50000000,36391760.36
1611,25,6,2014,24,28,47,50,51,58,0,97,6367,0,32077.5,698.13,35701227.5,53147042.5,43000000,36361237.63
1109,16,9,2009,6,8,11,14,29,52,0,141,8371,0,12814.67,308.35,20340725.12,30862658,24000000,36344033.43
1210,1,9,2010,3,7,9,10,31,34,0,993,57447,0,7346.2,181.4,73338200.39,124600180,85000000,36308536.62
1839,20,7,2016,7,22,28,32,56,58,0,30,2933,0,46444.42,678.64,13593147.19,24166919,18000000,36249857.37
1303,23,7,2011,8,19,46,51,52,54,0,40,3573,0,40211.48,643.1,5302743.11,27473682,9000000,36146210.35
2057,7,7,2018,10,13,20,37,38,54,0,42,4086,0,46108.12,677.06,26722348.27,33588695,31000000,36056872.29
1001,3,9,2008,12,15,27,37,51,60,0,87,7074,0,22084.42,271.6,20948817.14,0,25000000,3593567.54
1519,8,8,2013,5,6,15,23,56,59,0,72,5886,0,21543.33,376.46,16228282.25,26494284,21000000,35901881.44
1717,27,6,2015,2,9,16,37,44,58,0,122,4934,0,14665.09,518.02,3295785.25,30559854.5,6800000,35872560.83
1108,12,9,2009,7,9,39,43,44,60,0,71,5791,0,24403.73,427.42,7688095.88,29595212,12000000,35868541.75
1783,23,1,2016,4,6,16,18,21,38,0,67,4886,0,29033.9,568.75,6374019.75,33740126,10000000,3585070.85
1946,6,7,2017,4,6,39,44,52,60,0,40,3729,0,56855.82,871.25,26733992.14,39445854,32000000,35840371.31
2381,16,6,2021,7,23,32,41,42,47,0,37,2458,0,45372.62,975.69,3092501.87,29117547,7000000,35836740.23
1420,29,8,2012,2,11,16,18,36,45,0,129,9189,0,18723.93,375.5,22322165.67,41256602,28000000,35832328.73
1302,20,7,2011,2,10,15,44,56,57,0,63,5084,0,20161.47,356.91,2339791.97,21695498,5000000,35722931.6
2056,5,7,2018,18,22,29,34,36,47,0,80,4927,0,24597.04,570.54,23155036.03,34130229,27500000,35547256.24
1610,21,6,2014,1,4,9,35,36,53,0,173,9626,0,15606.46,400.68,29969484.28,46116617.5,36000000,35542417.17
1518,6,8,2013,8,9,28,41,48,55,0,28,2892,0,36256.85,501.47,4711737.63,17340232,6700000,35493691.99
1107,9,9,2009,3,9,20,36,53,54,0,85,6294,0,14819.61,285.91,4496344.33,21516050,7000000,35412577.23
1568,25,1,2014,19,24,25,28,42,58,0,103,7192,0,18255.37,373.49,6204962.36,32116978,10000000,3534983.09
2584,19,4,2023,1,5,12,36,53,55,0,50,4899,0,60857.25,887.31,33738700.57,52776621,42000000,35314648.15
1142,6,1,2010,3,15,26,28,31,58,0,66,3640,0,15347.72,397.54,2471072.68,17301930,5000000,353010.42
1837,14,7,2016,41,44,48,50,54,57,0,32,2346,0,66740.59,1300.51,20819909.09,37043030.5,25000000,35256443.67
1945,4,7,2017,4,8,10,21,45,54,0,50,4258,0,30735.95,515.59,22544615.97,26655265,26000000,35241888.99
1517,3,8,2013,7,17,38,45,52,56,0,60,5366,0,25710.14,410.68,2841647.55,26348906,6000000,35226536.24
1419,25,8,2012,17,21,30,48,52,58,0,56,3828,0,32191.4,672.75,17872769.48,30791774,22000000,35196700.69
1106,5,9,2009,4,15,43,47,50,60,0,37,3139,0,31924.48,537.57,2175905.27,20175874.25,5000000,35081085.93
2117,19,1,2019,4,28,29,30,43,52,0,44,4036,0,60858.91,947.82,32229209.46,46445458.5,38000000,3505941.19
2055,3,7,2018,6,25,35,43,46,53,0,41,2209,0,31190.36,827,19530209.77,22180466,22000000,35029423.9
2703,21,3,2024,3,7,11,35,38,56,0,172,9237,0,24864.59,661.42,73190804.53,74176950,83000000,35022048.2
2261,13,5,2020,7,23,26,27,29,51,0,141,10502,0,36059.08,691.61,88646317.02,88184646,100000000,35000955.81
1944,1,7,2017,8,9,39,47,57,59,0,41,2879,0,46673.04,949.53,19713673.8,33190703,23000000,34837468.68
1609,18,6,2014,2,6,13,26,53,60,0,140,8573,0,14826.54,345.88,24995950.53,35454782.5,30000000,34831912.32
1671,21,1,2015,21,27,31,45,55,56,0,71,5343,0,43701.29,829.6,26809167.31,52997997.5,34000000,3480043.52
1418,22,8,2012,7,8,10,12,27,56,0,188,11107,0,7637.07,184.66,2644837.54,24524004,5600000,34722301.1
1836,12,7,2016,8,15,18,45,59,60,0,46,2948,0,34131.37,760.82,16885726.58,27231904,20000000,34694417.59
2054,30,6,2018,4,7,12,22,26,39,0,80,5237,0,20194.81,440.7,17174516.94,28021805,21000000,34692896.33
2583,15,4,2023,2,20,27,30,52,59,0,51,3786,0,58015.77,1116.44,9273046.02,51318679.5,16000000,34513894.85
1299,9,7,2011,8,22,32,43,53,56,0,35,3035,0,40850.42,672.98,15046663.45,24421448,18000000,34435370.58
1715,20,6,2015,16,20,35,40,53,60,0,58,4649,0,54443.91,970.33,33821173.57,53936666,40000000,34407348.01
1209,28,8,2010,5,14,17,30,35,38,0,251,16146,0,14955.49,332.13,59900458.51,64118190,70000000,34388859.2
2379,9,6,2021,2,8,26,32,46,56,0,72,4222,0,35139.46,856.07,36180172.96,43882042.5,42000000,34383737.35
2467,30,3,2022,1,10,19,34,35,45,0,168,11371,0,45486.09,960.04,105826742.35,132540043.5,120000000,34371115.53
1943,28,6,2017,9,11,12,30,39,43,0,23,2870,0,66077.13,756.48,5372518.09,26360005,8000000,34333891.06
1608,14,6,2014,5,6,17,43,54,59,0,79,5998,0,25432.55,478.53,6768663.83,34318150,11000000,34285671.16
1835,9,7,2016,8,28,36,47,50,58,0,41,3133,0,49808.69,931.17,13993542.04,35420563.5,18000000,34281248.36
2053,27,6,2018,12,22,27,37,40,55,0,17,1582,0,66063.41,1014.15,2068827.88,19479435.5,4500000,34267742.53
2007,24,1,2018,4,14,39,41,54,58,0,42,3340,0,53296.38,957.42,19418008.5,38825178,24000000,3425949.74
1104,29,8,2009,2,3,6,35,49,58,0,95,6982,0,17867.29,347.29,18060804.99,28992726,21000000,34224899.83
1253,29,1,2011,2,17,23,43,44,51,0,99,7284,0,19092.84,370.71,19785548.84,32285876,24000000,3419624.01
2446,22,1,2022,1,13,27,41,51,58,0,74,4344,0,41305.51,1005.19,21967067.62,53015031,28500000,3405463.9
1942,24,6,2017,6,18,20,24,43,48,0,56,4126,0,24941.71,483.6,2572934.23,24225943,6000000,33933950.5
2702,19,3,2024,6,13,20,34,40,46,0,67,4694,0,57510.24,1172.67,65312656.12,66831200,75000000,33896598.41
1103,26,8,2009,10,19,28,41,55,56,0,47,5696,0,29544,348.25,4933030.92,23717776.25,8000000,33778217.62
1607,11,6,2014,7,31,32,41,51,52,0,91,2820,0,18299.4,843.58,3067558.1,28443640,7000000,33756941.77
2582,12,4,2023,10,14,17,19,21,34,0,95,6127,0,21843.53,483.83,3822617.37,35991972,9000000,33735262.17
2378,5,6,2021,11,37,38,41,49,54,0,33,2518,0,67079.61,1255.88,7379881.13,38394031.5,12000000,33717937.04
2260,9,5,2020,12,14,34,35,37,47,0,91,6688,0,45513.08,884.67,79280446.23,71835133.5,90000000,33662974.24
1897,25,1,2017,9,22,25,47,52,58,0,46,2873,0,28168.68,644.3,2386925.5,22474543,5000000,3366137.96
1714,17,6,2015,2,8,24,36,51,52,0,106,5421,0,17471.23,488.03,28004271.91,31632681.5,33000000,33576362.05
1297,2,7,2011,2,5,11,13,56,59,0,100,9538,0,17409.61,260.75,5621705.9,29736902,9000000,33569712.58
2555,14,1,2023,3,20,45,52,53,58,0,58,4595,0,65428.68,1179.81,33722476.08,65819628,42000000,3343555.24
1102,22,8,2009,9,11,23,35,46,51,0,83,5695,0,15534.5,323.43,2375142.54,22023282.75,5000000,33412804.97
1208,25,8,2010,1,12,20,26,45,54,0,125,9464,0,24276.47,458.06,36935598.02,51832516,43000000,33401009.57
1513,20,7,2013,17,28,31,56,57,58,0,44,4837,0,47603.75,618.61,10170920.65,35776730,14500000,33378093.65
2051,20,6,2018,1,5,6,37,44,53,0,46,5251,0,55764.52,697.87,33725171.79,44492028,38000000,33288614.92
1833,2,7,2016,2,3,7,16,27,42,0,105,6930,0,16702.91,361.53,5620528.25,30419207,9000000,33240345.55
993,6,8,2008,5,24,25,26,42,60,0,68,5121,0,18539.43,246.18,6166992.8,0,8500000,331758.21
2377,2,6,2021,5,18,29,35,43,44,0,35,2890,0,51216.97,886.1,3302147.03,31091467.5,7200000,33135403.59
1415,11,8,2012,26,36,40,46,49,51,0,39,3766,0,61075.63,903.55,22890179.88,40685478,28000000,33117362.51
1296,29,6,2011,10,14,43,46,49,53,0,48,3607,0,27308.81,519.15,2414673.52,22389830,5000000,33111565.08
1940,17,6,2017,9,13,16,17,36,47,0,95,6468,0,22002.44,461.66,22113040.42,36254417.5,26700000,32929322.27
1512,17,7,2013,11,28,35,42,46,58,0,94,5874,0,19009.23,434.57,6312511.6,30521036,10000000,32826892.34
1666,3,1,2015,1,2,23,27,45,51,0,82,5042,0,15191.8,352.95,2294760.72,21277950,5000000,327822.98
1832,29,6,2016,14,34,46,47,56,57,0,31,1786,0,41849.62,1037.7,2389833.83,22501927,5500000,32778817.76
2050,16,6,2018,8,31,32,33,38,50,0,34,3540,0,75709.93,1038.79,28999862.98,44647610,35000000,32613570.8
1207,21,8,2010,9,11,22,32,35,56,0,108,8377,0,24942.19,459.37,31345622.39,46011358,37000000,32602441.61
2259,7,5,2020,20,27,41,54,56,58,0,31,3356,0,99682.34,1315.4,71651016.29,53596836,80000000,32573055.67
1414,9,8,2012,21,37,44,46,49,57,0,36,3349,0,41848.78,642.64,18502377.63,25733096,22000000,32490533.6
1100,15,8,2009,7,17,18,33,41,42,0,119,10353,0,16950.03,278.32,18174867.35,34452773.25,23000000,32482748.98
1939,14,6,2017,7,24,29,39,45,52,0,59,3620,0,28676.64,667.68,18262613.14,29345851.5,21000000,32379261.21
2466,26,3,2022,2,3,13,20,53,54,0,156,10583,0,42402.06,892.9,91749995.68,114728346,110000000,32360151.71
1511,13,7,2013,4,8,17,29,31,45,0,138,7658,0,11883.51,305.92,3020912.81,28011126,6500000,32356663.93
1605,4,6,2014,9,19,21,30,31,42,0,87,6694,0,34579.33,642.02,24818622.91,51385750,32000000,32350051.87
1413,7,8,2012,13,15,33,45,54,55,0,70,3887,0,12672.64,326.02,1634104.26,15152076,4000000,32094071.54
2580,5,4,2023,3,4,13,29,36,43,0,109,8175,0,35731.67,680.6,38605860.02,67552141.5,47000000,32053132.59
2226,21,1,2020,2,4,7,16,30,38,0,43,3798,0,46161.97,746.62,31025992.58,34428024,35000000,3204009.35
1099,12,8,2009,14,31,35,38,44,55,0,42,3392,0,30298.5,535.94,14459242.92,21735883.75,17000000,31951945.49
2148,4,5,2019,8,15,32,33,58,59,0,296,21684,0,37666.84,734.53,147542893.55,193382595,170000000,31950356.75
2049,13,6,2018,10,19,27,31,51,53,0,49,4216,0,41855.71,694.94,24258030.47,35572736.5,30000000,31936166.14
1938,10,6,2017,10,16,32,40,42,54,0,24,2220,0,65892.57,1017.64,2913145.1,27429262,6500000,31934018.64
1206,18,8,2010,2,6,11,36,37,48,0,112,8526,0,20172.5,378.55,26383440.55,38590864,31000000,31893558.47
1039,14,1,2009,2,20,24,27,36,52,0,96,6631,0,15555.92,225.21,21306617.42,0,25000000,3184207.15
2258,5,5,2020,1,5,7,14,23,26,0,113,6772,0,19496.62,464.75,50925973.03,38211759,56000000,31759857.67
2700,14,3,2024,1,11,19,20,28,48,0,86,4852,0,39206.07,992.73,50343129.05,58480490,58000000,31758094.51
1891,4,1,2017,1,3,19,23,47,58,0,46,3488,0,26153.43,492.73,2216159.14,20866660.5,4500000,316594.18
1461,19,1,2013,31,36,44,47,49,54,0,99,6683,0,27077.55,573.02,17234665.08,45787974,23000000,3164954.8
1604,31,5,2014,2,21,24,27,40,51,0,62,5333,0,35017.62,581.57,19276829.6,37083880,25000000,31558367.1
1829,18,6,2016,7,13,24,30,32,53,0,103,6254,0,21224.08,499.35,22971302.58,37916872,27000000,31418458.03
2048,9,6,2018,10,19,26,35,38,39,0,36,3611,0,57189.69,814.5,9409463.36,35709740.5,14000000,31396447.72
1712,10,6,2015,2,12,19,29,50,59,0,169,9443,0,31683.66,810.05,50996825.22,91459522,65000000,31346069.86
1351,4,1,2012,13,33,36,41,50,56,0,34,3264,0,35012.63,521.02,2192896.53,20333424,4700000,313270.94
1509,6,7,2013,1,6,27,46,51,59,0,71,5633,0,22607.95,407.08,18579983.72,27417412,22000000,31303237.45
1205,14,8,2010,4,13,14,26,29,35,0,141,9645,0,15034.23,313.97,22221535.91,36208214,27000000,31299000.65
2257,2,5,2020,18,21,30,31,34,51,0,32,2791,0,83236.06,1363.33,46867597.63,46197742.5,50000000,31180089.74
1936,3,6,2017,3,12,24,40,51,52,0,43,2686,0,38440.62,879.13,3044902.03,28669844,6500000,31051380.39
2579,1,4,2023,5,10,26,35,38,44,0,109,5186,0,21479.95,644.95,31431315.96,40608688.5,37000000,31028197.71
1603,28,5,2014,13,20,27,31,53,60,0,64,4652,0,25486.21,500.89,3004689.56,27860697.5,7000000,30987026.93
1357,25,1,2012,1,19,24,26,52,55,0,116,6940,0,17572.17,419.59,17556742.21,34816916,21500000,3098525.73
1000,30,8,2008,29,38,39,49,53,58,0,41,3771,0,42451.22,461.55,17409498.46,0,21000000,3087950.58
2699,12,3,2024,9,23,31,49,54,58,0,43,2883,0,51309.67,1093.26,44132062.41,38267220,50000000,30870799.26
2047,6,6,2018,1,18,19,29,44,54,0,30,2390,0,55914.69,1002.65,5616883.91,29094681,9500000,30854650.64
1828,15,6,2016,6,11,32,40,48,59,0,36,2502,0,52197.16,1072.91,8818952.53,32592364,13000000,30843173.81
1204,11,8,2010,5,10,25,39,43,52,0,95,6613,0,16192.71,332.31,18316592.66,26275440,22000000,30741151.6
1782,20,1,2016,6,18,34,47,52,57,0,110,3430,0,13771.92,630.94,2790624.67,26275648,6000000,3073157.25
1246,5,1,2011,10,37,40,43,57,59,0,46,3939,0,25351.73,422.94,2148225.48,19919216,4700000,306889.37
2465,23,3,2022,3,8,23,29,53,54,0,160,11384,0,34522.77,693.15,79564984.88,95804275.5,90000000,30619435.86
1293,18,6,2011,1,13,24,40,44,50,0,163,11182,0,20581.95,428.6,40792489.49,57303466,50000000,30615287.25
2375,26,5,2021,2,6,44,46,53,58,0,144,8909,0,42488.96,981.09,79590065.5,106120143,100000000,30507552.02
2256,29,4,2020,9,10,30,37,47,54,0,45,3334,0,59723.61,1151.58,41961050.91,46614150,47000000,30479154.48
1096,1,8,2009,3,13,14,16,41,52,0,102,9766,0,26537.4,395.95,29439225.73,46234424.25,35000000,30456357.86
2046,2,6,2018,3,6,11,27,28,46,0,80,4630,0,17146.56,423.24,2526861.75,23792139,5500000,30413218.9
1567,22,1,2014,2,15,30,38,48,53,0,59,4463,0,25222.12,476.33,2741246.19,25417944,6000000,3040166.48
1827,11,6,2016,26,33,42,43,53,54,0,44,2487,0,34950.81,883.35,5357456.36,26673272.5,9000000,30348674.34
1203,7,8,2010,7,9,30,33,38,55,0,99,6138,0,14840.8,341.95,7018099.86,25095694,10000000,30336333.81
2698,9,3,2024,2,18,19,35,45,60,0,43,3144,0,57263.31,1118.83,7913992.91,42707500,12000000,30290189.86
1410,28,7,2012,18,29,40,42,50,54,0,70,6917,0,48372.46,699.32,34525901.6,57836634,42000000,30178641.72
1601,21,5,2014,8,10,24,45,56,60,0,90,5373,0,19047.65,455.79,3157899.01,29281317.5,7000000,29977144.11
1826,9,6,2016,17,19,32,43,48,51,0,42,2476,0,32630.91,790.73,2524601.69,23770859,5000000,29943980.8
1711,6,6,2015,22,26,38,39,45,50,0,85,6112,0,44885.37,891.74,41133200.24,65167424,50000000,29936980.56
1507,29,6,2013,24,46,50,51,52,56,0,93,7021,0,34293.63,648.93,35335598.46,54475754,42000000,29880489.43
2255,25,4,2020,15,20,39,41,49,57,0,25,2144,0,93534.52,1558.07,37010278.58,40557501,42000000,29771901.28
1095,29,7,2009,10,16,21,23,27,36,0,168,10462,0,12339.22,283.06,24452986.89,35408194.5,29000000,29744038.01
1292,15,6,2011,9,11,23,30,31,54,0,128,10397,0,22773.34,400.52,34612488.92,49790146,40000000,29732430.01
2336,20,1,2021,8,10,20,27,28,50,0,75,4701,0,32688.93,745.02,16400489.52,42522736.5,22000000,2971961.32
2697,7,3,2024,10,11,13,25,27,42,0,98,4663,0,18712.71,561.82,3378136.11,31806945,7500000,29642210.29
1201,31,7,2010,28,32,36,49,55,60,0,67,3425,0,16653.27,465.38,2055364.13,19058168,5000000,29627371.53
1934,27,5,2017,8,23,35,39,56,59,0,105,6699,0,30987.58,693.85,55663885.26,56434322,65000000,29599086.1
1034,27,12,2008,1,3,18,20,42,49,0,61,4635,0,19548.37,257.27,29557027.04,0,35000000,29557027.04
2044,26,5,2018,7,14,47,54,56,60,0,49,3612,0,39699.63,769.37,24641743.07,33740301,30000000,29420134.65
1409,25,7,2012,6,19,26,47,50,58,0,96,6846,0,25376.4,508.35,28288400.52,41611002,33000000,29287570.12
1252,26,1,2011,2,14,35,39,49,51,0,67,4975,0,26937.47,518.25,16303617.54,30827508,20000000,2922205.24
2254,22,4,2020,4,9,24,44,47,56,0,55,3561,0,31749.26,700.52,32702767.79,30286948.5,36000000,29156542.57
1824,4,6,2016,5,6,12,19,30,60,0,157,8192,0,14170.67,387.97,24071272.35,38588368,28500000,29117239.65
1506,26,6,2013,3,14,18,34,42,49,0,182,10892,0,13681.2,326.58,29460557.82,42530682,35000000,29041197.91
2147,2,5,2019,17,19,37,41,42,49,0,366,28045,0,28739.81,535.81,127004551.65,182444745,140000000,29016307.9
1291,11,6,2011,18,40,47,54,57,58,0,49,5416,0,57917.35,748.56,29242776.55,48474300,35000000,28965328.24
1710,3,6,2015,7,21,28,56,58,59,0,90,6845,0,39936.87,750.14,34105096.25,61393629.5,42000000,28932965.69
2043,23,5,2018,21,38,53,56,57,58,0,19,2258,0,88579.73,1064.79,6087756.99,29191365,10000000,28908218.39
2374,22,5,2021,12,13,25,37,39,41,0,125,8177,0,35344.96,771.87,68319310.42,76629622.5,80000000,28897444.13
1199,24,7,2010,16,19,23,28,39,58,0,71,5692,0,22554.66,401.91,18200523.7,27352780,22000000,28817340.54
2577,25,3,2023,12,18,22,31,44,50,0,123,9182,0,46928.1,898.05,63703777.84,100114578,75000000,28810434.8
1933,24,5,2017,2,14,15,19,35,59,0,86,6417,0,32514.14,622.5,34144209.63,48499493,40000000,28742850.52
2253,18,4,2020,31,32,33,39,52,55,0,26,2224,0,73343.98,1224.91,20002495.57,33074788.5,24000000,28697013.83
1408,21,7,2012,4,19,20,24,39,43,0,118,8075,0,19353.93,404.02,10746651.56,39008398,16000000,28646481.94
1823,1,6,2016,4,9,21,34,54,59,0,70,4110,0,25579.78,622.37,5920075.17,31057124,10000000,28531767.32
2676,16,1,2024,4,6,14,19,22,29,0,70,4664,0,30526.54,654.51,20764458.36,37062510,27000000,2848505.1
2042,19,5,2018,14,22,29,32,33,35,0,47,3018,0,34505.69,767.66,2987466.44,28129048.5,6500000,28465319.73
1198,21,7,2010,22,29,36,41,48,58,0,52,3708,0,26438.48,529.66,6850881.31,23482624,9500000,28395924.5
1505,22,6,2013,1,2,6,9,16,32,0,263,15199,0,9151.9,226.23,24873756.07,41112500,29500000,28385940.5
2006,20,1,2018,1,9,14,20,25,54,0,71,5500,0,31319.78,577.58,15294551.69,38569461,20000000,2836884.47
1290,8,6,2011,2,3,14,23,34,50,0,93,7535,0,24687.3,435.28,24014974.07,39216014,30000000,28218499.29
2252,15,4,2020,1,17,30,37,46,50,0,20,1723,0,83292.59,1381.18,16489704.97,28893199.5,20000000,28195186.58
1598,10,5,2014,29,31,36,42,47,53,0,121,6776,0,17829.91,454.84,7010250.78,36850340,12000000,28073072.37
1822,28,5,2016,1,22,26,43,50,53,0,23,1885,0,61876.99,1078.56,2621630.3,24684450,6000000,28060560.9
1407,18,7,2012,18,29,31,42,43,53,0,53,3583,0,34598.18,731.11,6539717.17,31321024,11000000,28045491.3
1197,17,7,2010,36,37,39,49,54,60,0,35,2662,0,37329.11,701.14,4318353.37,22316318,7000000,28034134.77
2116,17,1,2019,1,9,19,21,34,54,0,91,5468,0,24748.67,588.39,27296435.12,39062460.5,33000000,2801259.13
1932,20,5,2017,10,16,21,29,44,55,0,72,5449,0,38379.16,724.45,28993285.02,47928555.5,34000000,28007004.13
1709,30,5,2015,7,19,30,35,42,47,0,102,6499,0,26620.03,596.84,27483984.27,46378374,33000000,27987092.53
1038,10,1,2009,6,7,28,35,43,51,0,80,5438,0,16894.25,248.54,4545165.59,0,7500000,2791215.61
1093,22,7,2009,19,23,27,38,41,49,0,299,18464,0,13845.47,320.29,45920866.95,70710811.5,56000000,27778182.3
2251,11,4,2020,5,15,22,26,54,58,0,29,2222,0,49650.39,925.71,13421030.49,24973528.5,17000000,27756804.5
1504,19,6,2013,2,10,12,30,41,42,0,74,5957,0,25045.42,444.46,20439900.82,31656794,25000000,27752532.6
2373,19,5,2021,23,24,26,44,49,60,0,72,5432,0,51363.16,972.58,40188006.27,64142145,48000000,27734781.16
1196,14,7,2010,3,6,19,20,58,60,0,85,5086,0,12208.59,291.48,1911607.9,17725202,5000000,27690313.98
1149,30,1,2010,7,8,23,36,46,54,0,91,6998,0,16567.3,307.76,16684537.21,25751354,20000000,2765023.19
1406,14,7,2012,7,10,17,24,38,57,0,134,9133,0,12809.17,268.48,3161842.16,29317880,6000000,27562937.71
1597,7,5,2014,5,10,16,44,50,52,0,57,5638,0,28914.82,417.61,3036056.24,28151542,7000000,27505330.29
2250,8,4,2020,27,33,39,52,57,58,0,27,2385,0,53018.19,857.43,10768654.46,24828354,13000000,27377893.63
2576,22,3,2023,29,32,33,35,38,43,0,111,7105,0,44581.85,994.99,53070858.8,85830232.5,63000000,27291446.35
1931,17,5,2017,2,8,9,15,22,34,0,131,8918,0,19252.27,404,23902997.26,43744127,30000000,27279820.15
1708,27,5,2015,17,29,32,38,45,50,0,72,4174,0,30205.91,744.34,7214878.56,37147638.5,12000000,27272554.89
1503,15,6,2013,3,4,16,22,36,42,0,111,8448,0,16427.17,308.34,6160813.94,31145306,10000000,27264805.91
2249,4,4,2020,4,9,31,47,49,53,0,27,1782,0,39850.68,862.56,8131697.06,18662022,10500000,27001185.41
2040,12,5,2018,6,9,41,54,56,58,0,67,5680,0,52696.38,887.99,51290263.54,61238142,60000000,26946852.08
1194,7,7,2010,6,13,24,41,50,53,0,54,4511,0,27420.66,468.92,17080404.23,25291720,21000000,26908310.87
2001,3,1,2018,20,22,36,42,52,60,0,12,1214,0,85088.83,1201.53,1880911.11,17710070,4500000,268701.61
2225,18,1,2020,1,32,37,44,46,47,0,34,3100,0,81317.28,1274.09,27369478.22,47953575,32000000,2681650.14
1502,12,6,2013,6,22,43,51,52,57,0,48,3580,0,31688.04,606.95,2801889.58,25980254,6000000,26784959.56
1820,21,5,2016,3,19,23,27,40,45,0,182,9333,0,17522.94,488.15,33329366.7,55315218,40000000,26762656.99
2372,15,5,2021,3,19,25,44,46,57,0,128,7636,0,28213.14,675.61,33375629.41,62635513.5,40000000,26761584.46
1707,23,5,2015,7,16,20,27,36,52,0,65,4048,0,26797.28,614.7,3208621.29,29751635,6500000,26700232.41
1092,18,7,2009,1,9,30,33,34,40,0,130,11224,0,25322.41,418.98,38294925.87,56228327.75,45000000,26688762.13
1670,17,1,2015,1,17,19,30,33,47,0,132,10142,0,22296.52,414.56,21093498.13,50271037.5,27000000,2663519.33
1930,13,5,2017,4,17,18,37,52,56,0,50,4712,0,41471.66,628.66,19257119.83,35965646.5,24000000,26616123.36
1193,3,7,2010,2,9,12,14,32,54,0,72,5845,0,18268.32,321.47,6480249.51,22466636,9000000,26518648.95
2247,28,3,2020,1,42,44,47,48,53,0,10,908,0,86553.24,1361.75,2834266.14,15012139.5,4800000,26421940.61
1288,1,6,2011,17,30,32,40,42,56,0,69,7350,0,54770.01,734.52,43966226.83,64550366,52000000,26340835.08
1404,7,7,2012,7,8,27,31,32,51,0,88,7470,0,25404.89,427.54,22089242.39,38186236,27000000,26320721.89
999,27,8,2008,18,24,36,44,55,58,0,103,6681,0,11227.56,173.09,14203313.76,0,17000000,2629924.18
2146,27,4,2019,16,18,31,39,42,44,0,283,15338,0,30594.81,806.43,107627872.22,150176040,125000000,26248210.83
2246,25,3,2020,5,9,24,27,33,46,0,51,2227,0,13197.43,431.75,1239864.34,11673981,2500000,26194168.9
2695,2,3,2024,15,17,32,33,34,40,0,249,15891,0,40004.66,895.48,185649175.09,172770335,205000000,26184474.45
1192,30,6,2010,17,20,49,52,57,59,0,34,2691,0,33493.09,604.53,4057292.71,19450952,6500000,26172512.25
1929,11,5,2017,3,10,23,36,43,52,0,45,3225,0,29973.67,597.48,15437361.69,23394773.5,18000000,26070443.6
2039,10,5,2018,6,12,22,28,31,44,0,91,6415,0,28718.92,581.98,44786421.27,45328972.5,50000000,26017731.74
2445,19,1,2022,11,25,32,37,47,56,0,63,3802,0,38345.37,907.7,16336473.72,41899882.5,22000000,2601093.32
2575,18,3,2023,4,12,14,41,46,53,0,69,5767,0,61915.5,1058.27,43955044.39,74098210.5,54000000,25989187.14
1594,26,4,2014,6,7,8,23,43,53,0,71,6341,0,24708.01,395.22,16848508.95,29964214,22000000,25938752.61
1819,18,5,2016,17,18,26,30,33,37,0,30,4092,0,80841.77,846.68,27454572.98,42065250.5,33000000,25923400.72
1191,26,6,2010,3,11,16,22,25,33,0,138,6525,0,7708.45,232.89,1959568.05,18169908,4000000,25872837.29
1091,15,7,2009,17,23,24,27,49,56,0,146,12471,0,18821.58,314.78,32230875.61,46937052.75,38000000,25822469.22
2371,12,5,2021,4,15,30,36,39,48,0,53,3480,0,56726.39,1234.19,26723268.11,52145914.5,33000000,25811247.11
1403,4,7,2012,13,16,20,26,39,42,0,95,6176,0,19010.85,417.75,6166518.19,30848352,10000000,25732398.05
1928,9,5,2017,10,26,28,51,53,59,0,28,1630,0,31886.89,782.5,1644692.28,15485907.5,3500000,25715492.26
1356,21,1,2012,6,13,21,22,31,46,0,90,7070,0,22697.17,412.75,13801846.13,34891612,18000000,2562111.99
1287,28,5,2011,11,12,31,33,42,52,0,137,8177,0,23204.42,555.39,37004670.64,54299780,43000000,25346327.05
1705,16,5,2015,25,27,29,37,50,51,0,60,6095,0,52107.79,732.79,23625464.27,53402397.5,30000000,25339996.57
2038,8,5,2018,6,25,26,35,38,40,0,28,2768,0,65960.7,953.18,26744923.97,32033897,30000000,25329989.28
1818,14,5,2016,2,6,10,15,53,56,0,98,6394,0,23523.73,515.06,10532870.63,39985141,16000000,25285176.26
1402,30,6,2012,2,9,10,21,27,38,0,101,7929,0,15262.45,277.73,2839619.38,26330100,6000000,25257126.79
1189,19,6,2010,14,21,27,31,35,50,0,44,4064,0,34335.73,531.06,16296089.09,25805114,20000000,25119101.38
1090,11,7,2009,9,20,24,36,40,42,0,175,10325,0,12820.74,310.42,27168860.47,38322847.5,32000000,25099324.18
1592,19,4,2014,31,36,38,41,42,49,0,23,2341,0,57425.97,806,2433047.61,22560202,5000000,25073353.76
2243,14,3,2020,14,18,28,35,38,54,0,45,3079,0,43218.75,902.35,8392895.64,33732144,12500000,25067189.05
2370,8,5,2021,7,31,37,42,44,56,0,29,3835,0,87322.2,943.32,21184980.91,43921984.5,27000000,25020063.21
2574,16,3,2023,12,17,43,44,48,60,0,68,4377,0,41754.98,926.7,36085258.7,49246618.5,45000000,24864932.02
2037,5,5,2018,14,16,23,30,45,60,0,48,4609,0,58276.76,867.02,23342740.19,48518022,28000000,24843963.02
1188,16,6,2010,9,20,44,52,59,60,0,32,3164,0,37874.46,547.21,4496348.84,20701566,7000000,24721529.75
1817,11,5,2016,1,4,26,39,47,55,0,49,3620,0,37500.89,725.15,6286219.1,31871619.5,10000000,24678511.74
1460,16,1,2013,4,14,27,38,50,52,0,103,7074,0,20925.78,435.26,12296574.51,36815066,17000000,2459513.28
2242,12,3,2020,5,9,18,24,25,42,0,89,4514,0,17495.28,492.77,4810288.96,27006615,8500000,24555388.08
2463,16,3,2022,11,16,31,37,42,51,0,281,20541,0,51216.19,1000.9,156987854.95,249616246.5,190000000,24538128.68
1704,13,5,2015,1,7,11,32,51,59,0,74,6399,0,28153.7,465.11,17866181.8,35585577.5,23000000,24517241.91
1286,25,5,2011,2,5,28,33,51,52,0,185,12297,0,14780.11,317.65,31148608.26,46704214,37000000,24509746.7
1089,8,7,2009,2,18,20,32,37,48,0,93,6101,0,17263.31,375.93,23035860.57,27422916.5,27000000,24508895.6
1251,22,1,2011,5,27,34,46,48,52,0,261,9795,0,6814.23,259.39,12978966.7,30378346,17000000,2447255.1
1187,12,6,2010,8,17,19,40,43,49,0,42,4013,0,29259.35,437.46,2263749.35,20990400,5000000,24402586.97
1037,7,1,2009,4,36,44,46,53,56,0,27,3108,0,41327.23,359.02,2055486.11,19059299,4300000,2435547.1
2369,6,5,2021,4,9,17,19,37,60,0,47,3447,0,30966.61,603.18,16520136.74,25243569,20000000,24353656.88
1400,23,6,2012,9,26,34,43,53,54,0,72,6208,0,30435.06,504.26,20699395.11,37429448,25000000,24214554.83
1925,29,4,2017,1,17,38,43,45,47,0,50,5258,0,53604.54,728.2,35737910.39,46487696.5,40000000,24205764.14
1498,29,5,2013,6,11,27,40,46,49,0,237,14820,0,14636.95,334.38,35470952.42,59252370,43000000,24202405.07
1816,7,5,2016,5,10,12,22,28,46,0,112,6085,0,14062.28,369.75,2901270.13,27317451,6500000,24194947.58
2241,10,3,2020,1,13,18,26,40,56,0,33,1575,0,31946.06,956.2,1941983.9,18284809.5,4500000,24145630.21
2573,14,3,2023,6,26,32,35,37,49,0,37,2718,0,58420.68,1136.11,13642781.39,37491048,18000000,24117737.69
2036,2,5,2018,7,8,19,23,27,58,0,91,6675,0,21948.81,427.46,18189847.7,34643273,22000000,24107835.5
1088,4,7,2009,6,24,31,35,42,57,0,78,5886,0,19245.3,364.33,4942757.79,25640480.25,8000000,24086398.99
2145,24,4,2019,6,8,28,51,53,59,0,115,10504,0,55420.7,866.79,91678314.54,110544276.5,105000000,23969702.57
1703,9,5,2015,3,23,26,35,39,49,0,75,4451,0,23062.69,555.15,3186292.13,29544590,7000000,23968985.63
1285,21,5,2011,10,15,28,31,33,38,0,127,9744,0,20125.56,374.72,26111704.05,43657466,32000000,23790188.94
1590,12,4,2014,7,20,34,40,44,55,0,89,8050,0,37931.98,599.1,30672645.09,57663666,38000000,23732395.24
1087,1,7,2009,3,20,28,32,36,46,0,58,4426,0,20380.65,381.53,2177511.76,20190770.25,4000000,23691363.83
1148,27,1,2010,27,28,29,32,48,55,0,37,3792,0,33116.63,461.61,6266575.92,20929302,9000000,2368279.83
2035,28,4,2018,30,35,36,38,49,52,0,37,2668,0,58611.61,1161.18,14510533.22,37614202.5,20000000,23582219.13
2694,29,2,2024,7,20,22,29,41,58,0,152,10083,0,45680.09,983.74,167299669.74,120428650,185000000,23563116.53
2572,11,3,2023,3,7,15,22,24,50,0,101,7223,0,30374.17,606.75,9660950.91,53208981,16000000,23548904.75
1185,5,6,2010,2,10,21,35,43,54,0,96,5571,0,17861.3,439.69,17820133.57,29288102,22000000,23521075.43
2554,12,1,2023,19,25,43,44,48,49,0,78,4929,0,32743.81,740.23,26731937.94,44297901,33000000,2344906.92
1895,18,1,2017,2,3,5,10,15,34,0,175,10199,0,13303.72,326.1,23998634.45,40381043.5,28000000,2341613.05
1497,25,5,2013,4,5,7,27,45,58,0,252,17540,0,11685.01,239.82,29080768.61,50296330,34500000,23289521.66
2335,16,1,2021,9,18,23,42,47,49,0,91,5286,0,26442.64,650.31,11884255.98,41735475,17000000,2326785.09
2367,30,4,2021,5,23,29,34,53,60,0,63,4551,0,40222.88,795.44,32459579.35,43951423.5,38000000,23260716.25
998,23,8,2008,3,4,21,22,28,32,0,40,4526,0,27708.98,244.89,3690945.05,0,6000000,2325598.27
1284,18,5,2011,20,21,26,29,31,36,0,46,3353,0,39040.47,765.14,21403382.14,30674654,26000000,23117571.51
1814,3,5,2016,9,11,27,46,51,53,0,51,3473,0,30125.16,631.97,27675011.61,26648079.5,31500000,23092916.26
1184,2,6,2010,4,9,23,27,28,30,0,134,7342,0,8850.14,230.75,14661502.87,20256366,18000000,23069842.46
2675,13,1,2024,1,26,31,34,42,45,0,19,2148,0,125186.63,1581.9,16828141.84,41254450,21000000,2286174.15
1589,9,4,2014,4,5,11,19,41,51,0,87,7815,0,19464.78,309.55,24453798.07,28925144,30000000,22843988.51
2239,4,3,2020,7,27,31,39,45,46,0,29,3057,0,76121.74,1031.6,48379553.86,38288290.5,55000000,22809848.63
2571,8,3,2023,9,18,33,38,41,51,0,38,3051,0,57282.26,1019.2,4009758.06,37754001,9000000,22741591.46
1813,30,4,2016,9,11,13,15,19,51,0,209,9346,0,10804.08,345.15,9932617.01,39165192.5,14000000,22688604.95
1283,14,5,2011,8,30,40,44,59,60,0,57,4333,0,31085.32,584.17,5809100.65,30264746,9000000,22644976.34
1398,16,6,2012,14,32,33,40,42,51,0,75,7149,0,43777.11,656.09,31170332.79,56080918,37000000,22623232.27
2366,28,4,2021,4,27,33,35,38,41,0,76,4869,0,37685.71,840.33,27791608.55,49676332.5,34000000,22593863.26
1496,22,5,2013,14,18,28,41,47,54,0,106,8337,0,25446.39,462.19,23656465.87,46072184,29000000,22514621.25
2144,20,4,2019,7,16,21,33,55,60,0,188,10251,0,21418.23,561.14,79937877.7,69840589,90000000,22292497.29
2238,29,2,2020,11,36,45,55,57,58,0,14,1679,0,123443.51,1470.44,3183543,29974747.5,7000000,22228919.53
1282,11,5,2011,4,23,39,52,55,56,0,37,4203,0,37341.85,469.61,2545141.94,23599586,5000000,22178696.51
1812,27,4,2016,20,23,32,34,37,45,0,43,2976,0,39907.56,823.74,5773048.72,29763916,10000000,22094380.9
2115,15,1,2019,4,19,27,35,40,44,0,75,4470,0,23377.95,560.35,23147777.55,30411241,27000000,2208593.74
1699,29,4,2015,1,6,10,30,33,38,0,189,9424,0,12999.07,372.42,26045125.94,41964382.5,33000000,22053129.14
2032,17,4,2018,6,14,19,20,39,53,0,27,2075,0,41286.89,767.46,5308080.78,19334920.5,8500000,22037355.46
1085,24,6,2009,12,21,39,40,50,55,0,81,7674,0,44000.86,663.47,46002479.88,60876961.25,55000000,22006893.41
1182,26,5,2010,2,4,29,52,56,60,0,82,7157,0,29243.72,478.64,28289723.98,40959376,34000000,22002787.1
2365,24,4,2021,1,17,28,37,44,50,0,40,2940,0,60015.09,1166.47,22515609.47,41637028.5,28000000,21840149.09
1495,18,5,2013,4,13,14,44,49,57,0,140,9828,0,16899.84,343.91,18687724.13,40412652,24000000,21804800.99
1397,13,6,2012,3,4,7,15,27,56,0,249,18115,0,11336.06,222.59,25122180.21,48213450,31000000,21759210.45
2031,14,4,2018,18,23,37,39,50,55,0,48,3252,0,36807.99,776.13,3254601.23,30644306,6000000,21744001.22
2693,27,2,2024,11,29,44,45,46,50,0,117,6988,0,55729.62,1332.97,120395462.35,113091805,135000000,21735912.81
1811,23,4,2016,5,17,32,35,37,57,0,82,4309,0,17291.66,470.08,2611949.97,24593303,6000000,21642795.35
1923,22,4,2017,9,34,42,45,46,59,0,110,9351,0,50376.11,846.56,87247820.27,96113356.5,97000000,21466625.91
1698,25,4,2015,11,13,24,28,44,45,0,132,8869,0,16764.14,356.43,6774893.33,37797410,11000000,21406596.54
1181,22,5,2010,18,20,26,31,44,45,0,67,5964,0,35528.46,570.18,23872382.69,40659128,29000000,21371738.34
2143,17,4,2019,2,12,35,51,57,58,0,81,6545,0,48904.73,864.62,51857366.14,68707212,60000000,21232858.49
2364,22,4,2021,20,33,42,44,51,56,0,180,1719,0,8467.06,1266.57,18093444.77,26434102.5,22000000,21208411.26
1494,15,5,2013,2,14,24,28,35,50,0,68,5746,0,20542.92,347.3,14329345.31,23860410,19000000,21182175.42
1084,20,6,2009,5,20,29,33,40,59,0,108,7731,0,23240.93,463.81,39437088.95,42873020.75,45000000,21068980.41
1396,9,6,2012,29,48,52,54,55,58,0,44,4577,0,51823.24,711.7,19922509.6,38947900,25000000,21016400.35
1280,4,5,2011,6,10,16,20,29,54,0,97,8585,0,26209.43,423.04,29198123.13,43424628,35000000,20994302.63
2569,1,3,2023,6,7,25,28,31,52,0,51,4277,0,54548.94,929.22,24629284.54,48252046.5,32000000,20953087.15
1587,2,4,2014,8,19,21,30,52,56,0,179,12440,0,25221.63,518.45,40938574.57,77113964,50000000,20949017.56
1697,22,4,2015,8,23,30,51,53,58,0,62,3593,0,23627.94,582.45,2698560.23,25022142.5,6000000,20824263.23
2462,12,3,2022,3,16,23,41,45,57,0,294,19576,0,39145.65,839.86,130476737.46,199613560.5,165000000,20750826.17
1180,19,5,2010,12,30,34,44,57,60,0,70,5176,0,27747.38,536.07,19487422.2,33176212,24000000,20745315.4
2029,7,4,2018,6,15,18,33,37,40,0,78,4398,0,21901.6,554.9,17520439.23,29630352.5,22000000,20621597.69
1147,23,1,2010,6,23,31,33,39,52,0,30,3040,0,40732.25,574.23,4009415.81,20872116,7000000,2045828.37
1395,6,6,2012,5,11,17,19,44,48,0,245,13657,0,8770.07,224.75,15722099.73,36700846,20000000,20416341.78
1083,17,6,2009,10,20,23,28,42,43,0,70,6647,0,31956.08,480.75,23480703.04,38208360.75,28000000,20408448.69
1780,14,1,2016,6,20,22,31,33,34,0,30,3095,0,70266.06,972.98,20803755.49,36562284.5,24000000,2038998.04
997,20,8,2008,9,17,18,32,53,55,0,40,3203,0,22382.42,279.52,1649230.73,0,3600000,2033924.78
1279,30,4,2011,8,14,29,35,36,40,0,98,5880,0,19541.91,465.28,24514912.08,32711460,28000000,20325272.46
1355,18,1,2012,11,17,24,39,46,49,0,133,6490,0,12427.32,363.81,10038894.3,28231626,13500000,2024547.42
1179,15,5,2010,5,22,28,47,59,60,0,99,5765,0,15119.91,370.92,15909470.94,25567678,20000000,20234179.49
2568,25,2,2023,16,22,29,35,38,49,0,59,3217,0,35496.26,930,3857882.66,36324013.5,9000000,20220982.96
2142,13,4,2019,7,40,44,50,52,57,0,65,5028,0,55484.51,1024.68,44560265.75,62553494.5,52000000,20190415.56
2692,24,2,2024,9,33,45,55,56,59,0,152,14561,0,44288.17,660.45,108384264.47,116759060,120000000,20020027.39
1922,19,4,2017,20,22,36,38,41,43,0,124,8817,0,43174.39,867.41,77040029.99,92856928.5,88000000,20008370.14
1394,2,6,2012,11,16,24,35,46,50,0,32,4092,0,45243.54,505.44,11764027.65,24729388,15000000,19850902.89
1178,12,5,2010,1,22,30,45,50,53,0,27,2330,0,42621.06,705.56,2119836.94,19655986,5000000,19840265.97
1278,27,4,2011,4,16,24,25,30,56,0,187,5455,0,8408.7,411.79,4414276.7,26858214,7000000,19821296.85
1082,13,6,2009,4,17,38,40,50,55,0,63,5460,0,28937.66,476.99,19360050.18,31139440.5,23000000,19819783.99
2362,14,4,2021,3,20,22,32,35,50,0,41,3883,0,75848.58,1144.1,32995433.41,53937468,40000000,19795815.92
1250,19,1,2011,1,2,24,40,51,59,0,61,4394,0,23819.88,472.4,9702756.58,24818540,12000000,1979225.06
1586,29,3,2014,8,39,43,46,47,58,0,150,10556,0,25052.84,508.57,32622073.4,64188188,40000000,19760945.96
1565,15,1,2014,18,37,39,41,43,51,0,52,5157,0,38754.07,558.24,10056109.18,34421316,15000000,1972109.22
1809,16,4,2016,9,12,23,24,46,54,0,188,13704,0,26361.78,516.63,81342042.56,85960518,90000000,19703776.29
2444,15,1,2022,15,17,20,35,37,43,0,58,3161,0,30313.67,794.59,11886391.96,30494794.5,16000000,1965367.35
1491,4,5,2013,6,26,45,50,56,60,0,74,5450,0,31442.92,609.9,21182827.87,39743064,25000000,19640078.34
2224,15,1,2020,16,23,32,50,52,58,0,28,2283,0,78328.49,1372.37,22276448.91,38039692.5,27000000,1954074.51
1695,15,4,2015,24,36,38,43,44,58,0,128,8910,0,22201.93,455.64,25988372.92,48540870,33000000,19449959.88
1277,23,4,2011,12,18,31,50,59,60,0,30,1783,0,27463.17,660.11,1517701.88,14072746,4000000,19407500.42
2027,31,3,2018,11,15,29,37,39,44,0,76,4916,0,32815.34,724.73,35325592.81,43257056.5,40000000,19360764.99
2141,10,4,2019,10,11,17,19,37,41,0,117,8868,0,27422.28,516.85,37916725.5,55648803,45000000,19241338.37
1392,26,5,2012,2,8,12,28,33,43,0,116,8651,0,14023.2,268.62,5314742.8,27785084,10000000,19066339.69
1490,2,5,2013,1,3,31,32,43,52,0,73,4902,0,26934.64,573.01,16896662.04,33584654,20500000,19027768.93
2566,18,2,2023,11,23,45,53,57,59,0,60,3862,0,36334.95,806.42,4015967.86,37812469.5,9000000,19022403.54
2361,10,4,2021,14,21,22,29,35,46,0,61,3782,0,42932.72,989.23,27266869.79,45423171,33000000,18977449.68
1669,14,1,2015,28,29,31,45,48,49,0,54,3941,0,39170.42,766.73,15671923.1,36129242.5,20000000,1889008.61
1080,6,6,2009,11,18,20,34,41,56,0,59,4152,0,24305.19,493.39,12716777.49,24493897.75,16000000,18870745.01
1176,5,5,2010,11,14,21,30,33,49,0,102,7379,0,23255.21,459.22,27009415.74,40516056,33000000,18822278.89
1585,26,3,2014,2,43,47,48,49,55,0,103,8235,0,28656.3,512.03,25699576.97,50415508,33000000,18772017.88
1456,2,1,2013,6,8,14,26,36,40,0,24,2685,0,29713.02,379.41,1313627.95,12180490,3500000,187661.16
2026,28,3,2018,10,23,31,33,51,52,0,105,6365,0,24755.26,583.39,30731445.06,45084077.5,35000000,18704458.15
2236,22,2,2020,7,20,38,43,45,53,0,190,14982,0,56213.79,1018.42,190088866.94,185248930.5,200000000,18693577.53
1391,23,5,2012,7,12,19,34,40,53,0,74,5293,0,17006.16,339.65,2318207.92,21495362,5000000,18638263.26
1921,15,4,2017,10,15,16,19,28,35,0,127,9277,0,30856.7,603.45,67178091.05,67970381.5,75000000,18599521.71
1808,13,4,2016,2,14,20,25,41,45,0,141,9208,0,31327.32,685.29,49892491.27,76614121.5,60000000,18399561.91
2140,6,4,2019,17,20,26,36,42,54,0,66,5044,0,46099.13,861.71,32006503.13,52771946.5,40000000,18397020.86
2360,8,4,2021,10,15,21,24,29,45,0,36,3646,0,58470.79,824.75,22442588.36,36509062.5,27000000,18288266.6
2691,22,2,2024,13,15,28,37,40,57,0,77,6572,0,65378.35,1094.28,95983576.61,87314010,110000000,18248500.53
1175,30,4,2010,2,3,12,16,37,47,0,77,6958,0,23254.42,367.63,22639885.13,30584616,26000000,18198060.21
1078,30,5,2009,3,6,34,41,43,45,0,47,3645,0,22507.73,414.6,1948695.28,18069091.25,4000000,18195545.69
2025,24,3,2018,4,24,46,52,55,56,0,53,3730,0,47718.26,968.62,25943257.19,43865881.5,30000000,18020431.29
1584,22,3,2014,3,22,27,28,50,54,0,97,7379,0,22466.84,421.9,20262421.25,37223782,25000000,17995281.33
2111,2,1,2019,1,41,44,46,54,58,0,4,689,0,169338.14,1404.42,1247754.69,11748467.5,4000000,178250.69
2359,6,4,2021,31,32,39,42,43,51,0,17,1053,0,72013.51,1660.87,18565052.11,21233529,22000000,17734332.83
1174,28,4,2010,6,7,39,47,51,52,0,38,4174,0,44358.87,576.91,19341429.43,28791936,22000000,17726852.25
2461,9,3,2022,8,11,16,21,32,37,0,278,17238,0,34308.42,790.42,109276280.24,165426367.5,130000000,17722189.41
1275,16,4,2011,2,14,48,55,58,60,0,111,11630,0,38847.41,529.67,60928157.26,73653244,70000000,17693478.88
1487,20,4,2013,4,9,17,23,28,53,0,198,9593,0,8062.23,237.72,2940589.52,27266336,6500000,17650494.57
2139,3,4,2019,14,23,29,41,57,58,0,65,3441,0,34758.78,937.98,26401819.43,39187204,32000000,17596351.76
1920,12,4,2017,25,31,33,39,43,45,0,90,6586,0,45091.85,880.27,59959246.3,70389350.5,65000000,17568258.17
2114,12,1,2019,17,25,30,35,42,57,0,70,4376,0,34091.54,779.05,19917929.17,41391486.5,25000000,1747186.82
1583,19,3,2014,2,9,17,18,45,47,0,130,7907,0,12721.86,298.8,3046550.39,28248848,6500000,17421785.73
2358,3,4,2021,5,9,11,16,43,57,0,66,3627,0,23700.03,616.09,5595975.25,27130144.5,8000000,17412167.1
2564,14,2,2023,7,8,14,19,32,45,0,55,4623,0,35106.57,596.66,45518196.12,33489630,53000000,17397025.1
1693,8,4,2015,5,15,18,19,21,38,0,178,13997,0,22383.35,406.64,37635793.7,68053730,46000000,17378062.41
2024,21,3,2018,16,20,23,29,35,47,0,45,3221,0,32255.05,643.75,21284448.74,25175416,25000000,17354887.21
2549,17,12,2022,1,6,10,30,33,35,0,107,5232,0,22867.86,668.1,173509265.45,42439333.5,540000000,173509265.45
1894,14,1,2017,21,31,35,53,54,57,0,37,2761,0,56148.15,1074.91,19709935.8,36033266.5,25000000,1728941.8
1173,24,4,2010,5,7,24,25,36,47,0,140,9619,0,11754.52,244.4,7475062,28108632,10000000,17283263.55
1076,23,5,2009,4,10,19,32,33,42,0,102,8656,0,21442.45,360.96,24479432.11,0,30000000,17275339.96
1146,20,1,2010,6,10,28,33,34,53,0,53,3641,0,18010.8,374.53,1758423.03,16304810,4000000,1724257.97
1807,9,4,2016,1,15,16,22,25,43,0,94,7609,0,41428.63,731.14,41755631.7,67545257.5,50000000,17237153.39
1388,12,5,2012,22,29,31,43,50,54,0,48,4047,0,42785.64,724.95,9489345.77,35078914,14000000,17212061.81
2138,30,3,2019,4,13,14,21,30,34,0,59,4532,0,36206.08,673.35,9975105.74,37051000,15000000,17001793.74
2357,31,3,2021,19,28,30,34,40,51,0,18,1287,0,81867.39,1635.71,2714550.43,25558933.5,6000000,17000534.98
2690,20,2,2024,9,28,33,43,45,55,0,67,6540,0,63167.59,924.47,86710173.9,73405465,97000000,16923728.71
2563,11,2,2023,5,9,14,30,38,50,0,49,3714,0,54606.04,1029.19,4928913.08,46408333.5,10000000,16888903.69
1172,20,4,2010,6,12,28,43,52,56,0,90,6438,0,12059.64,240.83,4443633.49,18538888,7000000,16850202.32
1075,20,5,2009,10,12,16,21,39,53,0,119,7179,0,15845.68,375.22,20450510.01,0,25000000,16699779.66
1387,9,5,2012,18,27,32,43,50,52,0,47,3492,0,34677.09,666.75,5706194.01,27838600,9000000,16671611.54
1171,17,4,2010,3,10,13,30,41,57,0,79,5610,0,16796.08,337.88,2444272.09,22664280,5000000,16564579.25
1274,13,4,2011,13,17,21,39,40,59,0,166,11088,0,19039,407.19,52984883.98,53983258,59000000,16558725.54
1919,8,4,2017,11,28,37,45,54,60,0,67,5858,0,50218.8,820.52,52483493.14,58358968.5,59000000,16500293.42
2137,27,3,2019,1,2,11,12,34,49,0,45,4488,0,36544.41,523.45,6040076.83,28523306,10000000,16439646.73
1581,12,3,2014,14,15,25,30,31,34,0,41,4202,0,41234,574.75,3114252.13,28876606,7000000,16382332.33
1692,4,4,2015,11,13,14,27,44,56,0,180,12447,0,17116.48,353.6,30296410.6,52625212.5,38000000,16329579.1
1485,13,4,2013,4,27,30,36,54,59,0,212,12408,0,14575.86,355.77,30670509.92,52780898,37000000,16306551.06
1386,5,5,2012,12,28,38,39,51,56,0,27,3462,0,54363.88,605.68,2703887.6,25071540,6000000,16242710.61
1806,6,4,2016,11,20,35,42,55,58,0,86,5047,0,37310.94,908.24,34581937.55,55654595.5,40000000,16212339.92
1074,16,5,2009,3,10,23,29,47,50,0,111,7099,0,13830.94,308.94,16976970.12,0,20000000,16203559.66
2136,23,3,2019,1,8,11,22,30,35,0,63,4209,0,25942.87,554.72,3010737.98,28348166,6000000,16006884.02
2355,24,3,2021,7,30,31,41,50,56,0,29,2014,0,78428.97,1613.3,22066933.07,39448795.5,27000000,15897888.53
2235,19,2,2020,14,18,30,35,55,57,0,133,11895,0,69161.57,1104.72,170414041.17,159542253,190000000,15882888.12
2022,14,3,2018,4,28,45,48,52,60,0,79,6343,0,47183.15,839.5,51892650.46,64651783,60000000,15853482.16
2689,17,2,2024,9,16,20,47,48,52,0,65,4926,0,65325.01,1231.4,78913962.98,73646500,87000000,15809984.28
1073,13,5,2009,8,25,32,34,36,44,0,66,5305,0,20356.35,361.79,6634811.63,0,9000000,15799550.59
1273,9,4,2011,13,19,26,40,58,60,0,118,8910,0,24927.21,471.6,32448501.08,50241482,38000000,15727021.75
1918,5,4,2017,16,17,20,22,38,50,0,67,5269,0,44701.88,812.03,30748371.01,51947780.5,36000000,15614856.6
1691,1,4,2015,1,10,24,39,45,58,0,145,9387,0,21660.17,477.97,24620945.12,53645920,32000000,15518798.3
1484,10,4,2013,17,20,24,29,49,53,0,85,7114,0,25680.65,438.34,24978254.24,37284786,30000000,15493371.66
1072,9,5,2009,9,18,19,43,47,54,0,47,4915,0,27186.35,371.38,4159908.54,0,7000000,15445992.99
1805,2,4,2016,17,22,27,31,49,57,0,53,4693,0,52834.14,852.39,28671099.98,48568747.5,34000000,15367934.54
2460,5,3,2022,16,17,18,28,35,47,0,155,11542,0,44541.73,854.51,91706759.32,119745157.5,107000000,15212257.82
1071,6,5,2009,5,7,37,43,53,54,0,56,3846,0,17508.53,364.19,1806143.13,0,4000000,15109740.78
1033,24,12,2008,5,6,17,33,39,54,0,83,6445,0,13662.29,175.95,4080441.78,0,6000000,15034178.04
1579,5,3,2014,25,34,40,49,51,60,0,23,2180,0,47748.72,719.67,26955151.45,18758424,33000000,14994962.69
1383,25,4,2012,7,9,23,44,46,55,0,106,6224,0,14064.76,342.19,4560383.15,25465080,7500000,14970909.73
1272,6,4,2011,13,26,27,28,35,52,0,113,9626,0,22189.35,372.11,27030113.51,42828192,33000000,14952966.37
1483,6,4,2013,1,35,39,53,55,56,0,53,4817,0,38750.7,609.08,9191551.17,35080218,13000000,14918936.18
2021,10,3,2018,7,14,32,37,40,60,0,101,6982,0,35079.74,724.93,45026259.92,61453154,52000000,14872569.21
1779,12,1,2016,12,25,30,39,56,57,0,30,2162,0,44777.18,887.61,16920630.96,23299384.5,19000000,1484265.96
1917,1,4,2017,4,21,25,33,36,46,0,70,5412,0,38222.98,706.26,25231218.49,46407588.5,30000000,14826691.93
2134,16,3,2019,6,21,34,46,54,59,0,60,4157,0,39699.48,818.57,27313901.3,41314493.5,33000000,14808895.4
1168,7,4,2010,4,5,20,47,53,56,0,97,8380,0,30457.03,503.63,39427100.86,50462180,47000000,14767210.06
1032,20,12,2008,15,16,26,29,43,57,0,49,3682,0,22063.82,293.63,1991549.91,0,4000000,14735764.89
1578,1,3,2014,3,6,30,37,53,56,0,107,6347,0,16801.81,404.64,3311724.97,30707654,5000000,14705957.28
2688,15,2,2024,12,17,33,41,46,54,0,108,6720,0,34625.31,794.96,51182887.82,64859960,58000000,14692582.75
1690,28,3,2015,21,24,26,35,45,53,0,63,5708,0,42636.38,672.26,18835399.5,45880452.5,25000000,14692291.77
1804,30,3,2016,20,21,28,48,50,59,0,23,2088,0,86611.4,1362.93,23512820.15,34551692,28000000,14631037.41
1382,20,4,2012,5,13,16,17,27,55,0,70,6131,0,14068.17,229.45,1814053.48,16820638,4500000,14578576.91
1482,3,4,2013,6,9,11,34,41,53,0,79,5433,0,20782.22,431.69,5408258.78,28043090,9000000,14378465.82
2353,17,3,2021,3,19,34,41,48,53,0,71,5457,0,45966,854.36,38714021.01,56604937.5,45000000,14321415.15
1271,2,4,2011,1,2,39,48,52,59,0,65,6281,0,35889.76,530.58,22411226.22,39846552,27000000,14293125.31
2133,13,3,2019,19,20,26,51,52,57,0,32,2790,0,58792.56,963.31,6599683.59,32631630.5,11000000,14182061.61
1916,29,3,2017,3,9,18,23,50,52,0,100,5478,0,23094.5,602.26,20302466.15,40056670.5,25000000,14122584.45
1803,26,3,2016,4,8,29,38,49,50,0,35,2641,0,46830.05,886.59,9073383.05,28428841,13000000,14106810.53
1167,3,4,2010,20,28,43,51,52,56,0,44,4342,0,52834.93,764.86,33984911.71,39708236,39000000,13989754.45
1030,13,12,2008,1,8,23,37,54,57,0,123,7495,0,12938.02,212.33,15656941.29,0,19000000,13964040.25
1481,30,3,2013,17,27,28,40,44,55,0,46,3154,0,28132.97,586.15,2383898.76,22104474,5200000,13946414.38
2020,7,3,2018,2,36,46,48,57,60,0,46,4530,0,67325.96,976.66,38499582.15,53716386.5,45000000,13940186.66
1999,21,12,2017,15,37,38,42,49,50,0,73,4434,0,39877.23,937.89,139099571.93,50491038.5,280000000,139099571.93
2223,11,1,2020,2,26,40,42,49,56,0,45,2702,0,47600.35,1132.5,9638420.62,37151973,14000000,1376917.27
2687,10,2,2024,2,4,24,30,34,50,0,50,4178,0,74293.74,1270.15,44294273.62,64429015,53000000,13708494.99
2132,9,3,2019,5,18,30,35,39,60,0,41,2912,0,41495.7,834.63,3134017.09,29508923.5,7000000,13686966.38
1270,30,3,2011,5,9,24,31,33,42,0,144,9186,0,12262.67,274.61,18113899.54,30161598,21000000,13679221.48
1802,23,3,2016,2,6,13,14,17,44,0,99,6229,0,17256.89,391.81,6054076.93,29632225,9000000,13675481.08
1380,14,4,2012,3,14,52,55,57,60,0,100,6994,0,23424.79,478.46,18163437.01,40011288,23000000,13654598.19
1068,25,4,2009,25,27,44,47,48,57,0,146,10795,0,19264.05,372.2,30418969.33,0,36000000,13641317.01
1576,22,2,2014,13,15,21,26,30,46,0,88,5886,0,21264,454.16,3447005.08,31962026,7000000,13639608.44
1561,2,1,2014,23,26,28,54,55,60,0,20,1669,0,25914.28,443.62,954736.58,8852704,3000000,136390.97
2109,20,12,2018,4,12,16,34,44,49,0,125,7480,0,25268.09,603.22,135838889.05,54783372,280000000,135838889.05
1915,25,3,2017,2,20,21,33,48,57,0,39,3429,0,53170.03,863.9,16048217.78,35966479.5,20000000,13514834.66
2561,4,2,2023,19,22,37,44,51,56,0,393,19908,0,23693.33,668.17,134030908.34,161502007.5,160000000,13502347.64
2352,13,3,2021,9,17,38,41,49,55,0,102,5124,0,31309.46,890.36,32702152.11,55390455,40000000,13462576.72
2234,15,2,2020,4,21,27,29,42,47,0,216,13800,0,36114.36,807.52,153469457.33,135298489.5,170000000,13462233.27
1688,21,3,2015,18,23,30,32,42,56,0,47,4355,0,39205.52,604.44,3394372.46,31473995,7000000,13438840.61
2459,3,3,2022,15,24,33,49,53,59,0,84,6200,0,54844.93,1061.51,78988925.51,79905195,90000000,13395424.4
1166,31,3,2010,22,28,30,31,35,54,0,86,6211,0,27930,552.47,29702501.97,41027618,35000000,13377981.62
2547,10,12,2022,10,25,31,37,38,57,0,100,8588,0,65769.2,1094.03,122289764.56,114072727.5,135000000,133647590.35
1668,10,1,2015,5,40,47,52,55,57,0,42,3171,0,44770.97,847.13,3463859.02,32118302.5,7500000,1332376.26
2331,2,1,2021,11,13,16,36,53,57,0,10,808,0,50540.79,893.57,931014.47,8765995.5,4000000,133002.09
2669,16,12,2023,4,7,16,35,46,54,0,64,3317,0,36773.28,1013.6,132418255.11,40819870,550000000,132418255.11
1801,19,3,2016,6,19,34,43,45,54,0,82,3265,0,19244.71,690.46,2906964.51,27371067.5,6500000,13225893.58
2546,7,12,2022,3,23,28,34,38,48,0,128,9138,0,49345.74,987.43,110174385.36,109551649.5,125000000,131916821.89
2019,3,3,2018,23,41,46,52,54,59,0,54,4043,0,48889.92,932.84,32794593.5,45790930.5,40000000,13125188.27
1379,11,4,2012,5,12,36,45,50,58,0,61,5455,0,24980.79,399.06,13848344.05,26028118,17000000,13038156.32
2545,3,12,2022,20,23,32,36,39,57,0,94,8855,0,66967.36,1015.55,98539178.55,109181808,115000000,130254649.47
1067,22,4,2009,4,10,14,25,28,56,0,172,10795,0,11762.29,267.73,25237954.47,0,30000000,12901172.01
2544,30,11,2022,25,38,45,53,55,56,0,71,6119,0,61889.52,1025.88,86943251.69,76213998,100000000,128598088.47
1479,23,3,2013,21,48,50,54,57,60,0,59,5006,0,40564.43,682.98,26112714.84,40879372,32000000,12819359.12
1774,26,12,2015,1,12,20,30,52,60,0,37,2707,0,35035.75,684.11,128027188.92,22142158.5,280000000,128027188.92
1028,6,12,2008,20,26,34,51,52,54,0,66,5453,0,39415.99,477.07,26828477.85,0,32000000,12767704.24
1165,27,3,2010,20,40,42,52,54,60,0,70,3923,0,31855.07,812,25277800.98,38087576,30000000,12745881.47
2543,26,11,2022,2,5,27,30,46,53,0,138,7475,0,29679.12,782.74,57312877.49,71037765,65000000,127441731.57
2686,8,2,2024,6,12,20,41,43,59,0,56,3301,0,52029.49,1260.93,37451429.01,50535530,44000000,12730945.76
2673,9,1,2024,4,27,35,45,52,56,0,19,1547,0,67909.4,1191.5,2376828.79,22379105,5500000,1265280.85
1378,7,4,2012,2,5,17,18,54,59,0,74,5614,0,15789.08,297.31,2152301.02,19957006,5000000,12637148.96
2542,24,11,2022,12,20,22,25,26,55,0,74,5246,0,42474.1,855.91,49768134.07,54514890,57000000,126363911.07
2351,10,3,2021,19,22,35,41,47,49,0,72,4604,0,37556.05,839.03,26819270.36,46899868.5,32000000,12622165.03
2541,22,11,2022,10,28,45,47,57,59,0,51,3793,0,55525.68,1066.55,43978243.89,49116033,50000000,125536783.89
1913,18,3,2017,4,14,17,43,52,56,0,43,2960,0,35274.91,732.05,2794143.74,26308782.5,6000000,12538922.98
2540,19,11,2022,2,8,28,34,41,49,0,90,6404,0,45937.77,922.28,38761752.82,71708665.5,46000000,124791570.86
2018,28,2,2018,11,22,25,27,55,59,0,83,4661,0,26039.7,662.42,10505093.47,37486974,15000000,12430436.87
1268,23,3,2011,3,16,17,44,53,60,0,123,8836,0,22695.13,451.31,33033525.87,47680918,39000000,12386808.63
2539,16,11,2022,1,23,32,33,36,59,0,32,3223,0,75686.31,1073.51,31145754.74,42007473,38000000,123703571.12
1066,18,4,2009,6,10,25,32,43,49,0,115,8153,0,18205.45,256.79,21511165.79,0,25000000,12368773.61
2538,12,11,2022,6,15,19,20,33,52,0,45,4693,0,58352.66,799.32,4837128.77,45544135.5,10000000,123066212.72
995,13,8,2008,4,16,31,36,54,55,0,76,6790,0,24991.48,279.73,24901410.33,0,30000000,1224733.92
1454,22,12,2012,4,27,29,41,48,52,0,144,11007,0,23883.32,446.36,122411671.25,58744064,230000000,122411671.25
2130,2,3,2019,13,16,36,53,54,55,0,101,7900,0,42283.94,772.27,71818978.53,74073569.5,80000000,12222216.77
1478,20,3,2013,10,27,37,40,47,55,0,56,4924,0,35716.33,580.28,10025127.83,34163442,15000000,12189542.95
1799,12,3,2016,1,3,4,39,51,53,0,39,3102,0,43908.54,788.63,17663326.2,29701612.5,21000000,12183344.37
2458,26,2,2022,15,40,44,45,47,51,0,79,5279,0,53045.63,1134.03,49781142.9,72683527.5,57000000,12183062.81
1776,2,1,2016,10,11,14,19,39,48,0,17,1051,0,27190.7,628.3,851498.25,7895436.5,2500000,121642.63
1164,24,3,2010,6,14,17,26,40,49,0,56,5145,0,30323.49,471.5,21170174.38,29005080,25000000,12159077.66
2536,5,11,2022,9,22,27,30,33,45,0,163,10787,0,28773.28,621.12,54575161.62,81346009.5,65000000,120992997.95
1027,3,12,2008,18,20,33,44,47,60,0,112,6992,0,19031.09,304.85,22036323.69,0,26000000,12083110.77
1458,9,1,2013,2,4,16,33,44,51,0,134,9515,0,15358.12,308.98,8420233.24,35151968,13000000,1202890.51
2794,7,11,2024,3,9,14,20,28,52,0,160,13197,0,51793.93,897.06,179929945.23,143733535,200000000,119789479.88
2535,3,11,2022,1,3,24,37,51,56,0,59,5885,0,65724.45,941.31,45935605.33,67257108,55000000,119758775.61
2685,6,2,2024,9,16,31,46,47,51,0,28,2743,0,92155.98,1343.87,32084176.71,44754920,38000000,11964195.42
2350,6,3,2021,25,28,29,34,41,45,0,40,2828,0,64050.85,1294.21,21838152.59,44436942,27000000,11910576.75
1376,31,3,2012,9,11,21,49,53,54,0,57,4091,0,25317.58,503.92,2658346.01,24649260,5500000,11909300.9
2017,24,2,2018,2,10,11,24,38,56,0,123,6125,0,16317.17,468.1,6523761.62,34810982.5,11000000,11861675.17
1893,11,1,2017,16,17,19,28,45,58,0,44,3162,0,37826.41,751.94,8275652.39,28867835.5,11000000,1182236.1
1065,15,4,2009,7,19,30,39,43,57,0,72,6501,0,23596.92,261.34,17654485.48,0,21000000,11817819.26
2793,5,11,2024,7,9,25,37,57,59,0,222,14183,0,36233.07,810.19,124597061.03,139513855,140000000,117608682.8
1798,10,3,2016,2,9,23,28,45,53,0,88,4315,0,15418.93,449.21,4135864.44,23534406,6600000,11732704.11
1163,20,3,2010,5,17,31,47,51,53,0,72,6107,0,23479.92,395.46,8126662.78,28875932,12000000,11712205.12
2552,7,1,2023,5,24,25,33,38,41,0,62,4644,0,43395.55,827.64,8197504.86,46665522,12500000,1171072.16
1911,11,3,2017,16,18,23,30,32,33,0,42,2817,0,36634.43,780.28,2834348.24,26687335.5,6000000,11709111.76
2003,10,1,2018,28,34,40,43,50,51,0,16,1865,0,109937.9,1347.38,8183091.48,30509412.5,12000000,1169013.11
1477,16,3,2013,3,4,46,50,56,59,0,58,4036,0,33527.4,688.3,6340706.88,33215034,10000000,11663197.09
1267,19,3,2011,4,20,30,41,47,58,0,56,5172,0,45560.13,704.71,27891287.17,43579250,33000000,11652203.09
2533,26,10,2022,17,18,20,37,45,53,0,134,11048,0,59636.65,1033.32,114116759.04,138604491,130000000,116245433.16
1685,11,3,2015,3,18,31,39,46,51,0,134,7584,0,21565.46,544.33,20406061.12,49359462.5,26000000,11589679.15
2792,1,11,2024,16,22,33,34,49,59,0,119,10706,0,68004.21,1079.83,109779643.28,140359565,127000000,115491908.82
1026,29,11,2008,6,10,17,33,51,53,0,92,7192,0,19600.34,250.73,18109910.47,0,22000000,11522194.58
2532,22,10,2022,10,14,17,18,23,30,0,259,18616,0,27167.77,539.96,99395922.57,122043055.5,115000000,114142456.5
2233,12,2,2020,4,6,32,35,41,45,0,89,8107,0,75344.43,1181.63,104250368.91,116305533,120000000,11409416.93
1797,8,3,2016,2,13,14,35,54,57,0,32,2516,0,27759.94,504.38,1636375.41,15407598.5,3500000,11375634.23
1064,11,4,2009,4,16,19,28,29,49,0,74,5517,0,15699.66,210.58,14524789.16,0,17000000,11370719.78
2791,29,10,2024,2,3,11,25,37,43,0,127,9900,0,40720.36,746.24,94872404.79,89696315,105000000,113362303.3
2016,21,2,2018,4,11,17,18,21,48,0,64,4543,0,23975.93,482.51,2826635.42,26614714,6200000,11333514.27
1778,9,1,2016,4,10,38,40,45,48,0,37,3457,0,56503.91,863.93,7915332.73,36261571.5,12000000,1130761.88
1162,17,3,2010,18,22,25,30,31,41,0,43,3308,0,32527.61,604.02,5012483.34,23890622,8000000,11267322.32
2531,20,10,2022,1,5,18,49,55,56,0,107,7174,0,48811.72,1040.03,86434034.75,90587263.5,100000000,112290758.23
2790,26,10,2024,29,32,40,42,49,58,0,85,6127,0,58927.35,1167.85,85345983.41,86875055,95000000,112001385.96
2113,9,1,2019,11,14,21,25,46,50,0,30,2752,0,63724.36,992.38,7834293.88,33158373.5,12000000,1119184.88
1476,13,3,2013,4,10,26,37,47,57,0,58,4681,0,25819.12,457.01,2758568.78,25578566,7000000,11151463.06
1248,12,1,2011,20,33,34,57,58,60,0,86,3832,0,18318.69,587.31,7798968.5,26909134,11000000,1114138.4
2129,28,2,2019,6,12,31,32,46,60,0,50,5113,0,62827.8,877.7,63951940.16,54486418,73000000,11098354.14
2530,18,10,2022,14,17,18,28,30,44,0,80,6922,0,47236.83,779.9,76812987.97,65543553,85000000,110916322.96
2457,24,2,2022,10,19,46,47,49,50,0,51,4414,0,62932.87,1038.76,42061607.16,55668172.5,50000000,11080271.98
2789,24,10,2024,3,17,18,19,20,55,0,137,6634,0,25356.3,748.05,76119201.02,60251195,85000000,110683274.17
1063,8,4,2009,1,22,44,47,49,50,0,68,4202,0,17776.43,287.67,5911224.82,0,8000000,11064989.58
2560,1,2,2023,4,5,17,20,48,52,0,151,13422,0,52127.84,837.78,116878183.88,136523016,135000000,11051958.41
1025,26,11,2008,10,27,28,29,40,52,0,34,3705,0,44097.09,404.67,14788169.28,0,18000000,11047660.11
1374,24,3,2012,6,21,28,31,33,43,0,32,3575,0,44298.35,566.45,12062910.42,24212762,15000000,11017930.91
2529,15,10,2022,3,5,32,56,57,59,0,84,5632,0,43914.37,935.67,69851771.07,63980140.5,77000000,109921863.39
1266,16,3,2011,6,10,33,39,42,60,0,106,8019,0,21310.49,402.42,23191400.61,38583902,27000000,10980790.71
2788,22,10,2024,23,37,39,47,52,56,0,63,4431,0,55255.44,1122.31,48251712.69,60377460,55000000,109769112.9
2333,9,1,2021,9,16,31,41,53,55,0,16,1994,0,128304.01,1470.74,7647917.37,35605696.5,12000000,1092559.66
1161,13,3,2010,4,7,42,47,48,51,0,43,4214,0,30752.91,448.29,2435954.08,22587152,5000000,10899246.69
2528,13,10,2022,4,15,22,53,56,60,0,64,4684,0,52828.97,1031.18,16470907.98,58642353,23000000,108951124.7
2787,19,10,2024,8,10,23,34,36,50,0,90,6537,0,48723.85,958.31,41839173.61,76057720,51000000,108853035.88
2668,14,12,2023,1,27,30,41,46,57,0,16,1307,0,110323.58,1929.36,6120963.38,30615940,10000000,108444423.02
1684,7,3,2015,9,12,18,31,39,50,0,49,4143,0,38803.85,655.62,15082796.62,32477135,20000000,10829212.77
2527,8,10,2022,8,19,29,38,48,56,0,80,4182,0,40771.81,1114.21,10242650.28,56573005.5,17000000,108061373.59
2667,12,12,2023,1,4,8,21,46,51,0,65,2005,0,23963.56,1109.81,2869320.94,27016180,7000000,107979902.65
2786,16,10,2024,6,11,17,20,40,51,0,71,5135,0,54038.72,1067.39,33761273.32,66546110,42000000,107699050.1
1062,4,4,2009,2,8,23,33,37,55,0,114,6442,0,9967.04,176.38,3684492.68,0,6000000,10746884.98
2526,5,10,2022,2,16,24,38,43,59,0,107,4518,0,21481.79,726.79,4234172.81,39866985,8000000,107203019.64
2665,7,12,2023,3,14,21,22,37,39,0,56,3900,0,43607.57,894.51,25216681.21,42355435,30000000,106775001.9
2785,11,10,2024,20,27,48,50,57,59,0,39,3176,0,86257.83,1513.15,26693577.35,58347520,35000000,106689379.22
1035,31,12,2008,1,11,26,51,59,60,0,289,19044,0,14028.04,212.88,37025110.94,0,45000000,1066869.15
1024,22,11,2008,18,22,28,29,39,53,0,23,2722,0,48677.51,411.31,12026299.1,0,15000000,10653107.22
2664,5,12,2023,12,15,17,30,40,52,0,24,1798,0,73841.14,1408.06,20718216.36,30737525,27000000,106132364.05
2784,8,10,2024,27,30,35,44,57,59,0,28,2013,0,56155.17,1115.85,20496633.12,27271375,25000000,105804101.46
2663,2,12,2023,7,11,27,41,56,59,0,42,2764,0,47216.63,1024.96,3653076,34395650,7000000,105665998.93
1061,1,4,2009,9,21,23,30,41,56,0,29,2579,0,29790.04,334.98,1591415.12,0,3500000,10447873.88
2661,28,11,2023,6,30,35,38,41,56,0,28,2544,0,91906.9,1445.07,30750935.39,44633960,37000000,104415387.08
2782,3,10,2024,6,11,16,25,28,45,0,62,5587,0,50508.99,800.72,44339447.91,54314980,50000000,104283501.96
1795,2,3,2016,30,42,47,50,55,58,0,48,2549,0,45797.11,1232,18655346.92,38128146,24000000,10404338.57
1265,12,3,2011,13,19,24,46,50,60,0,97,7669,0,21519.92,388.84,19030246.79,35654892,23000000,10386340.14
2660,25,11,2023,6,12,13,20,38,60,0,57,4376,0,49487.39,920.86,26010474.08,48924755,32000000,103738178.31
1023,19,11,2008,2,7,8,18,40,45,0,65,4937,0,14980.07,197.23,3012691.11,0,5000000,10358480.18
2781,1,10,2024,10,31,35,45,50,55,0,51,3673,0,59449.24,1179.22,38570789.67,52586675,45000000,103459407.92
2659,23,11,2023,11,36,46,53,55,60,0,23,1291,0,64043.99,1629.97,20814298.17,25548505,26000000,102995867.45
1144,13,1,2010,1,10,18,19,44,49,0,92,6105,0,14090.42,303.33,11724753.92,22142094,15000000,1028487.25
2128,26,2,2019,11,16,24,46,54,55,0,47,4353,0,50144.89,773.45,41753647.06,40878124,46000000,10271672.63
2780,28,9,2024,7,9,10,14,46,53,0,93,5846,0,35036.92,796.25,32985690.39,56515575,40000000,102661536.58
2456,22,2,2022,28,34,40,41,52,55,0,31,2581,0,81253.19,1394.17,36149229.74,43687921.5,40000000,10235646.61
1372,17,3,2012,3,36,40,46,58,60,0,48,4069,0,34817.31,586.74,5360565.43,28545872,9000000,10193523.16
1909,4,3,2017,11,40,43,45,47,57,0,27,4423,0,122896.6,1071.73,51941537.67,57553279,58000000,10189966.95
2657,18,11,2023,7,27,32,33,36,53,0,76,7214,0,62551.38,941.4,44352302.43,82453625,51000000,101765908.19
2778,24,9,2024,20,33,34,40,43,57,0,21,1734,0,89854.85,1554.58,9755251.27,32728045,14000000,101263086.17
1022,16,11,2008,5,21,31,39,40,56,0,21,1505,0,31512.19,439.7,1219024.12,0,3000000,10102242.01
1574,15,2,2014,6,27,28,33,46,48,0,459,29794,0,14318.71,315.12,90042313.82,112259582,105000000,10081237.88
2777,21,9,2024,2,13,21,38,42,52,0,40,2658,0,49417.01,1062.38,6279287.43,34284330,10000000,100766519.89
2656,14,11,2023,20,24,27,46,57,58,0,62,3946,0,47313.97,1062,35595109.06,50879205,43000000,100514880.56
2776,19,9,2024,5,17,22,37,51,52,0,38,2202,0,37686.21,929.07,2638034.46,24838495,6000000,100246340.88
1244,24,12,2010,2,8,15,25,34,45,0,124,9080,0,16432.85,320.59,104122626,34804982,200000000,104122626
2779,26,9,2024,14,19,32,44,51,54,0,27,2720,0,76136.21,1079.66,26983312.46,35654495,32000000,101804054
1771,19,12,2015,2,20,27,28,32,38,0,123,10330,0,51896.21,882.75,187769207.55,109030383,195000000,95412469
2188,14,9,2019,2,17,21,28,51,60,0,154,13387,0,47474.72,780.19,105570573.43,126808839.5,120000000,72479081
1649,1,11,2014,24,33,38,42,44,54,0,99,7522,0,23864.71,448.7,30029733.19,40355072.5,37000000,66928072
2177,8,8,2019,9,11,14,31,48,51,0,49,2338,0,26809.19,802.67,2419882.57,22784856.5,5000000,61850236
1229,6,11,2010,12,30,32,40,49,60,0,42,2827,0,38879.24,825.16,14182939,27891626,18000000,52784332
1531,18,9,2013,12,13,24,41,42,44,0,108,5944,0,12777.02,331.64,2541953.77,23570024,5500000,42153523
1294,22,6,2011,4,6,29,48,50,51,0,148,10401,0,25649.3,521.39,65385078.43,64840156,72000000,31614260
1202,4,8,2010,8,9,11,48,53,60,0,63,4195,0,19441.55,417.1,4311607.33,20920800,7000000,29949692
1081,10,6,2009,9,16,24,29,52,56,0,109,7213,0,16360.33,353.18,16001758.39,30459672.25,20000000,19340028
1464,30,1,2013,2,24,32,50,54,59,0,76,5570,0,23495.23,457.97,19117004.46,30500016,25000000,4810001
1784,27,1,2016,4,15,26,30,54,55,0,32,2896,0,60305.07,951.93,21406847.55,33471119.5,25000000,4092903
2677,18,1,2024,3,7,32,34,42,54,0,47,3870,0,52422.61,909.5,25303152.5,42734215,31000000,3496890
1150,3,2,2010,15,17,28,31,35,52,0,58,5033,0,30422.46,500.83,19934936.77,30139020,24000000,3229366
2005,17,1,2018,11,19,22,33,34,53,0,44,4052,0,42875.5,665.11,11198253.5,32721132.5,15000000,2251699
2553,10,1,2023,13,15,53,54,55,58,0,31,2575,0,61501.75,1057.72,11709578.55,33068038.5,16000000,1672797
2674,11,1,2024,8,14,15,21,23,46,0,49,2605,0,30629.56,823.05,12446609.84,26031315,16000000,1660241
187,2,10,1999,6,36,41,44,48,58,0,397,39365,0,23058.35,231.66,48320873.6,0,0,0
266,7,4,2001,2,23,38,46,48,54,0,89,6687,0,12318.14,163.33,2442739.49,0,0,0
210,11,3,2000,20,32,37,38,48,58,0,29,3921,0,46721.17,344.24,14043878.83,0,0,0
255,20,1,2001,16,19,20,32,44,55,0,80,6812,0,14363.63,168.19,3734074.48,0,0,0
260,24,2,2001,4,6,33,43,59,60,0,120,8956,0,16065.94,214.63,17357124.85,0,0,0
249,9,12,2000,21,36,40,49,54,55,0,60,4247,0,19680.2,277.21,4906709.76,0,0,0
225,24,6,2000,2,4,16,21,37,58,0,83,5517,0,12542.39,188.14,5496971.76,0,0,0
194,20,11,1999,25,28,32,33,42,43,0,106,7456,0,12862.4,182.18,4740789.92,0,0,0
237,16,9,2000,7,31,36,45,56,57,0,54,4145,0,19896.75,258.44,4344394.18,0,0,0
224,17,6,2000,7,16,18,20,21,44,0,119,7185,0,8706.35,143.77,4247750.04,0,0,0
193,13,11,1999,4,11,12,19,43,49,0,190,11415,0,7199.87,119.39,3104692.58,0,0,0
198,18,12,1999,1,8,18,23,35,40,0,125,7134,0,8881.02,155.02,3760278.08,0,0,0
204,29,1,2000,29,31,39,41,51,58,0,32,2400,0,30221.85,401.43,3194615.19,0,0,0
208,26,2,2000,15,23,24,25,47,57,0,72,5232,0,12679.18,173.83,3056064.34,0,0,0
236,9,9,2000,10,25,50,52,57,60,0,76,4703,0,12197.95,196.53,3055084.91,0,0,0
197,11,12,1999,5,12,15,19,29,52,0,128,8720,0,8259.15,120.78,2428125.98,0,0,0
215,15,4,2000,7,28,37,46,53,58,0,78,4942,0,12078.4,189.92,2139994.41,0,0,0
228,15,7,2000,13,16,40,43,45,59,0,64,4497,0,13240.28,187.87,1902506.15,0,0,0
207,19,2,2000,3,7,19,24,53,55,0,90,6510,0,9663.76,133.1,1960583.04,0,0,0
235,2,9,2000,2,22,29,31,41,55,0,52,3086,0,16604.49,278.96,1942631.63,0,0,0
222,3,6,2000,5,19,30,48,52,55,0,55,4462,0,15243.16,187.18,1862509.6,0,0,0
212,25,3,2000,6,15,29,45,57,59,0,147,9880,0,13318.79,197.42,18534548.53,0,0,0
196,4,12,1999,7,9,14,17,24,32,0,182,10493,0,5309.16,91.75,1159520.95,0,0,0
214,8,4,2000,6,12,30,31,35,50,0,54,3769,0,15578.04,222.35,1009456.63,0,0,0
206,12,2,2000,18,20,26,34,51,56,0,43,3478,0,17769.34,218.86,916897.74,0,0,0
221,27,5,2000,13,27,43,50,54,58,0,49,3793,0,14565.66,187.45,856460.89,0,0,0
227,8,7,2000,11,26,27,37,42,48,0,51,3648,0,14471.45,201.72,885652.57,0,0,0
234,26,8,2000,15,25,41,42,45,54,0,39,3505,0,19369.91,214.89,906511.63,0,0,0
211,18,3,2000,10,20,33,40,45,50,0,164,16680,0,10880.27,106.58,16185115.03,0,0,0
232,12,8,2000,19,22,29,37,41,59,0,124,8807,0,14598.36,204.93,13653988.77,0,0,0
209,4,3,2000,13,21,26,32,41,52,0,81,5496,0,12349.82,181.32,4256466.94,0,0,0
231,5,8,2000,16,27,36,42,44,59,0,125,9458,0,12896.11,169.93,11481752.44,0,0,0
219,13,5,2000,23,26,28,36,42,49,0,80,5139,0,9221.78,143.02,885291.29,0,0,0
230,29,7,2000,8,40,41,44,53,56,0,94,5820,0,15000.56,241.56,9547336,0,0,0
217,29,4,2000,3,27,32,45,49,51,0,159,5820,0,4599.62,125.19,877607.32,0,0,0
258,10,2,2001,7,12,50,54,55,60,0,53,3615,0,15960.68,233.3,1015099.19,0,0,0
251,23,12,2000,15,23,30,34,49,55,0,180,12813,0,15473.98,216.73,25936007.67,0,0,0
244,4,11,2000,19,24,33,47,50,60,0,204,14735,0,13698.02,189.08,22081659.67,0,0,0
247,25,11,2000,3,10,23,30,34,46,0,80,6425,0,12080.19,149.96,2196692.29,0,0,0
805,7,10,2006,2,30,36,43,48,60,0,62,3489,0,14428.43,255.42,11073179.39,0,0,0
763,13,5,2006,1,9,26,40,47,48,0,101,7655,0,23502.31,308.92,35086525.19,0,0,0
179,7,8,1999,5,6,23,26,27,53,0,78,5646,0,10281.59,141.51,962357.04,0,0,0
186,25,9,1999,14,23,24,25,26,51,0,352,31164,0,17072.24,192.1,37335874.86,0,0,0
168,22,5,1999,2,9,31,35,45,50,0,48,3528,0,15743.7,214.2,906836.93,0,0,0
313,14,11,2001,14,16,24,37,38,53,0,61,5547,0,15665.21,171.62,11055737.35,0,0,0
280,14,7,2001,5,16,20,25,30,58,0,192,14673,0,11199.47,146,19351758.16,0,0,0
290,25,8,2001,7,25,26,30,40,57,0,56,4869,0,20662.23,236.75,10159688.47,0,0,0
248,2,12,2000,16,32,34,35,41,56,0,50,4862,0,21550.72,220.96,3489735.08,0,0,0
293,5,9,2001,5,6,7,12,28,35,0,167,10185,0,5817.88,95.03,13858457.03,0,0,0
203,22,1,2000,11,19,29,44,47,55,0,63,5417,0,14099.33,163.36,2034096.14,0,0,0
202,15,1,2000,12,24,44,45,49,53,0,65,4279,0,12412.65,187.85,968186.82,0,0,0
241,14,10,2000,11,31,35,40,56,57,0,74,5485,0,22811.94,306.85,13712211.55,0,0,0
262,10,3,2001,11,20,48,53,58,60,0,108,8838,0,24643.78,300.24,22991600.18,0,0,0
277,23,6,2001,4,26,38,40,52,56,0,95,5404,0,11578.72,202.78,4565490.29,0,0,0
256,27,1,2001,2,21,26,32,34,52,0,91,6319,0,13336.96,191.49,5190470.09,0,0,0
268,21,4,2001,5,6,10,21,33,47,0,111,10133,0,10348.29,112.93,5098601.74,0,0,0
254,13,1,2001,1,4,21,22,30,56,0,66,6381,0,16400.47,169.14,2355166.17,0,0,0
272,19,5,2001,9,10,24,36,56,58,0,70,5491,0,14013.37,177.97,2205988.15,0,0,0
253,6,1,2001,11,12,24,37,44,56,0,126,7260,0,6985.77,120.88,1056248.75,0,0,0
265,31,3,2001,7,16,34,41,50,53,0,64,3855,0,14676.59,242.74,1127161.81,0,0,0
259,17,2,2001,13,15,20,33,43,58,0,65,5581,0,15136.22,175.77,2195724.03,0,0,0
276,16,6,2001,22,39,45,53,57,59,0,79,5172,0,12486.98,190.01,3245516.79,0,0,0
263,17,3,2001,8,9,26,43,50,53,0,136,12752,0,24937.18,265.17,27061348.12,0,0,0
250,16,12,2000,7,25,41,42,43,55,0,203,15545,0,10867.31,141.5,22593628.59,0,0,0
274,2,6,2001,11,13,18,26,39,47,0,142,7420,0,5488.22,104.64,935192.94,0,0,0
278,30,6,2001,10,15,18,22,31,55,0,99,6996,0,11868.09,167.32,5975419.1,0,0,0
275,9,6,2001,16,19,30,37,38,48,0,41,3737,0,22897.52,250.27,2061751.1,0,0,0
291,29,8,2001,5,16,17,18,22,41,0,71,4870,0,11244.78,163.32,11117743.68,0,0,0
301,3,10,2001,9,26,48,49,57,58,0,28,2892,0,29571.34,285.22,9414796.91,0,0,0
285,8,8,2001,12,32,37,41,50,56,0,17,1173,0,20875.96,301.41,425869.64,0,0,0
304,13,10,2001,7,11,34,41,42,59,0,58,3274,0,11050.1,195.02,769087.04,0,0,0
261,3,3,2001,5,16,20,30,54,56,0,91,7281,0,22350.19,278.51,19797765.32,0,0,0
286,11,8,2001,29,35,37,44,47,56,0,59,3739,0,13743.96,216.06,1398941.94,0,0,0
292,1,9,2001,13,23,24,34,45,53,0,116,8670,0,11313.3,150.8,12692554.4,0,0,0
299,26,9,2001,2,5,7,33,49,53,0,33,2049,0,10538.82,169.09,417337.23,0,0,0
267,14,4,2001,1,8,45,46,55,58,0,46,4076,0,23142.59,260.19,3720210.04,0,0,0
297,19,9,2001,1,20,28,33,36,41,0,25,1920,0,19353.56,251.05,1948159.43,0,0,0
269,28,4,2001,17,18,19,25,49,52,0,110,8717,0,12115.7,152.31,6697873.66,0,0,0
271,12,5,2001,14,24,26,29,31,54,0,43,4385,0,19939.25,194.79,1028865.23,0,0,0
305,17,10,2001,5,11,27,38,53,60,0,47,3770,0,10013.62,124.37,1333855.18,0,0,0
317,28,11,2001,16,20,27,30,35,48,0,23,2088,0,18858.99,206.96,1325010.22,0,0,0
296,15,9,2001,3,20,42,46,51,52,0,29,2348,0,26582.95,327.09,1367552.68,0,0,0
314,17,11,2001,5,32,34,37,40,58,0,93,5542,0,12287.32,205.42,12427002.17,0,0,0
302,6,10,2001,12,25,30,40,41,60,0,101,6361,0,13505.06,213.63,11051609.38,0,0,0
289,22,8,2001,6,7,20,25,30,36,0,29,2197,0,13819.12,181.72,1341870.11,0,0,0
300,29,9,2001,24,27,28,38,41,57,0,48,4820,0,22820.73,226.4,8421199.74,0,0,0
295,12,9,2001,7,12,24,31,44,50,0,36,2055,0,10242.27,178.75,442466.08,0,0,0
316,24,11,2001,6,24,28,43,51,56,0,104,4093,0,6446.33,163.18,804502.07,0,0,0
306,20,10,2001,19,30,41,47,56,57,0,28,2294,0,29736.18,361.58,2332990.8,0,0,0
279,7,7,2001,4,23,31,47,58,59,0,58,6137,0,23664.88,222.81,7622494.24,0,0,0
312,10,11,2001,14,23,30,41,47,50,0,76,4985,0,15889.75,241.33,9909043.97,0,0,0
311,7,11,2001,22,24,30,32,38,41,0,31,2871,0,25454.68,273.81,8459898.95,0,0,0
336,9,2,2002,2,18,22,26,30,54,0,68,4141,0,11058.6,180.91,1413202.7,0,0,0
435,5,2,2003,10,11,17,31,37,43,0,55,3243,0,11059.32,186.85,3566693.13,0,0,0
243,28,10,2000,11,16,20,23,32,47,0,180,13705,0,12019.97,157.4,18728383.13,0,0,0
310,3,11,2001,2,14,28,29,31,32,0,81,5093,0,10544.47,167.07,7512984.9,0,0,0
307,24,10,2001,13,16,17,26,41,44,0,44,3962,0,12632.8,139.76,3000002.7,0,0,0
288,18,8,2001,6,9,11,17,18,50,0,82,4763,0,8749.64,150.07,860964.72,0,0,0
384,3,8,2002,24,28,40,47,50,52,0,151,10644,0,18351.99,259.37,21673565.65,0,0,0
181,21,8,1999,1,27,33,35,51,55,0,182,11797,0,11127.07,171.02,14573162.71,0,0,0
223,10,6,2000,2,6,22,24,28,58,0,163,7780,0,5838.31,121.86,3004483.21,0,0,0
242,21,10,2000,4,7,21,22,28,56,0,203,13497,0,9933.73,148.97,16132069.11,0,0,0
246,18,11,2000,2,16,32,37,43,57,0,93,5429,0,9292.06,158.71,1036993.8,0,0,0
426,4,1,2003,7,30,32,37,50,54,0,58,3139,0,13241.94,243.76,921638.77,0,0,0
436,8,2,2003,1,6,7,29,48,57,0,47,4696,0,19531.31,194.74,4668258.69,0,0,0
445,15,3,2003,7,20,31,32,50,53,0,31,3101,0,28559.37,284.42,2699748.84,0,0,0
368,8,6,2002,13,29,32,38,44,50,0,53,3220,0,10725.28,175.87,682127.44,0,0,0
319,5,12,2001,12,16,17,19,23,48,0,52,3342,0,7242.06,112.26,451904.22,0,0,0
437,12,2,2003,7,10,30,44,54,59,0,33,2829,0,22273.9,258.84,5550305.04,0,0,0
460,7,5,2003,19,23,30,37,49,55,0,155,9464,0,9688.96,158.09,17708446.64,0,0,0
427,8,1,2003,3,13,14,24,43,51,0,48,3563,0,11642.1,156.25,1592223.84,0,0,0
451,5,4,2003,17,18,23,28,31,53,0,87,7368,0,17131.8,201.53,13379529.89,0,0,0
421,11,12,2002,5,35,37,38,45,51,0,47,4716,0,21307.17,211.55,10706283.47,0,0,0
386,10,8,2002,17,35,36,39,43,54,0,70,5236,0,11571.98,154.12,972045.86,0,0,0
371,19,6,2002,4,18,23,33,39,60,0,47,3979,0,16675.12,196.23,8271144.7,0,0,0
419,4,12,2002,9,16,41,42,52,53,0,30,1594,0,14860.22,278.62,8115153.05,0,0,0
401,2,10,2002,11,18,43,44,50,53,0,33,2853,0,25008.64,288.18,7859389.89,0,0,0
370,15,6,2002,1,4,40,42,51,54,0,40,3230,0,23283.3,287.25,7330667.64,0,0,0
438,15,2,2003,3,5,11,14,38,48,0,65,6276,0,16281.73,167.99,6820280.27,0,0,0
399,25,9,2002,11,16,27,47,55,59,0,20,1730,0,19537,225.01,5676171.41,0,0,0
485,2,8,2003,19,28,30,38,52,57,0,30,3203,0,35888.42,334.87,3979451.73,0,0,0
378,13,7,2002,5,38,41,45,48,55,0,36,3115,0,25450.6,293.02,4498508.08,0,0,0
468,4,6,2003,5,6,23,25,39,51,0,58,4701,0,14292.56,175.67,3835668.21,0,0,0
338,20,2,2002,1,4,9,36,46,48,0,43,3245,0,14031.02,185.23,3243312.5,0,0,0
377,10,7,2002,3,12,19,27,45,46,0,87,5468,0,6639.02,105.23,3399042.3,0,0,0
467,31,5,2003,8,18,21,22,38,60,0,45,3907,0,20730.13,237.87,2840905.83,0,0,0
484,30,7,2003,17,18,19,38,49,53,0,55,4015,0,13655.17,186.35,2687468.43,0,0,0
357,27,4,2002,2,30,32,35,45,53,0,34,3265,0,23899.52,247.94,2445712.66,0,0,0
388,17,8,2002,23,36,48,52,53,58,0,46,4293,0,18826.46,200.97,2728273.75,0,0,0
337,16,2,2002,4,14,16,31,52,54,0,34,3454,0,27110.52,265.86,2519311.97,0,0,0
376,6,7,2002,10,13,25,35,43,48,0,110,6956,0,7257,114.33,2705928.72,0,0,0
428,11,1,2003,8,28,30,32,46,60,0,48,3734,0,16919,216.67,2566758.37,0,0,0
434,1,2,2003,4,10,17,24,30,54,0,84,4870,0,9173.28,157.63,2836778,0,0,0
417,27,11,2002,7,12,21,25,34,42,0,78,5218,0,7435.78,110.73,2099028.66,0,0,0
463,17,5,2003,2,3,7,18,45,53,0,166,15269,0,14740.96,159.66,25280386.38,0,0,0
475,28,6,2003,6,8,19,22,43,52,0,156,13235,0,15008.18,176.23,23591742.2,0,0,0
462,14,5,2003,17,19,22,26,27,48,0,212,14463,0,9023.34,131.76,22343987.57,0,0,0
455,19,4,2003,2,14,15,17,50,59,0,86,7989,0,23171.64,248.5,22264057.74,0,0,0
474,25,6,2003,3,12,32,34,40,50,0,56,6910,0,34156.59,275.76,20782211.64,0,0,0
461,10,5,2003,15,17,20,29,30,60,0,189,8312,0,10317.48,233.71,20048450.45,0,0,0
454,16,4,2003,4,17,24,42,46,56,0,275,16564,0,7515.39,124.3,19872744.64,0,0,0
441,26,2,2003,2,10,15,21,58,59,0,121,6941,0,11917.74,206.98,17701023.29,0,0,0
383,31,7,2002,14,22,48,50,53,56,0,73,6573,0,23753.43,262.81,18348185.45,0,0,0
473,21,6,2003,7,23,41,49,51,58,0,65,6524,0,23285.11,231.12,18486889.08,0,0,0
480,16,7,2003,14,33,36,38,41,49,0,112,8589,0,13831.54,179.69,17947892.21,0,0,0
342,6,3,2002,16,29,34,49,51,54,0,93,5578,0,15067.81,250.27,17547094.93,0,0,0
600,22,9,2004,16,18,31,34,39,54,0,73,4640,0,16062.92,251.75,17220256.51,0,0,0
453,12,4,2003,8,20,23,34,52,58,0,120,7882,0,15932.45,241.65,17392667.68,0,0,0
348,27,3,2002,19,30,33,39,40,52,0,19,1547,0,26763.06,327.46,1944413.01,0,0,0
483,26,7,2003,16,18,23,35,44,59,0,90,6279,0,9761.25,139.38,1786227.43,0,0,0
327,9,1,2002,29,32,33,38,46,48,0,16,2112,0,30517.93,230.33,1634646.68,0,0,0
375,3,7,2002,1,5,9,42,51,58,0,33,2359,0,14359.09,200.11,1748004.5,0,0,0
387,14,8,2002,22,28,29,43,47,48,0,40,2998,0,14937.65,198.55,1689053.37,0,0,0
433,29,1,2003,16,17,28,30,36,54,0,31,2332,0,16580.2,219.58,1912111.54,0,0,0
466,28,5,2003,11,16,28,29,30,45,0,64,3582,0,10353.72,184.29,1721479.17,0,0,0
444,12,3,2003,3,24,33,48,52,57,0,43,3332,0,13890.62,178.58,1637340.11,0,0,0
416,23,11,2002,1,13,23,33,54,56,0,44,4032,0,16547.76,179.9,1403039.91,0,0,0
356,24,4,2002,5,19,21,54,56,58,0,32,2415,0,15777.72,208.28,1470612.4,0,0,0
448,26,3,2003,3,5,9,45,51,52,0,40,2999,0,13356.99,177.48,1433817.03,0,0,0
347,23,3,2002,1,10,12,26,48,52,0,72,4730,0,9988.89,151.48,1334215.32,0,0,0
407,23,10,2002,2,18,22,49,51,57,0,90,6383,0,16315.38,229.18,16661649.27,0,0,0
353,13,4,2002,19,23,30,46,55,60,0,89,6862,0,19537.11,252.44,16844201.81,0,0,0
424,21,12,2002,18,27,29,36,46,59,0,91,7389,0,17356.78,212.95,15636395.41,0,0,0
472,18,6,2003,3,4,12,29,38,51,0,82,6518,0,17224.58,215.88,16670651.02,0,0,0
341,2,3,2002,5,16,22,23,43,56,0,166,11103,0,9623.14,143.34,15865526.88,0,0,0
382,27,7,2002,31,34,37,38,53,54,0,68,6291,0,23756.27,255.82,16267384.96,0,0,0
389,21,8,2002,5,14,18,43,46,54,0,63,4169,0,11305.19,170.2,15745310.46,0,0,0
440,22,2,2003,3,5,23,30,46,47,0,139,10120,0,10909.13,149.28,15970566.86,0,0,0
452,9,4,2003,11,16,30,36,51,54,0,76,6317,0,18847.21,225.9,15098395.42,0,0,0
324,22,12,2001,8,15,22,25,30,47,0,211,12192,0,7938.4,136.87,14541455.7,0,0,0
406,19,10,2002,2,12,32,38,47,48,0,78,6557,0,19463.48,230.66,14899587.92,0,0,0
333,30,1,2002,4,27,35,44,52,53,0,93,6221,0,12692.31,189.02,15441466.12,0,0,0
352,10,4,2002,7,20,25,44,47,49,0,161,8080,0,7848.74,155.8,14757638.49,0,0,0
471,14,6,2003,5,31,32,36,51,59,0,76,5490,0,19668.02,271.24,14975752.83,0,0,0
360,11,5,2002,23,24,29,47,53,55,0,133,8382,0,10645.79,168.28,14920906.83,0,0,0
381,24,7,2002,9,10,28,46,55,56,0,85,7295,0,14181.19,164.62,14328873.76,0,0,0
340,27,2,2002,9,10,12,33,42,60,0,121,6970,0,9877.84,170.83,13948598.35,0,0,0
332,26,1,2002,23,28,29,34,42,44,0,83,6713,0,16762.69,206.47,14025004.81,0,0,0
412,9,11,2002,5,12,14,21,45,59,0,89,8542,0,16616.72,172.49,14018527.28,0,0,0
423,18,12,2002,8,22,32,33,40,53,0,66,4178,0,17925.27,282.1,13741035.48,0,0,0
351,6,4,2002,15,16,24,41,59,60,0,98,5832,0,14478.34,242.37,13241262.56,0,0,0
470,11,6,2003,8,11,23,37,51,58,0,86,6094,0,13384.59,188.18,13182029.14,0,0,0
331,23,1,2002,1,13,20,27,35,37,0,70,6408,0,13872.44,150.97,12355441.42,0,0,0
359,8,5,2002,13,19,20,29,31,54,0,56,3953,0,13050.25,184.17,13221837.92,0,0,0
380,20,7,2002,13,22,30,31,47,57,0,206,7186,0,6628.67,189.31,12882392.95,0,0,0
323,19,12,2001,26,31,33,40,49,54,0,56,4244,0,19921.91,261.89,12531452.28,0,0,0
429,15,1,2003,17,26,32,36,43,55,0,44,3300,0,14978.72,198.96,12839021.93,0,0,0
339,23,2,2002,5,12,13,16,27,50,0,76,6908,0,12374.85,135.64,12514336.94,0,0,0
411,6,11,2002,10,12,31,38,45,56,0,91,5115,0,11814.39,209.4,12243861.06,0,0,0
422,14,12,2002,12,37,43,55,56,60,0,80,6516,0,16823.65,205.77,12321354.11,0,0,0
404,12,10,2002,1,24,28,38,40,58,0,66,4364,0,16580.07,249.8,11711956.93,0,0,0
379,17,7,2002,24,33,40,41,55,59,0,32,2830,0,23407.93,263.68,11243785.66,0,0,0
330,19,1,2002,2,4,14,23,37,51,0,120,7914,0,10924.51,165.03,11190156.01,0,0,0
350,3,4,2002,10,15,23,30,43,57,0,80,5012,0,11801.82,187.66,11538610.2,0,0,0
322,15,12,2001,11,18,29,44,47,56,0,87,7835,0,15453.45,170.95,11192700.36,0,0,0
410,2,11,2002,8,24,31,36,38,55,0,101,5799,0,10257.12,177.97,10953730.37,0,0,0
403,9,10,2002,7,16,27,31,46,60,0,48,4099,0,19972.95,233.01,10398815.28,0,0,0
449,29,3,2003,1,8,24,34,49,56,0,55,3656,0,14643.05,219.46,10220372.33,0,0,0
349,30,3,2002,8,9,28,32,38,54,0,46,3264,0,14053.06,197.31,10405636.15,0,0,0
409,30,10,2002,18,25,26,31,34,49,0,23,1958,0,18741.96,219.32,9710567.61,0,0,0
420,7,12,2002,12,29,30,43,57,59,0,83,5614,0,13949.86,205.47,9504559.06,0,0,0
329,16,1,2002,10,11,12,24,35,40,0,40,2904,0,10380.3,142.44,9617027.24,0,0,0
402,5,10,2002,5,16,27,43,56,58,0,146,7787,0,7927.99,148.08,9248373.54,0,0,0
326,5,1,2002,21,23,40,44,51,52,0,27,2674,0,32367.36,325.58,1048702.44,0,0,0
394,7,9,2002,5,15,35,42,45,49,0,47,4815,0,11817.8,114.93,1176778.31,0,0,0
458,30,4,2003,13,24,32,34,43,53,0,82,3921,0,7395.34,154.08,727701.47,0,0,0
374,29,6,2002,2,5,16,26,44,54,0,80,3326,0,8073.17,193.45,1179384.47,0,0,0
478,9,7,2003,3,8,21,25,30,31,0,92,4876,0,7045.32,132.43,777803.22,0,0,0
465,24,5,2003,1,22,31,46,51,57,0,19,2175,0,40627.81,353.57,926313.93,0,0,0
447,22,3,2003,15,24,25,33,42,55,0,55,5613,0,12010.32,117.25,792681.47,0,0,0
508,25,10,2003,5,10,15,45,46,56,0,33,3025,0,18038.77,196.05,714335.26,0,0,0
355,20,4,2002,2,14,22,23,37,60,0,50,4711,0,14412.47,152.39,864747.94,0,0,0
415,20,11,2002,1,4,27,38,42,44,0,40,2415,0,11027.47,181.96,529318.35,0,0,0
344,13,3,2002,10,12,14,33,35,36,0,46,3487,0,9494.33,124.78,524086.97,0,0,0
391,28,8,2002,4,7,15,16,35,40,0,44,2740,0,10170.35,162.7,536994.3,0,0,0
393,4,9,2002,6,12,35,36,40,50,0,31,1949,0,13716.51,217.35,510254.22,0,0,0
346,20,3,2002,7,12,41,46,56,60,0,20,1589,0,19632.3,246.17,471175.04,0,0,0
363,22,5,2002,19,29,39,47,49,54,0,27,2225,0,14921.89,180.39,483469.12,0,0,0
366,1,6,2002,4,6,7,15,21,51,0,41,3489,0,12721.16,148.93,625880.91,0,0,0
335,6,2,2002,7,23,33,43,57,59,0,24,2134,0,17736.83,198.73,510820.7,0,0,0
373,26,6,2002,1,5,10,24,31,33,0,52,3292,0,6480.14,101.98,404360.65,0,0,0
358,4,5,2002,12,17,21,32,40,42,0,84,5798,0,12903.06,186.23,3746340.86,0,0,0
405,16,10,2002,24,29,34,47,57,60,0,67,4579,0,16988.17,247.63,13077805.76,0,0,0
321,12,12,2001,4,11,31,32,48,49,0,55,3729,0,16954.09,249.11,9579360.38,0,0,0
320,8,12,2001,20,22,27,47,50,53,0,77,4916,0,15489,241.69,8460390.65,0,0,0
400,28,9,2002,10,13,28,29,54,59,0,75,4875,0,13254.18,203.14,6869047.91,0,0,0
361,15,5,2002,16,28,31,41,45,59,0,98,5236,0,12456.14,232.26,16385748.75,0,0,0
413,13,11,2002,2,4,29,33,35,53,0,102,7746,0,13376.53,175.49,15655814.53,0,0,0
450,2,4,2003,1,9,13,50,51,59,0,108,6194,0,10575.6,183.7,11590970.46,0,0,0
240,7,10,2000,25,28,38,41,57,59,0,103,6244,0,15200.74,250,11686511.34,0,0,0
396,14,9,2002,6,18,34,42,45,47,0,63,4201,0,10148.72,151.63,767243.59,0,0,0
439,19,2,2003,13,20,29,42,43,57,0,65,4407,0,13353.84,196.22,14150924.79,0,0,0
443,8,3,2003,11,17,26,36,48,52,0,47,3738,0,16322.42,204.46,920584.21,0,0,0
431,22,1,2003,26,37,40,47,52,58,0,20,1184,0,21069.89,354.56,505677.41,0,0,0
397,18,9,2002,1,2,5,24,32,46,0,61,4026,0,7992.42,120.64,1352288.49,0,0,0
683,20,7,2005,2,11,12,35,40,43,0,79,5680,0,19666.04,272.49,27715795.78,0,0,0
699,19,9,2005,17,23,48,50,53,54,0,54,3752,0,16259.09,233.13,12141821.41,0,0,0
681,13,7,2005,21,25,38,53,58,59,0,62,5210,0,23695.09,280.91,22194175.2,0,0,0
680,9,7,2005,2,3,5,22,26,44,0,188,11222,0,7276.69,121.45,19623257.97,0,0,0
867,16,5,2007,10,19,26,28,44,54,0,51,4381,0,20699.48,240.06,12060144.51,0,0,0
567,29,5,2004,11,31,38,41,57,58,0,69,5787,0,37888.61,450.05,31380642.06,0,0,0
627,29,12,2004,1,13,19,45,56,58,0,112,8049,0,14270.18,197.82,14669915.47,0,0,0
860,23,4,2007,2,8,17,22,42,44,0,111,6853,0,8602.66,138.82,9295079.41,0,0,0
571,12,6,2004,12,13,14,31,50,51,0,69,5572,0,22294.35,275.04,24124014.99,0,0,0
516,22,11,2003,5,13,24,33,34,35,0,164,7718,0,5416.02,114.65,7677394.38,0,0,0
540,21,2,2004,4,22,28,30,44,49,0,84,4535,0,10186.19,187.97,7225743.35,0,0,0
498,17,9,2003,2,6,28,49,50,57,0,58,4592,0,17603,221.5,7153413.01,0,0,0
530,17,1,2004,1,6,21,25,32,49,0,49,3771,0,18501.75,239.5,7541604.05,0,0,0
509,29,10,2003,28,32,33,34,35,55,0,39,2852,0,13104.28,178.52,7199176.21,0,0,0
550,31,3,2004,16,17,38,39,45,56,0,39,2948,0,18277,240.88,6463630.53,0,0,0
560,5,5,2004,2,11,18,30,32,58,0,44,2585,0,16215.47,274.97,6433069.85,0,0,0
515,19,11,2003,15,16,39,45,48,57,0,33,2636,0,20464.65,255.23,6122998.73,0,0,0
497,13,9,2003,9,13,20,32,41,58,0,72,5439,0,15712.44,207.21,5928244.66,0,0,0
539,18,2,2004,6,16,19,47,50,55,0,21,1908,0,25214.62,276.47,5728373.54,0,0,0
549,27,3,2004,8,13,22,46,51,58,0,34,2772,0,17519.41,214.07,5216225,0,0,0
514,15,11,2003,15,36,40,42,51,52,0,20,1209,0,24964.72,411.42,4941165.35,0,0,0
544,10,3,2004,11,17,33,34,47,56,0,39,2415,0,10062.1,161.89,4929350.89,0,0,0
496,10,9,2003,10,19,20,29,41,59,0,31,3495,0,27720.31,244.94,4570690.49,0,0,0
574,23,6,2004,2,10,17,23,32,44,0,162,12691,0,12609.31,160.35,45420567.88,0,0,0
528,10,1,2004,8,12,28,31,34,37,0,67,4827,0,12554.6,173.6,3926952.17,0,0,0
495,6,9,2003,8,15,29,36,49,60,0,48,5313,0,20565.02,185.09,3539495.03,0,0,0
568,2,6,2004,13,17,22,25,29,41,0,457,24931,0,7802.44,142.48,37620642.34,0,0,0
523,17,12,2003,28,39,40,44,45,58,0,123,9692,0,27528.74,348.05,34421843.43,0,0,0
506,18,10,2003,4,15,31,34,37,38,0,65,4735,0,12720.38,173.96,3094262.01,0,0,0
588,11,8,2004,11,13,45,46,53,55,0,22,2088,0,29565.71,310.34,3254587.92,0,0,0
527,7,1,2004,6,14,17,26,50,52,0,23,2091,0,27463.44,300.94,2454925.13,0,0,0
577,3,7,2004,8,23,24,28,31,47,0,57,4579,0,15092.9,187.17,2585472.5,0,0,0
596,8,9,2004,11,14,28,43,54,60,0,116,6578,0,15749.68,276.69,34695360.86,0,0,0
595,4,9,2004,1,2,25,43,50,54,0,89,7230,0,22736.36,278.82,31498176.46,0,0,0
616,17,11,2004,2,12,16,24,26,54,0,90,9236,0,18187.52,176.56,31620478.41,0,0,0
573,19,6,2004,6,17,22,29,40,59,0,82,8272,0,25012.22,247,30737786.41,0,0,0
522,13,12,2003,6,14,15,25,49,52,0,118,8280,0,19311.39,274.17,28496281.66,0,0,0
566,26,5,2004,6,13,17,18,20,37,0,176,13032,0,11334.45,152.49,26805592.27,0,0,0
594,1,9,2004,10,13,29,47,53,55,0,121,6444,0,11747.7,219.76,27956987.94,0,0,0
456,23,4,2003,3,17,22,27,33,40,0,221,16964,0,11142.66,144.61,25219091.2,0,0,0
558,28,4,2004,7,14,31,57,58,59,0,21,2000,0,26571.46,277.94,2632936.06,0,0,0
494,3,9,2003,18,20,28,32,49,53,0,32,2766,0,21997.6,253.53,2354949.51,0,0,0
583,24,7,2004,6,7,20,41,43,55,0,36,2157,0,20218.13,336.16,2143769.6,0,0,0
608,20,10,2004,6,13,19,24,30,37,0,101,5181,0,6267.54,121.72,2242347.59,0,0,0
505,15,10,2003,3,20,28,46,47,52,0,30,2559,0,19736.18,230.51,2102072.8,0,0,0
526,3,1,2004,3,21,31,36,55,59,0,34,2444,0,22681.04,314.34,1349521.77,0,0,0
587,7,8,2004,2,18,29,30,36,60,0,36,2436,0,20518.92,302.09,2116308.12,0,0,0
614,10,11,2004,12,16,31,48,57,60,0,53,4127,0,24951.84,319.23,25638073.79,0,0,0
565,22,5,2004,7,31,34,35,37,45,0,57,6804,0,29241.27,244.04,23314582.63,0,0,0
570,9,6,2004,15,32,33,35,36,51,0,84,7539,0,18168.1,201.67,21431972.38,0,0,0
602,29,9,2004,7,13,38,46,55,60,0,95,6773,0,13988.93,195.47,22018349.56,0,0,0
520,6,12,2003,9,12,17,32,34,35,0,166,10884,0,10017.32,152.2,21468871.74,0,0,0
564,19,5,2004,10,13,20,32,38,49,0,46,4446,0,25392.82,261.73,20397765.64,0,0,0
623,11,12,2004,9,23,30,42,49,55,0,124,6915,0,12236.03,218.59,19826970.07,0,0,0
519,3,12,2003,9,15,19,22,36,42,0,111,7018,0,9685.31,152.61,18558840.36,0,0,0
593,28,8,2004,1,25,27,29,49,59,0,68,5291,0,20265.54,259.47,17818401.51,0,0,0
493,30,8,2003,3,18,20,24,42,54,0,79,5294,0,9663.99,143.67,1510241.51,0,0,0
557,24,4,2004,8,12,18,23,38,49,0,59,3777,0,11001.41,171.2,1656435.01,0,0,0
504,11,10,2003,8,11,19,30,39,50,0,54,4006,0,12855.55,172.64,1391570.39,0,0,0
536,7,2,2004,14,15,22,23,25,37,0,49,3217,0,12551.38,190.46,1076280.35,0,0,0
538,14,2,2004,3,25,43,45,52,56,0,36,2657,0,16533.54,223.17,1041612.8,0,0,0
576,30,6,2004,7,8,18,39,43,52,0,27,1978,0,22856.21,310.81,1079955.77,0,0,0
582,21,7,2004,13,29,40,45,51,59,0,29,1943,0,17143.4,254.91,870027.37,0,0,0
622,8,12,2004,19,27,29,38,50,59,0,49,3560,0,24789.92,339.92,17171752.86,0,0,0
459,3,5,2003,8,15,17,39,43,49,0,62,4197,0,12146.48,178.76,15906301.09,0,0,0
592,25,8,2004,13,14,42,47,55,59,0,60,5062,0,18664.59,220.39,15406801.69,0,0,0
479,12,7,2003,20,26,41,46,54,58,0,32,2834,0,29012.34,326.35,16088932.65,0,0,0
599,18,9,2004,4,6,9,23,45,51,0,65,4755,0,10375.8,141.31,15168219.08,0,0,0
646,12,3,2005,10,13,32,47,49,60,0,79,6173,0,16079.41,205,15415049.93,0,0,0
591,21,8,2004,1,3,18,34,50,58,0,64,4448,0,18968.95,271.9,13447020.1,0,0,0
612,3,11,2004,15,18,33,50,53,55,0,41,3389,0,22250.05,268.16,13992649.1,0,0,0
653,6,4,2005,5,9,19,24,31,34,0,74,6274,0,14994.32,176.18,13429397.87,0,0,0
533,28,1,2004,13,18,21,27,53,59,0,82,5129,0,12747.27,203.03,12903975.95,0,0,0
645,9,3,2005,3,24,48,52,53,54,0,39,4345,0,27310.11,244.2,13192071.41,0,0,0
637,5,2,2005,11,18,43,48,52,58,0,29,3560,0,38451.69,312.04,13063669.53,0,0,0
563,15,5,2004,5,8,23,34,44,51,0,90,6007,0,13541.69,202.12,12014774.5,0,0,0
590,18,8,2004,4,5,18,25,28,51,0,70,5155,0,14105.62,190.82,11322497.59,0,0,0
553,10,4,2004,4,43,46,53,54,58,0,42,3308,0,23814.78,301.22,11644606.76,0,0,0
518,29,11,2003,5,8,10,15,18,44,0,182,8653,0,6014.85,126.04,11003437.88,0,0,0
532,24,1,2004,4,9,12,13,52,53,0,69,5314,0,16628.16,215.09,11074743.03,0,0,0
562,12,5,2004,16,23,35,37,55,57,0,117,5150,0,8271.95,187.22,9881959.48,0,0,0
580,14,7,2004,15,16,18,28,38,47,0,56,4097,0,16168.75,220.17,9592944.81,0,0,0
589,14,8,2004,6,7,8,13,33,59,0,152,9005,0,5926.91,99.66,9594559.27,0,0,0
610,27,10,2004,25,30,43,45,47,49,0,62,4044,0,14911.12,227.75,10421973.58,0,0,0
552,7,4,2004,9,22,47,49,52,54,0,69,4299,0,14110.09,225.61,9894220.21,0,0,0
517,26,11,2003,7,8,28,32,38,51,0,36,3262,0,22385.92,246.13,9087707.16,0,0,0
531,21,1,2004,1,3,7,18,35,50,0,96,5188,0,9079.1,167.37,9066892.84,0,0,0
489,16,8,2003,17,28,33,36,53,59,0,67,5107,0,12406.82,162.16,9662631.84,0,0,0
584,28,7,2004,7,8,23,30,32,53,0,49,3278,0,13327.92,198.48,8329175.8,0,0,0
551,3,4,2004,12,21,46,48,56,57,0,35,3027,0,28192.58,324.75,8190426.28,0,0,0
561,8,5,2004,1,20,36,39,49,55,0,32,2743,0,31342.98,364.27,8188276.67,0,0,0
604,6,10,2004,15,25,41,46,49,51,0,15,1422,0,35679.23,374.94,8450325.62,0,0,0
511,5,11,2003,3,4,8,34,36,37,0,50,3155,0,8700.75,137.37,761315.61,0,0,0
586,4,8,2004,11,13,38,39,45,54,0,30,2162,0,15687.92,216.87,823615.95,0,0,0
542,3,3,2004,4,6,19,28,35,49,0,42,2800,0,9683.43,144.7,711731.71,0,0,0
548,24,3,2004,14,47,49,51,58,59,0,9,965,0,41634.7,386.83,655746.39,0,0,0
488,13,8,2003,15,30,35,39,43,57,0,46,2699,0,11864.07,201.45,654896.68,0,0,0
492,27,8,2003,2,6,15,18,56,57,0,26,2629,0,19041.52,187.61,594095.53,0,0,0
501,1,10,2003,16,27,28,34,39,56,0,43,3037,0,11303.51,159.45,583261.35,0,0,0
546,17,3,2004,4,5,13,17,46,54,0,32,3003,0,12224.97,129.78,684598.29,0,0,0
513,12,11,2003,10,19,27,33,39,46,0,46,2427,0,8485.71,160.23,683099.65,0,0,0
556,21,4,2004,8,10,17,30,33,45,0,20,1699,0,14872.57,174.41,520539.87,0,0,0
503,8,10,2003,7,10,21,27,48,49,0,40,2934,0,11636.06,158.04,558530.93,0,0,0
659,27,4,2005,14,29,34,40,51,52,0,22,1390,0,27222.16,429.22,7004050.46,0,0,0
676,25,6,2005,9,15,32,41,42,49,0,94,7583,0,22081.78,272.69,34471676.39,0,0,0
658,23,4,2005,3,6,11,20,36,41,0,31,2883,0,18418.26,197.3,999190.32,0,0,0
675,22,6,2005,24,25,30,42,43,50,0,67,5204,0,26180.7,335.79,30839224.48,0,0,0
674,18,6,2005,18,22,29,32,38,42,0,96,5586,0,16070.11,275.14,27769536.63,0,0,0
665,18,5,2005,7,8,18,25,47,48,0,185,10055,0,8538.56,156.51,26622098.55,0,0,0
682,16,7,2005,4,27,36,37,47,60,0,62,5647,0,25832.17,282.55,24996965.62,0,0,0
656,16,4,2005,35,36,37,46,51,59,0,24,2623,0,42026.73,383.08,9573736.75,0,0,0
673,15,6,2005,6,11,20,34,37,40,0,72,4792,0,17523.73,262.3,17241869.86,0,0,0
664,14,5,2005,1,12,36,38,55,59,0,74,4971,0,18450.77,273.62,23857740.39,0,0,0
655,13,4,2005,1,26,37,39,43,48,0,23,2722,0,33457.53,281.64,7808614.22,0,0,0
672,11,6,2005,24,28,34,38,43,53,0,54,4411,0,24277.19,296.08,15033880.01,0,0,0
663,11,5,2005,1,27,30,49,51,55,0,64,4020,0,17649.82,279.93,14445995.2,0,0,0
671,8,6,2005,9,16,27,38,39,51,0,67,4259,0,16609.7,260.3,12739685.49,0,0,0
662,7,5,2005,4,18,23,25,56,60,0,79,5525,0,14974.99,213.31,12469215.44,0,0,0
670,4,6,2005,22,37,42,48,58,59,0,24,2895,0,43085.53,355.84,10792198.93,0,0,0
661,4,5,2005,4,27,36,40,42,55,0,64,4211,0,15130.77,229.09,10398923.36,0,0,0
678,2,7,2005,14,31,40,42,44,46,0,115,9797,0,28311.43,331.07,44355495.36,0,0,0
677,29,6,2005,8,10,25,32,48,55,0,284,12803,0,8422.82,186.14,38657818.81,0,0,0
668,28,5,2005,1,2,14,33,49,56,0,53,2814,0,11007.74,206.54,1020967.19,0,0,0
758,26,4,2006,1,23,36,43,47,59,0,74,4910,0,14352.34,215.49,13941260.58,0,0,0
634,26,1,2005,10,13,24,41,42,56,0,54,3752,0,11854.27,169.97,7789137.3,0,0,0
650,26,3,2005,10,24,25,29,53,59,0,29,2765,0,24322.62,254.15,7955241.21,0,0,0
649,23,3,2005,9,24,33,41,48,54,0,31,2156,0,15748.23,225.57,6720868.06,0,0,0
597,11,9,2004,22,27,29,40,42,56,0,140,10021,0,21650.75,301.33,39999792.49,0,0,0
572,16,6,2004,3,9,16,20,33,60,0,162,9940,0,10668.49,173.21,27148533.16,0,0,0
615,13,11,2004,5,8,10,27,31,51,0,157,9780,0,11348.03,181.48,28755943.65,0,0,0
640,19,2,2005,12,19,42,46,59,60,0,129,8094,0,14012.81,222.49,28229924.76,0,0,0
643,2,3,2005,14,24,37,40,42,45,0,41,2694,0,15663.14,237.48,2239011.24,0,0,0
633,22,1,2005,5,11,22,27,46,50,0,58,3524,0,11744.77,192.57,2088308.43,0,0,0
639,16,2,2005,13,35,39,45,51,60,0,72,5473,0,17653.96,231.37,25066531.77,0,0,0
601,25,9,2004,10,19,22,29,30,37,0,75,6002,0,18837.59,234.5,19692689.9,0,0,0
607,16,10,2004,6,11,19,27,41,59,0,48,3059,0,13506.67,211.14,1134560.21,0,0,0
613,6,11,2004,6,13,19,44,54,55,0,108,7101,0,12259.22,185.76,16309642.4,0,0,0
621,4,12,2004,26,29,31,49,50,57,0,40,3837,0,32904.81,341.73,15046017.24,0,0,0
611,30,10,2004,16,21,22,33,48,49,0,69,4531,0,16349.76,248.04,12396207.89,0,0,0
626,22,12,2004,7,8,18,22,39,49,0,52,5096,0,21294.16,216.47,11872960.59,0,0,0
619,27,11,2004,8,12,14,16,19,46,0,101,5924,0,7354.06,124.91,10960275.81,0,0,0
652,2,4,2005,10,18,20,24,56,57,0,41,3874,0,27383.54,288.71,11487633.94,0,0,0
605,9,10,2004,4,24,44,49,52,53,0,45,3980,0,23716.98,267.15,10318037.87,0,0,0
635,29,1,2005,8,20,26,37,42,49,0,58,3646,0,16456.84,260.8,9459506.58,0,0,0
651,30,3,2005,26,28,39,45,48,60,0,36,4356,0,24882.92,204.86,9522864.81,0,0,0
609,23,10,2004,2,6,15,58,59,60,0,60,3994,0,13952.24,208.81,8804117.7,0,0,0
630,12,1,2005,12,16,20,45,53,60,0,33,2972,0,24880.69,275.23,8811801.94,0,0,0
521,10,12,2003,15,25,28,32,38,45,0,166,10610,0,10463.37,163.09,24508480.18,0,0,0
636,2,2,2005,26,28,30,32,34,50,0,74,3170,0,12762.47,296.79,11112246.45,0,0,0
777,1,7,2006,2,14,23,28,50,56,0,80,3943,0,10746.73,217.22,10252923.38,0,12000000,0
818,22,11,2006,8,9,22,25,41,44,0,58,4935,0,16865.13,197.47,15715920.16,0,0,0
828,23,12,2006,23,28,38,42,50,53,0,29,3478,0,40114.62,333.21,16672542.56,0,0,0
724,21,12,2005,17,27,34,48,51,55,0,102,6190,0,12537.87,205.82,25450246.43,0,0,0
694,27,8,2005,15,19,29,37,41,53,0,114,7087,0,13859.26,222.1,31925755.05,0,0,0
767,27,5,2006,15,22,32,38,50,54,0,62,4419,0,20318.55,284,18803331.88,0,0,0
853,28,3,2007,30,38,46,51,56,59,0,17,1465,0,43287.28,500.41,2467562.79,0,0,0
717,26,11,2005,6,17,23,28,35,41,0,68,3816,0,8956.76,159,1065855.06,0,0,0
819,25,11,2006,5,19,25,46,51,58,0,105,5868,0,11132.9,198.46,23874662.7,0,0,0
709,26,10,2005,4,6,9,22,29,44,0,106,5202,0,5881.47,119.39,11276978,0,0,0
784,26,7,2006,8,27,37,42,53,56,0,27,2163,0,20363.8,253.24,8240695.17,0,0,0
749,25,3,2006,4,24,47,48,50,57,0,31,2669,0,26214.36,303.33,9429097.84,0,0,0
810,25,10,2006,1,4,5,33,37,48,0,75,6450,0,17505.65,202.79,26441472.82,0,30000000,0
701,24,9,2005,1,13,23,31,48,60,0,103,5623,0,11253.13,205.35,15838891.81,0,0,0
775,24,6,2006,12,27,42,46,47,50,0,30,3058,0,25559.59,249.8,7421108.15,0,0,0
844,24,2,2007,16,24,34,44,54,57,0,91,7679,0,18846.39,222.5,29460722.37,0,0,0
732,25,1,2006,6,17,19,49,50,53,0,65,4196,0,14610.54,225.48,12799611.64,0,0,0
801,23,9,2006,11,19,20,22,42,48,0,73,5791,0,19406.93,243.72,25374360.34,0,0,0
693,24,8,2005,13,14,17,31,41,50,0,152,7170,0,8909.82,188.18,20982752.64,0,0,0
684,23,7,2005,17,19,33,37,40,50,0,81,7103,0,22483.66,255.42,40669733.33,0,0,0
766,24,5,2006,1,19,24,42,50,58,0,63,4477,0,16857.33,236.31,16598769.93,0,0,0
836,24,1,2007,17,22,28,38,52,59,0,64,4859,0,20981.59,275.31,22459069.62,0,0,0
708,22,10,2005,7,9,13,39,45,47,0,102,5998,0,6567.35,111.26,1172271.79,0,0,0
757,22,4,2006,12,17,18,30,32,58,0,53,3448,0,17988.72,275.46,12082632.69,0,0,0
809,21,10,2006,5,11,15,23,25,30,0,121,7669,0,8582.38,134.9,24143857.18,0,0,0
666,21,5,2005,7,16,26,29,45,55,0,77,8122,0,26923.37,254.29,30250022.18,0,0,0
748,22,3,2006,1,2,7,19,35,51,0,74,4519,0,9080.42,148.14,2389018.77,0,0,0
731,21,1,2006,6,15,16,23,28,35,0,88,6659,0,11554.63,152.12,11137662.34,0,0,0
700,21,9,2005,2,3,14,24,31,40,0,53,3584,0,17991.31,265.04,13810515.56,0,0,0
692,20,8,2005,11,18,33,57,58,60,0,71,4995,0,18365.13,260.06,18612740.26,0,0,0
843,17,2,2007,1,16,34,36,45,48,0,68,5642,0,19914.21,239.1,18162628.75,0,0,0
835,20,1,2007,18,31,33,49,57,58,0,40,4078,0,28893.86,282.34,20109130.83,0,0,0
827,21,12,2006,18,24,30,42,51,56,0,47,4106,0,21021.73,239.72,14636725.67,0,0,0
868,19,5,2007,21,22,25,40,51,57,0,37,3453,0,32369.99,345.54,14156101.29,0,16000000,0
817,18,11,2006,10,29,30,34,43,52,0,27,2469,0,34364.35,374.37,14004110.17,0,16000000,0
782,19,7,2006,2,11,23,35,42,59,0,144,7533,0,9270.41,176.55,25654326.84,0,0,0
756,19,4,2006,5,27,37,38,41,50,0,34,3135,0,27503.13,297.15,10414179.09,0,0,0
747,18,3,2006,2,3,12,21,23,56,0,53,4363,0,13079.29,158.28,1213104.4,0,0,0
739,18,2,2006,6,10,35,45,49,56,0,54,4723,0,25993.77,296.08,23305073.75,0,0,0
826,19,12,2006,6,7,8,27,45,53,0,68,3571,0,9188.18,174.3,12907689.09,0,0,0
723,17,12,2005,1,6,16,36,50,52,0,49,4000,0,25242.04,308.05,16211920.28,0,0,0
808,18,10,2006,2,15,21,31,46,57,0,44,3844,0,24446.08,278.76,16228138.27,0,0,0
773,17,6,2006,3,5,14,29,34,51,0,58,4919,0,16454.7,193.29,14487644.71,0,0,0
850,17,3,2007,7,22,25,44,59,60,0,117,6520,0,9690.08,173.22,12843555.94,0,0,0
730,18,1,2006,2,15,16,45,50,54,0,34,2824,0,23412.97,280.82,9358249.67,0,0,0
691,17,8,2005,8,16,37,50,55,58,0,54,3896,0,20629.58,284.85,16330873.12,0,0,0
825,16,12,2006,10,21,28,40,41,47,0,52,4148,0,19453.75,242.96,11814295.88,0,0,0
706,15,10,2005,2,7,10,17,22,60,0,282,15980,0,7866.56,138.3,36334914.54,0,0,0
790,16,8,2006,2,6,19,22,28,43,0,71,5884,0,11717.34,140.86,10483439.1,0,0,0
781,15,7,2006,8,10,13,39,54,56,0,66,5707,0,19809.51,228.22,23318185.27,0,0,0
755,15,4,2006,4,12,30,47,49,59,0,41,2977,0,18319.33,251.35,8777742.92,0,0,0
816,16,11,2006,20,21,30,40,47,52,0,21,1885,0,39708.11,440.69,12380394.81,0,0,0
807,14,10,2006,2,8,27,32,49,56,0,130,6188,0,7262.48,152.01,14345789.99,0,0,0
738,15,2,2006,14,15,26,30,42,54,0,47,4178,0,26720.69,299.45,13745772.39,0,0,0
722,14,12,2005,9,18,36,44,57,60,0,85,5334,0,12704.05,201.68,14047415.26,0,0,0
690,13,8,2005,8,12,15,41,47,53,0,90,5446,0,13225.5,217.74,14381378.18,0,0,0
849,14,3,2007,8,9,39,44,49,58,0,33,2208,0,20408.37,303.87,10859511.56,0,0,0
842,14,2,2007,7,9,30,44,51,60,0,58,4700,0,21165.39,260.2,15792837.51,0,0,0
833,13,1,2007,13,16,46,53,57,58,0,40,2678,0,19408.81,288.8,1358616.66,0,0,0
824,13,12,2006,6,7,9,20,33,48,0,53,5002,0,14753.39,155.73,10044004.79,0,0,0
815,11,11,2006,9,19,37,39,50,57,0,56,3621,0,17528.89,270.06,10921121.58,0,0,0
713,12,11,2005,1,12,16,26,46,54,0,67,5838,0,20438.81,233.68,20040586.54,0,0,0
798,13,9,2006,3,4,9,29,32,52,0,48,4104,0,19610.77,228.5,13355239.88,0,0,0
705,8,10,2005,3,11,13,15,26,43,0,144,11514,0,11780.58,146.78,32452771.1,0,0,0
780,12,7,2006,7,10,28,50,51,59,0,43,3828,0,26754.56,299.4,21030186.72,0,0,0
754,12,4,2006,3,4,13,34,42,50,0,41,2827,0,14457.22,208.89,7463330.98,0,0,0
745,11,3,2006,2,16,21,37,43,57,0,134,5262,0,8604.62,218.3,11955163.21,0,0,0
737,11,2,2006,11,12,24,32,33,38,0,65,6267,0,18730.63,193.54,11547995.59,0,0,0
721,10,12,2005,3,14,23,25,36,55,0,99,6723,0,11025.33,161.75,12157688.32,0,0,0
806,12,10,2006,18,26,35,41,47,60,0,50,3179,0,18518.81,290.17,12693574.74,0,0,0
697,10,9,2005,28,31,32,35,51,53,0,27,2895,0,33337.57,309.74,1575200.44,0,0,0
771,10,6,2006,14,21,29,34,46,47,0,69,4559,0,15089.83,227.53,11260979.64,0,0,0
857,11,4,2007,2,3,17,49,50,59,0,71,4732,0,17126.48,256,15337557.86,0,0,0
728,11,1,2006,8,13,24,32,42,44,0,81,5381,0,8575.31,128.59,3431622.25,0,0,0
689,10,8,2005,6,7,31,49,51,60,0,29,2998,0,30336.11,292.33,12298361.58,0,0,0
762,10,5,2006,9,12,21,37,39,54,0,143,10120,0,13668.11,192.4,30932491.92,0,0,0
712,9,11,2005,7,8,35,43,53,58,0,97,5637,0,12122.15,207.81,17644136.19,0,0,0
788,9,8,2006,17,19,29,31,44,57,0,62,3247,0,10763.88,204.75,3206981.5,0,0,0
779,8,7,2006,25,26,29,36,52,54,0,26,3127,0,39580.32,327.85,19016906.07,0,0,0
744,8,3,2006,4,12,23,26,39,46,0,77,5387,0,10441.97,148.7,9937380.49,0,0,0
736,8,2,2006,1,21,38,41,49,56,0,19,2190,0,47835.6,413.44,9417386.79,0,0,0
727,7,1,2006,4,12,14,30,42,59,0,29,2688,0,25008.46,268.79,2216072.86,0,0,0
770,7,6,2006,4,12,25,34,35,48,0,68,5401,0,13703.65,171.88,9438882.88,0,0,0
761,6,5,2006,13,17,27,29,40,56,0,100,8936,0,17175.97,191.48,27512048.76,0,0,0
831,6,1,2007,3,32,33,42,48,50,0,117,12045,0,31716.1,306.9,40770541.92,0,0,0
711,5,11,2005,5,10,33,40,41,59,0,79,5840,0,18118.11,244.16,15586402.01,0,0,0
787,5,8,2006,20,31,34,37,54,60,0,40,1955,0,16922.47,344.93,2039100.64,0,0,0
864,5,5,2007,8,11,31,33,42,57,0,47,2926,0,16053.56,256.9,6807400,0,0,0
704,5,10,2005,2,4,18,27,34,50,0,56,5784,0,22659.95,218.56,29484065.62,0,0,0
778,5,7,2006,20,31,36,37,45,51,0,21,1890,0,42785.84,473.6,11825302.87,0,0,0
752,5,4,2006,4,23,24,25,29,42,0,86,6849,0,13022.3,162.9,14971892.19,0,0,0
743,4,3,2006,20,23,25,32,54,60,0,28,2762,0,29491.22,297.84,3211524.66,0,0,0
735,4,2,2006,9,15,38,40,42,52,0,33,3043,0,27163.91,293.47,7826853.28,0,0,0
719,3,12,2005,3,32,37,39,47,53,0,63,3553,0,12737,225,8649484.79,0,0,0
769,3,6,2006,12,16,20,21,29,50,0,49,3078,0,14382.06,228.08,7808149.6,0,0,0
726,4,1,2006,1,5,7,37,40,47,0,35,2838,0,15459.49,189.94,946893.69,0,0,0
821,2,12,2006,4,29,33,36,38,42,0,37,3307,0,17462.93,194.64,1130724.8,0,0,0
795,2,9,2006,14,21,26,29,36,48,0,76,4389,0,11029.2,190.27,8860028.16,0,0,0
687,3,8,2005,1,7,14,41,48,59,0,28,2887,0,25839.62,249.66,2518128.16,0,0,0
760,3,5,2006,12,17,44,45,46,60,0,80,5517,0,16005.08,231.2,24506255.18,0,0,0
830,3,1,2007,2,13,41,49,51,53,0,94,7705,0,24135.05,293.34,34276670.77,0,0,0
710,29,10,2005,5,25,34,39,46,49,0,48,4608,0,21483.28,222.94,13081573.14,0,0,0
703,1,10,2005,2,11,24,27,30,45,0,123,7343,0,10767.16,179.68,20037455.42,0,0,0
786,2,8,2006,10,11,26,27,31,41,0,19,1521,0,25700.08,319.83,854527.84,0,0,0
812,1,11,2006,11,13,38,39,54,57,0,57,2116,0,9696.24,260.21,967199.74,0,0,0
660,30,4,2005,5,11,38,46,53,54,0,58,4204,0,16751,230.23,8704277.05,0,0,0
742,1,3,2006,2,7,17,34,41,50,0,25,1622,0,14199,218.02,1766454.86,0,0,0
718,30,11,2005,7,21,33,35,39,58,0,41,2893,0,13759.23,194.26,2053079.87,0,0,0
759,29,4,2006,30,31,39,45,48,59,0,38,2588,0,32431.5,474.4,22265544.19,0,0,0
845,28,2,2007,14,19,20,40,48,52,0,67,5308,0,26277.83,330.43,32541798.04,0,0,0
794,30,8,2006,3,38,42,47,55,56,0,15,1730,0,37006.71,319.66,7393144.45,0,0,0
702,28,9,2005,1,18,45,56,57,58,0,47,3663,0,22868.49,292.31,17719825.24,0,0,0
776,28,6,2006,3,15,35,41,57,60,0,56,3075,0,13543.61,245.72,8748382.29,0,0,0
750,29,3,2006,10,17,33,42,54,58,0,49,3799,0,18795.69,241.51,11040828.28,0,0,0
741,25,2,2006,24,26,27,36,39,59,0,23,2133,0,28453.38,305.65,1145248.54,0,0,0
733,28,1,2006,2,12,26,31,43,46,0,67,5110,0,16737.98,218.63,14762139.6,0,0,0
802,27,9,2006,6,14,18,24,48,60,0,117,8216,0,12287.8,174.32,27890287.63,0,0,0
792,23,8,2006,9,29,34,43,45,56,0,32,1949,0,15844.65,259.17,887300.41,0,0,0
765,21,5,2006,3,10,16,30,37,50,0,62,4336,0,15552.09,221.54,14740248.65,0,0,0
800,20,9,2006,1,7,11,37,38,56,0,44,4497,0,26411.64,257.44,22895125.15,0,0,0
859,18,4,2007,9,12,34,46,47,57,0,35,3275,0,18296.99,194.8,7624012.41,0,0,0
799,16,9,2006,19,29,35,42,55,57,0,56,4675,0,19330.65,230.69,20861429.08,0,0,0
797,9,9,2006,6,12,47,48,52,58,0,66,3447,0,12566.42,239.7,11707935.01,0,0,0
814,8,11,2006,2,8,11,41,46,50,0,37,2534,0,18442.44,268.27,9203290.18,0,0,0
856,7,4,2007,11,15,40,41,42,47,0,37,2924,0,25678.52,323.71,13209593.04,0,0,0
720,7,12,2005,12,31,44,51,54,56,0,20,2606,0,45658.99,349.09,10247549.36,0,0,0
822,6,12,2006,4,10,17,27,41,52,0,31,2585,0,19931.52,238.13,2212009.51,0,0,0
796,6,9,2006,5,19,24,34,39,43,0,80,4883,0,9974.9,162.81,10256514.12,0,0,0
813,4,11,2006,9,15,23,45,46,56,0,43,3244,0,14647.97,193.43,2069459.59,0,0,0
803,30,9,2006,3,5,10,21,28,57,0,193,12055,0,8993.04,143.44,30927687.9,0,0,0
854,31,3,2007,3,17,24,25,27,44,0,88,7056,0,10150.39,126.11,9795115.03,0,0,0
829,31,12,2006,10,14,32,47,50,56,0,162,10814,0,18311.2,273.27,30306455.18,0,0,0
823,9,12,2006,1,15,26,51,54,59,0,22,2144,0,35180.77,359.62,3566468.83,0,0,0
865,9,5,2007,23,26,27,41,51,53,0,28,2694,0,31424.15,325.36,8347183.58,0,0,0
866,12,5,2007,5,27,36,40,46,48,0,46,3704,0,23174.32,286.71,10212715.83,0,0,0
863,2,5,2007,15,24,32,50,53,57,0,25,1454,0,18975.51,325.04,830178.33,0,0,0
625,18,12,2004,12,24,32,40,42,59,0,49,4056,0,20777.72,250.06,9935192.23,0,0,0
789,12,8,2006,6,31,38,39,50,60,0,13,1808,0,62482.48,447.56,9027559.48,0,0,0
642,26,2,2005,17,36,40,44,51,56,0,28,1988,0,22758.8,319.34,1115180.94,0,0,0
432,25,1,2003,4,13,17,27,39,50,0,54,4278,0,12185.97,153.24,1295327.95,0,0,0
644,5,3,2005,14,27,29,31,34,57,0,81,4433,0,10667.36,194.17,11328156.7,0,0,0
482,23,7,2003,12,13,33,53,54,56,0,41,2929,0,14878.29,207.48,732011.95,0,0,0
698,14,9,2005,8,12,22,27,43,55,0,43,3981,0,16354.69,175.99,2805890.89,0,0,0
793,26,8,2006,3,15,16,33,51,57,0,62,3629,0,10387.12,176.79,2014302.06,0,0,0
632,19,1,2005,2,19,28,48,51,54,0,26,1962,0,19697.02,260.03,896214.44,0,0,0
618,24,11,2004,3,8,10,13,24,60,0,86,4992,0,6312.56,108.34,950038.98,0,0,0
638,12,2,2005,10,11,36,41,42,50,0,65,4518,0,22677.35,325.03,15643218.5,0,0,0
620,1,12,2004,1,3,13,22,29,32,0,87,5886,0,11707.09,172.39,12742680.43,0,0,0
852,24,3,2007,6,14,23,34,38,44,0,42,3489,0,16051.24,192.5,1179766.12,0,0,0
714,16,11,2005,7,8,17,35,39,53,0,113,10955,0,9766.45,100.36,29611134.96,0,0,0
841,10,2,2007,7,22,32,36,38,51,0,67,5162,0,18656.13,241.23,13644549.97,0,0,0
688,6,8,2005,11,21,30,35,47,52,0,38,2757,0,23920.89,328.45,4108867.61,0,0,0
840,7,2,2007,17,29,31,35,43,59,0,94,5512,0,11603.23,197.13,11457118.69,0,0,0
846,3,3,2007,2,3,44,47,50,54,0,82,6231,0,24621.43,322.79,36074973.92,0,0,0
839,3,2,2007,7,8,11,18,37,43,0,77,5314,0,11092.88,160.13,9548388.11,0,0,0
695,31,8,2005,6,11,13,21,40,52,0,76,6333,0,22217.91,265.62,34880737.54,0,0,0
838,31,1,2007,9,23,30,38,44,47,0,41,2825,0,16256.65,235.05,1166414.58,0,0,0
686,30,7,2005,4,5,15,26,33,54,0,47,3901,0,15221.72,182.71,1251986.54,0,0,0
554,14,4,2004,15,29,31,42,47,60,0,64,4812,0,20951.21,277.6,20258939.21,0,0,0
855,4,4,2007,3,24,31,42,43,53,0,59,3478,0,16966.53,286.73,11546909.14,0,0,0
476,2,7,2003,17,20,38,43,55,58,0,163,11465,0,16837.81,238.49,26885217.69,0,0,0
177,24,7,1999,22,35,38,39,41,59,0,52,4408,0,21716.29,255.21,4646890.81,0,0,0
87,2,11,1997,4,5,11,28,32,40,0,64,5195,0,12696.6,156.11,4654053.86,0,0,0
175,10,7,1999,1,10,13,20,42,50,0,114,7058,0,8094.08,130.25,2049582.99,0,0,0
141,14,11,1998,10,13,22,41,42,58,0,119,10533,0,20106.1,226.7,19324778.9,0,0,0
135,3,10,1998,21,22,35,40,53,59,0,40,3604,0,24573.18,272.19,2188444.72,0,0,0
137,17,10,1998,15,16,19,22,26,49,0,88,6701,0,12675.49,166.13,4802402.93,0,0,0
88,9,11,1997,4,18,29,37,43,45,0,110,6805,0,7965.82,128.51,5705540.99,0,0,0
129,22,8,1998,1,9,10,32,46,54,0,67,5320,0,15634.41,196.51,5440490,0,0,0
115,16,5,1998,4,6,14,20,24,38,0,78,5091,0,9283.1,141.95,2339731.79,0,0,0
105,8,3,1998,3,13,31,43,46,49,0,55,4875,0,11824.08,133.14,1402269.88,0,0,0
109,4,4,1998,1,13,44,48,49,54,0,39,3881,0,21153.3,212.15,11523677.38,0,0,0
118,6,6,1998,9,22,25,37,56,57,0,53,4342,0,16052.88,195.56,5231361.36,0,0,0
121,27,6,1998,2,29,41,44,53,55,0,45,4554,0,28917,285.17,16205258.33,0,0,0
126,1,8,1998,6,10,11,28,32,40,0,83,5510,0,10052.56,151.13,1852731.83,0,0,0
189,16,10,1999,4,15,31,38,41,53,0,61,5485,0,23476.18,260.09,1718456.25,0,0,0
190,24,10,1999,5,10,21,32,40,42,0,304,21481,0,14923.96,210.41,44895988.05,0,0,0
183,4,9,1999,2,7,11,16,40,44,0,306,20677,0,9468.79,139.6,20905131.4,0,0,0
192,6,11,1999,1,26,28,41,54,60,0,53,4403,0,23005.08,275.87,1463122.78,0,0,0
185,18,9,1999,17,22,43,46,55,59,0,366,24849,0,12275.86,180.13,30124561.09,0,0,0
184,11,9,1999,9,16,21,34,41,60,0,217,15462,0,14699.97,205.53,24733003.15,0,0,0
152,30,1,1999,5,12,15,29,51,58,0,75,5041,0,11562.39,172.03,1040614.8,0,0,0
123,11,7,1998,13,14,16,26,32,42,0,176,13159,0,12440.56,166.06,20646465.28,0,0,0
142,21,11,1998,8,15,19,20,54,59,0,162,13991,0,18143.56,209.66,22851887.24,0,0,0
164,24,4,1999,4,10,14,19,28,44,0,111,8386,0,7595.63,100.54,1011737.9,0,0,0
174,3,7,1999,11,22,23,36,52,59,0,44,3217,0,17846.85,243.18,942313.58,0,0,0
156,27,2,1999,17,23,42,49,52,55,0,74,4455,0,11018.1,183.02,978407.41,0,0,0
89,16,11,1997,13,34,42,44,55,59,0,36,3847,0,24246,226.45,6752968.26,0,0,0
180,14,8,1999,6,23,29,39,51,60,0,111,6978,0,15907.98,252.09,12143009.93,0,0,0
154,13,2,1999,8,10,24,33,45,48,0,144,9252,0,7888.29,122.78,3692251.6,0,0,0
160,27,3,1999,2,13,42,52,54,58,0,74,6132,0,19431.89,234.5,11251511.63,0,0,0
99,25,1,1998,11,24,30,33,46,60,0,46,3015,0,14037.92,213.76,1470041.96,0,0,0
107,22,3,1998,2,4,16,24,51,52,0,35,3554,0,21494.23,211.26,3171136.01,0,0,0
101,8,2,1998,1,18,29,31,37,39,0,52,4653,0,20589.41,229.64,9869908.65,0,0,0
132,12,9,1998,7,9,35,41,44,50,0,143,12179,0,20846.64,244.29,25343057.89,0,0,0
149,9,1,1999,7,11,20,28,45,48,0,106,6290,0,9795.13,164.74,2211820.94,0,0,0
143,28,11,1998,6,18,20,40,50,53,0,144,10994,0,24792.99,324.1,27136115.88,0,0,0
166,8,5,1999,12,13,22,57,59,60,0,47,3371,0,17424.67,242.95,982751.54,0,0,0
104,1,3,1998,1,4,13,21,38,52,0,37,2588,0,14006.33,199.85,621880.72,0,0,0
145,12,12,1998,15,16,31,41,43,51,0,71,3389,0,15061.27,314.91,1283220.59,0,0,0
182,28,8,1999,3,5,10,28,46,60,0,239,17413,0,9954.78,136.13,17428194.22,0,0,0
170,5,6,1999,7,41,46,51,55,58,0,50,6257,0,32383.95,258.78,13643095.71,0,0,0
158,13,3,1999,4,14,17,43,51,58,0,31,3630,0,25856.53,220.81,961863.12,0,0,0
116,23,5,1998,5,13,32,36,42,51,0,64,5270,0,11956.28,144.91,3257973.62,10384878,4200000,0
106,15,3,1998,5,16,24,35,38,39,0,94,5390,0,7678.27,133.65,2268378.66,9795278,3000000,0
1,11,3,1996,4,5,30,33,41,52,0,17,2016,0,39158.92,330.21,1714650.23,0,0,0
4,1,4,1996,1,5,6,27,42,59,0,39,3311,0,15322.24,180.48,717080.75,0,0,0
5,8,4,1996,1,2,6,16,19,46,0,98,5399,0,5318.1,96.53,1342488.85,0,0,0
6,15,4,1996,7,13,19,22,40,47,0,109,7147,0,7214.66,110.03,2286166.33,0,0,0
7,22,4,1996,3,5,20,21,38,56,0,100,5736,0,8746.05,152.48,3335692.28,0,0,0
8,29,4,1996,4,17,37,38,47,53,0,60,5262,0,16084.11,183.4,4493748.19,0,0,0
9,6,5,1996,8,43,54,55,56,60,0,17,2175,0,60043.79,469.31,5718641.49,0,0,0
10,13,5,1996,4,18,21,25,38,57,0,251,12590,0,6638.45,132.35,13334769.81,0,0,0
12,27,5,1996,4,16,19,20,27,43,0,108,6454,0,6791.17,113.64,880136.24,0,0,0
13,3,6,1996,18,32,47,50,54,56,0,43,2934,0,20543.98,301.09,1940205.35,0,0,0
14,10,6,1996,2,16,23,27,47,53,0,85,5323,0,10458.19,167,3006941.32,0,0,0
15,17,6,1996,12,33,35,51,52,60,0,57,3931,0,17919.89,259.84,4232661.35,0,0,0
16,24,6,1996,20,32,34,49,58,60,0,31,3250,0,33307.13,317.7,5471686.62,0,0,0
18,8,7,1996,23,27,36,37,42,56,0,52,4484,0,13763.52,159.61,858843.48,0,0,0
19,15,7,1996,5,10,12,24,25,60,0,159,9250,0,5380.14,92.48,10506266.73,0,0,0
20,22,7,1996,11,25,28,30,33,51,0,72,5728,0,15486.97,194.67,11844340.83,0,0,0
21,29,7,1996,6,33,36,46,49,53,0,63,5030,0,17694.19,221.62,13182021.44,0,0,0
22,5,8,1996,1,9,31,38,46,56,0,47,4865,0,27212.9,262.9,14716828.84,0,0,0
23,12,8,1996,17,37,39,51,52,59,0,74,4897,0,20198.46,305.23,16510452,0,0,0
25,25,8,1996,24,43,50,54,55,56,0,28,2741,0,26338.5,269.06,884973.5,0,0,0
26,1,9,1996,10,22,50,53,57,58,0,16,1823,0,52473.74,460.55,1892469.3,0,0,0
27,8,9,1996,13,17,20,33,44,51,0,99,6466,0,9306.24,142.49,2998050.68,0,0,0
28,15,9,1996,3,6,22,24,54,60,0,50,4895,0,19749.22,201.73,4183003.48,0,0,0
30,29,9,1996,7,14,15,29,38,50,0,80,5885,0,11347.74,154.26,10127520.8,0,0,0
31,6,10,1996,17,19,28,45,48,56,0,103,5680,0,8793.04,159.45,11214340.46,0,0,0
32,13,10,1996,5,14,33,36,43,44,0,96,6876,0,11430.91,159.6,12531181.83,0,0,0
34,27,10,1996,13,15,17,40,53,57,0,51,2627,0,13604.06,264.11,832568.2,0,0,0
35,3,11,1996,4,16,21,23,54,57,0,39,3576,0,20051.18,218.68,1770963.49,0,0,0
36,10,11,1996,3,13,17,25,29,51,0,143,8548,0,6238.12,104.36,2841425.78,0,0,0
37,17,11,1996,6,7,22,38,52,60,0,47,3695,0,16848.61,214.32,3791687.26,0,0,0
38,24,11,1996,10,42,43,45,54,55,0,24,1999,0,38863.1,466.59,4910944.53,0,0,0
39,1,12,1996,12,16,37,45,52,56,0,73,4444,0,13459.05,221.09,13456111.33,0,0,0
40,8,12,1996,3,5,8,12,46,47,0,189,12117,0,7789.93,121.51,15222867.04,0,0,0
42,22,12,1996,7,11,19,24,33,36,0,201,9580,0,3684.64,77.31,888735.02,0,0,0
43,29,12,1996,2,6,17,25,26,58,0,75,5070,0,9738.03,144.06,1765157.22,0,0,0
44,5,1,1997,14,18,29,38,44,47,0,103,7742,0,7099.32,94.45,2642633.14,0,0,0
45,12,1,1997,7,30,37,44,53,55,0,33,3004,0,27201.47,298.82,3719811.46,0,0,0
46,19,1,1997,1,23,24,32,46,60,0,91,6263,0,9982.42,145.04,4809891.56,0,0,0
47,26,1,1997,3,17,25,35,48,56,0,210,10873,0,4458.44,85.94,5933418.51,0,0,0
48,2,2,1997,2,5,28,34,47,50,0,132,7454,0,7482.95,132.25,7118717.38,0,0,0
50,16,2,1997,6,16,21,44,57,58,0,31,2800,0,25241.25,278.91,8917830.39,0,0,0
51,23,2,1997,17,23,24,25,42,47,0,143,9361,0,7231.47,110.25,10158749.73,0,0,0
52,2,3,1997,15,30,38,46,58,59,0,77,6442,0,15544.23,185.43,11595036.71,0,0,0
53,9,3,1997,3,13,16,38,42,46,0,210,10941,0,6337.79,121.41,13192159.46,0,0,0
55,23,3,1997,2,14,23,29,38,52,0,66,3840,0,10817.63,185.56,856756.39,0,0,0
56,30,3,1997,2,7,20,35,51,59,0,48,2599,0,12142.2,223.81,1556147.46,0,0,0
57,6,4,1997,7,16,17,27,34,59,0,79,6173,0,10699.1,136.65,2570421.8,0,0,0
59,20,4,1997,2,8,13,28,34,54,0,90,5351,0,7312.34,122.75,789733.42,0,0,0
60,27,4,1997,3,14,15,20,21,38,0,129,7914,0,7111.47,115.69,9478249.26,0,0,0
61,4,5,1997,8,18,29,42,44,59,0,52,3866,0,18902.94,253.76,10657792.45,0,0,0
62,11,5,1997,6,8,13,24,31,52,0,119,8613,0,9968.7,137.46,12081323.45,0,0,0
64,25,5,1997,8,12,23,50,54,60,0,29,2441,0,23309.96,276.38,811186.58,0,0,0
65,1,6,1997,1,5,20,25,32,34,0,61,4932,0,11542.37,142.48,1656088.09,0,0,0
66,8,6,1997,12,13,15,26,33,48,0,102,7686,0,8054.25,106.68,2641927.81,0,0,0
67,15,6,1997,12,14,17,27,47,52,0,83,5479,0,10617.25,160.52,3699406.44,0,0,0
68,22,6,1997,1,3,12,13,53,59,0,49,4758,0,18496.73,190.11,4787014.46,0,0,0
69,29,6,1997,25,34,45,53,56,58,0,55,3661,0,17271.48,258.96,5926931.93,0,0,0
70,6,7,1997,17,23,27,40,43,58,0,95,6071,0,12899.52,201.46,14883849.29,0,0,0
71,13,7,1997,16,27,33,43,45,53,0,115,7430,0,12451.74,192.35,16602188.45,0,0,0
72,20,7,1997,1,19,34,43,44,48,0,85,7982,0,19676.33,209.13,18609174.26,0,0,0
74,3,8,1997,2,24,34,37,38,50,0,40,3321,0,18257.68,219.48,876368.71,0,0,0
75,10,8,1997,21,24,35,36,37,49,0,70,5032,0,12395.02,172.09,1917550.02,0,0,0
76,17,8,1997,8,17,18,23,33,53,0,92,6399,0,10247.61,147.04,3048886.14,0,0,0
77,24,8,1997,21,29,40,49,54,57,0,20,2635,0,49648.81,376.09,4240457.6,0,0,0
78,31,8,1997,12,22,25,31,32,46,0,103,5984,0,9907.36,170.19,5465006.39,0,0,0
80,14,9,1997,23,28,37,40,48,51,0,43,4284,0,26443,264.89,10953707.53,0,0,0
81,21,9,1997,10,23,41,47,54,60,0,62,4870,0,19453.15,247.17,12401021.68,0,0,0
83,5,10,1997,4,15,16,24,42,57,0,76,4756,0,9408.43,150.04,858048.93,0,0,0
84,12,10,1997,4,6,10,25,34,40,0,102,5546,0,7539.68,138.4,1780905.8,0,0,0
85,19,10,1997,6,15,30,37,45,47,0,45,4312,0,17279.25,179.96,2713984.86,0,0,0
86,26,10,1997,6,21,22,34,36,54,0,48,3752,0,16752.96,213.9,3678955.17,0,0,0
91,30,11,1997,2,4,10,35,39,60,0,68,3878,0,9588.8,167.81,782445.93,0,0,0
92,7,12,1997,1,3,5,23,24,51,0,75,5530,0,9792.64,132.56,1663783.45,0,0,0
93,14,12,1997,2,22,28,31,36,53,0,61,3795,0,12369.31,198.44,2569217.31,0,0,0
94,21,12,1997,8,18,28,51,52,55,0,25,2086,0,31457.49,376.26,3512942.16,0,0,0
95,28,12,1997,6,40,45,46,50,60,0,22,2185,0,30807.89,309.58,4326270.55,0,0,0
98,18,1,1998,13,14,31,33,35,43,0,89,4972,0,6508.88,116.28,695149.05,0,0,0
100,1,2,1998,14,29,30,46,48,51,0,56,3600,0,15930.48,247.32,8585129.47,0,0,0
108,29,3,1998,21,24,29,34,59,60,0,35,2453,0,22511.72,320.57,4116628.49,0,0,0
110,11,4,1998,18,31,43,52,57,58,0,35,3212,0,27771.48,302.01,12690079.16,0,0,0
111,18,4,1998,4,22,25,32,33,52,0,68,6109,0,18082.94,200.88,14165647.19,0,0,0
113,2,5,1998,7,26,28,34,54,55,0,38,2572,0,14269.55,210.4,650691.4,0,0,0
114,9,5,1998,6,12,18,37,47,54,0,71,4908,0,9626.08,138.99,1470833.69,0,0,0
117,30,5,1998,20,25,27,33,42,53,0,36,3822,0,22046.87,207.26,4210398.41,0,0,0
119,13,6,1998,1,21,36,38,47,50,0,21,2691,0,38921.16,303.13,13206225.91,0,0,0
120,20,6,1998,3,16,27,40,45,46,0,92,7073,0,13020.97,169.04,14643740.7,0,0,0
122,4,7,1998,11,17,20,39,43,53,0,83,7203,0,18210.45,209.43,18019018.95,0,0,0
125,25,7,1998,25,41,47,53,56,59,0,46,2784,0,15425.68,254.38,851497.47,0,0,0
127,8,8,1998,21,29,50,51,54,59,0,40,2613,0,23638.47,361.14,2987378.17,0,0,0
128,15,8,1998,3,9,18,21,23,43,0,973,11715,0,1024.41,84.91,4183483.5,0,0,0
130,29,8,1998,13,29,38,42,49,53,0,155,11403,0,11796.24,160.03,18814958.31,0,0,0
131,5,9,1998,4,9,17,27,30,44,0,361,21683,0,6811.67,113.19,21765774.49,0,0,0
134,26,9,1998,4,25,32,36,52,60,0,82,4575,0,10253.38,183.42,1008932.39,0,0,0
136,10,10,1998,1,17,25,38,45,59,0,126,7403,0,8435.36,143.29,3463871.17,0,0,0
138,24,10,1998,5,14,27,37,40,41,0,86,6953,0,14074.36,173.74,6254876.8,0,0,0
140,7,11,1998,7,31,41,44,46,55,0,45,4945,0,36581.33,332.24,16453628.31,0,0,0
146,19,12,1998,25,32,34,42,51,60,0,51,4079,0,23923.45,298.52,2747335.81,0,0,0
148,31,12,1998,32,35,41,55,58,59,0,15,2322,0,53660.04,345.95,965880.61,0,0,0
150,16,1,1999,12,44,50,52,54,55,0,56,5540,0,36378.71,367,21414530.14,0,0,0
153,6,2,1999,2,30,31,42,45,47,0,47,4218,0,22846.45,254.57,2329154.62,0,0,0
161,3,4,1999,6,25,30,37,39,41,0,95,6865,0,14430.61,199.69,12896601.04,0,0,0
162,10,4,1999,21,23,33,38,48,51,0,92,7244,0,20941.3,265.96,15208520.83,0,0,0
169,29,5,1999,1,13,21,37,51,52,0,65,4489,0,13679.08,198.07,1973804.91,0,0,0
172,19,6,1999,10,14,26,35,36,49,0,64,4592,0,13460.12,186.89,1033736.7,0,0,0
176,17,7,1999,1,3,4,28,45,53,0,62,5405,0,16696.39,190.8,3291794.61,0,0,0
751,1,4,2006,4,7,20,25,38,50,0,74,5579,0,15221.68,201.14,13012035.71,0,15000000,0
772,14,6,2006,10,35,38,51,52,60,0,66,5330,0,13476.3,166.25,12817492.36,0,15000000,0
870,26,5,2007,8,21,34,40,43,52,0,26,2923,0,34488.2,305.61,8272810.82,0,10000000,0
871,30,5,2007,1,5,10,17,47,58,0,80,6225,0,12453.39,159.45,10016284.93,0,12000000,0
872,2,6,2007,5,18,31,43,55,58,0,81,4636,0,14747.74,256.7,12106777.43,0,14000000,0
873,6,6,2007,4,19,30,34,57,59,0,70,5051,0,17932.61,247.59,14303522.62,0,17000000,0
874,9,6,2007,10,20,42,44,52,59,0,32,3024,0,39615.01,417.62,23535080.88,0,26000000,0
876,16,6,2007,4,8,12,41,45,60,0,30,3847,0,29219.33,227,1534014.85,0,3000000,0
877,20,6,2007,13,15,20,28,31,36,0,69,4817,0,14440.64,206.07,3277722.23,0,5000000,0
878,23,6,2007,11,12,37,38,43,54,0,33,3702,0,29970.93,266.16,5008543.3,0,7000000,0
879,27,6,2007,10,28,29,35,42,46,0,45,3852,0,21995.08,255.98,13767454.24,0,16000000,0
880,30,6,2007,25,30,37,46,49,51,0,46,4314,0,28154.03,299.07,16033853.7,0,18000000,0
881,4,7,2007,4,18,24,43,51,56,0,99,6959,0,14336.7,203.19,18517686.08,0,22000000,0
883,11,7,2007,21,32,37,52,53,60,0,13,1494,0,51899.42,449.89,1180711.67,0,2500000,0
884,14,7,2007,2,11,12,14,22,39,0,56,4752,0,15846.82,186.05,10204577.3,0,12000000,0
885,18,7,2007,4,13,31,33,47,51,0,114,6503,0,9254.88,161.63,12050926.17,0,14000000,0
886,21,7,2007,17,33,37,50,55,59,0,100,5764,0,12422.33,214.7,14224834.41,0,17000000,0
887,25,7,2007,1,12,21,32,34,44,0,79,4885,0,15886.22,255.94,16421104.66,0,20000000,0
889,1,8,2007,20,24,34,39,54,60,0,21,1733,0,30883.09,372.81,8190614.89,0,10000000,0
890,4,8,2007,7,9,17,21,22,54,0,105,6983,0,10715.07,160.51,10159508.19,0,12000000,0
891,8,8,2007,15,16,19,22,34,35,0,92,6400,0,13781.11,197.35,12378266.6,0,15000000,0
892,11,8,2007,1,19,42,44,49,52,0,54,4782,0,28078.08,315.87,15031644.65,0,18000000,0
893,15,8,2007,3,18,26,51,53,56,0,105,6595,0,14747.51,233.91,17741499.79,0,21000000,0
894,18,8,2007,20,24,28,37,41,44,0,59,6653,0,31502.25,278.31,30139459.45,0,33000000,0
895,22,8,2007,2,41,43,55,57,58,0,82,6473,0,29366.19,370.6,34353506.77,0,40000000,0
896,25,8,2007,5,11,22,31,35,41,0,98,10769,0,31002.68,281.06,39670465.09,0,45000000,0
897,29,8,2007,7,21,22,43,46,57,0,212,16644,0,18019.32,228.65,46355633.71,0,54000000,0
899,5,9,2007,18,20,36,53,54,58,0,948,3559,0,951.79,252.57,20867361.42,0,24000000,0
901,12,9,2007,13,16,32,33,34,56,0,100,5617,0,9381.13,166.39,1641698.41,0,3500000,0
902,15,9,2007,18,23,50,52,55,58,0,68,3490,0,17237.57,334.59,3692969.85,0,6000000,0
903,19,9,2007,5,17,20,32,41,55,0,62,4688,0,19346.4,254.89,5792054.3,0,8000000,0
904,22,9,2007,32,44,48,51,53,59,0,72,4007,0,18874.08,337.86,15768458.93,0,18000000,0
907,3,10,2007,9,36,37,41,51,53,0,25,2244,0,32080.72,356.05,1403531.54,0,3000000,0
908,6,10,2007,1,9,19,25,50,52,0,120,6205,0,8660.71,166.86,3222281.26,0,5000000,0
909,10,10,2007,17,22,26,28,38,42,0,48,4586,0,21301.42,222.11,11605715.34,0,14000000,0
910,13,10,2007,3,15,27,29,36,53,0,107,6512,0,10618.33,173.81,13593997.94,0,16000000,0
912,20,10,2007,4,19,21,26,29,54,0,62,4474,0,13412.1,185.16,1455212.96,0,3000000,0
914,27,10,2007,9,12,23,33,45,51,0,64,4731,0,12406.06,167.2,7590419.67,0,10000000,0
916,3,11,2007,5,28,33,36,37,38,0,144,3220,0,4648.18,207.09,1171341.29,0,2500000,0
917,7,11,2007,23,25,30,46,47,59,0,61,3491,0,14133.49,246.03,2680091.97,0,4000000,0
918,10,11,2007,4,8,12,38,44,52,0,135,6883,0,7591.36,148.33,4473550.36,0,6000000,0
919,14,11,2007,3,25,31,41,43,60,0,37,3505,0,28441.93,299.1,12153032.42,0,14000000,0
920,17,11,2007,5,17,24,52,55,57,0,94,6584,0,12657.72,180.04,14235226.59,0,16000000,0
921,21,11,2007,1,9,35,41,48,57,0,62,4365,0,21395.2,302.75,16556605.48,0,20000000,0
922,24,11,2007,12,13,19,41,45,49,0,136,8735,0,11821.04,183.36,19370014.34,0,22000000,0
923,28,11,2007,2,15,39,50,53,57,0,90,6122,0,19370.44,283.68,22420857.89,0,26000000,0
924,1,12,2007,2,20,21,27,51,60,0,90,7236,0,22081.88,273.61,35717127.33,0,40000000,0
926,8,12,2007,21,33,34,40,41,59,0,24,2019,0,35599.69,421.58,1495186.73,0,3000000,0
927,12,12,2007,19,23,26,31,33,36,0,45,3499,0,20517.91,262.88,3110971.95,0,5000000,0
929,19,12,2007,16,27,35,39,49,57,0,42,3095,0,18094.16,244.61,9414519.05,0,11000000,0
930,22,12,2007,20,28,37,46,49,55,0,73,5481,0,18344.9,243.81,11758079.4,0,16000000,0
931,31,12,2007,7,17,19,34,36,39,0,245,14573,0,9393.97,157.93,15785742.06,0,20000000,0
933,9,1,2008,8,14,25,39,45,51,0,66,3308,0,11712.22,233.68,1352761.06,0,3000000,0
934,12,1,2008,1,3,21,25,44,48,0,55,5101,0,17289.83,186.42,12508366.08,0,15000000,0
935,16,1,2008,7,13,18,29,31,45,0,243,10898,0,5396.61,120.33,14803274.65,0,17000000,0
937,23,1,2008,2,21,22,30,41,52,0,20,1763,0,36413.65,413.09,1274477.8,0,3000000,0
938,26,1,2008,15,27,35,50,57,59,0,39,3235,0,23406.66,282.18,2871982.33,0,5000000,0
939,30,1,2008,6,19,23,37,49,50,0,103,5670,0,9216.78,167.43,11264174.77,0,13500000,0
940,2,2,2008,5,25,31,33,37,51,0,109,6936,0,11635.12,182.85,13483573.63,0,15000000,0
941,6,2,2008,10,11,15,27,53,60,0,37,3406,0,20206.51,219.51,14791945.07,0,16000000,0
942,9,2,2008,5,8,18,42,52,59,0,73,5310,0,20890.58,287.2,17460716.85,0,20000000,0
944,16,2,2008,16,37,43,52,58,59,0,21,2669,0,38432.28,302.39,9017085,0,11000000,0
945,20,2,2008,4,8,27,44,54,59,0,118,6615,0,9974.16,177.92,11076748.93,0,13000000,0
946,23,2,2008,1,5,12,47,52,59,0,92,6373,0,15029.8,216.97,13496546.46,0,16000000,0
948,1,3,2008,22,41,44,46,52,54,0,30,2141,0,27177.27,380.81,1426806.41,0,3000000,0
949,5,3,2008,1,23,41,44,51,52,0,28,2679,0,31580.9,330.08,10111849.01,0,12000000,0
950,8,3,2008,23,41,42,48,49,59,0,43,3953,0,30111.09,327.54,12377708.64,0,15000000,0
951,12,3,2008,14,24,34,39,49,55,0,41,3894,0,33969.92,357.67,14815050.33,0,17000000,0
952,15,3,2008,2,11,18,27,30,54,0,132,7126,0,11947.28,221.31,17574870.51,0,20000000,0
954,22,3,2008,5,8,18,24,33,57,0,81,5213,0,7848.36,121.95,9334367.34,0,11000000,0
957,2,4,2008,24,25,32,34,50,57,0,24,2210,0,30247.28,328.48,1270385.5,0,2500000,0
959,9,4,2008,3,5,11,33,39,57,0,138,7139,0,5376.4,103.93,6756745.86,0,8500000,0
960,12,4,2008,6,18,19,33,34,53,0,73,4852,0,15299.06,230.18,8711201.48,0,11000000,0
961,16,4,2008,2,4,16,21,36,53,0,81,7193,0,15330.15,172.63,10884250.08,0,13000000,0
963,23,4,2008,15,17,37,48,50,59,0,30,2644,0,20269.81,229.99,1064165.04,0,2300000,0
964,26,4,2008,8,13,20,26,33,42,0,125,6128,0,7097.23,144.77,9139860.1,0,11000000,0
965,30,4,2008,5,30,36,39,57,58,0,61,3934,0,18625.79,288.81,11128162.61,0,13000000,0
966,3,5,2008,1,4,26,28,41,58,0,55,4397,0,21206.52,265.26,13169290.24,0,15000000,0
967,7,5,2008,5,13,14,18,30,57,0,91,7445,0,15768.06,192.74,15680353.75,0,18000000,0
968,10,5,2008,1,4,13,30,51,60,0,124,9572,0,13308.65,172.41,18568330.65,0,22000000,0
971,21,5,2008,4,11,14,33,44,45,0,66,4390,0,11508.75,173.02,1329260.36,0,2700000,0
973,28,5,2008,1,8,30,36,47,53,0,36,2274,0,19679.25,311.55,1239792.94,0,2500000,0
974,31,5,2008,12,16,20,31,38,45,0,93,4213,0,10307.56,227.53,8440373.33,0,11000000,0
975,4,6,2008,9,30,33,37,40,41,0,55,4524,0,25191.37,306.26,10865043.23,0,13500000,0
976,7,6,2008,14,23,25,28,38,53,0,74,6395,0,21152.88,244.77,13604340.57,0,16000000,0
978,14,6,2008,12,16,18,27,42,58,0,69,4616,0,13220.26,197.61,1596346.74,0,3500000,0
979,18,6,2008,3,15,28,31,39,51,0,42,3714,0,23261.38,263.05,11484484.11,0,13000000,0
980,21,6,2008,15,17,29,35,36,59,0,88,6837,0,16054.57,206.64,13956888.71,0,16000000,0
981,25,6,2008,1,8,34,41,53,58,0,74,4974,0,20200.29,300.53,16572825.97,0,19000000,0
982,28,6,2008,8,12,24,40,43,49,0,125,8510,0,14102.62,207.15,19657775.24,0,23000000,0
984,5,7,2008,4,10,20,43,46,47,0,38,2643,0,26313.69,378.33,11966686.94,0,15000000,0
985,9,7,2008,4,16,18,46,56,59,0,55,4846,0,26215.6,297.54,14489938.27,0,17000000,0
986,12,7,2008,6,15,19,24,31,32,0,120,7953,0,15043.78,226.99,17649132.28,0,21000000,0
987,16,7,2008,13,27,31,34,47,58,0,193,10923,0,10707.6,189.19,21265623.87,0,25000000,0
988,19,7,2008,8,17,46,48,56,60,0,73,6874,0,31767.36,337.36,25323903.99,0,30000000,0
989,23,7,2008,2,21,27,29,32,38,0,130,10296,0,23437.38,295.93,44005353.43,0,52000000,0
991,30,7,2008,8,9,15,38,41,60,0,36,3028,0,26823.95,318.91,1689908.71,0,4000000,0
992,2,8,2008,1,4,6,8,25,28,0,330,13216,0,3731.21,93.17,3844685.43,0,6000000,0
