2025-09-10 11:34:59	INFO	Log file cleared on app start/refresh.	
2025-09-10 11:35:07	WARNING	Nenhum estimador selecionado para avaliação. Por favor, selecione pelo menos um.	
2025-09-10 11:35:14	WARNING	Nenhum estimador selecionado para avaliação. Por favor, selecione pelo menos um.	
2025-09-10 11:35:17	WARNING	Nenhum estimador selecionado para avaliação. Por favor, selecione pelo menos um.	
2025-09-10 11:35:20	WARNING	Nenhum estimador selecionado para avaliação. Por favor, selecione pelo menos um.	
2025-09-10 11:35:27	WARNING	Nenhum estimador selecionado para avaliação. Por favor, selecione pelo menos um.	
2025-09-10 11:35:31	WARNING	Nenhum estimador selecionado para avaliação. Por favor, selecione pelo menos um.	
2025-09-10 11:35:32	WARNING	Nenhum estimador selecionado para avaliação. Por favor, selecione pelo menos um.	
2025-09-10 11:35:34	WARNING	Nenhum estimador selecionado para avaliação. Por favor, selecione pelo menos um.	
2025-09-10 11:35:36	WARNING	Nenhum estimador selecionado para avaliação. Por favor, selecione pelo menos um.	
2025-09-10 11:35:38	WARNING	Nenhum estimador selecionado para avaliação. Por favor, selecione pelo menos um.	
2025-09-10 11:35:40	WARNING	Nenhum estimador selecionado para avaliação. Por favor, selecione pelo menos um.	
2025-09-10 11:35:41	WARNING	Nenhum estimador selecionado para avaliação. Por favor, selecione pelo menos um.	
2025-09-10 11:35:43	WARNING	Nenhum estimador selecionado para avaliação. Por favor, selecione pelo menos um.	
2025-09-10 11:35:49	WARNING	Nenhum estimador selecionado para avaliação. Por favor, selecione pelo menos um.	
2025-09-10 11:35:51	WARNING	Nenhum estimador selecionado para avaliação. Por favor, selecione pelo menos um.	
2025-09-10 11:35:59	EXCEPTION	Erro durante cross_val_score para o modelo LogisticRegression.	Traceback (most recent call last):
  File "D:\PROGRAMACAO\sklearn_rl\D_training\D1_training.py", line 133, in agent_training
    scores = cross_val_score(pipe, X_train, y_train, cv=3, scoring=scoring_metric)
             ^^^^^^^^^^^^^^^^^^^^^^^^^^^^^^^^^^^^^^^^^^^^^^^^^^^^^^^^^^^^^^^^^^^^^
  File "C:\Users\e_damas\anaconda3\envs\sklearn_rl\Lib\site-packages\sklearn\utils\_param_validation.py", line 218, in wrapper
    return func(*args, **kwargs)
           ^^^^^^^^^^^^^^^^^^^^^
  File "C:\Users\e_damas\anaconda3\envs\sklearn_rl\Lib\site-packages\sklearn\model_selection\_validation.py", line 677, in cross_val_score
    cv_results = cross_validate(
                 ^^^^^^^^^^^^^^^
  File "C:\Users\e_damas\anaconda3\envs\sklearn_rl\Lib\site-packages\sklearn\utils\_param_validation.py", line 218, in wrapper
    return func(*args, **kwargs)
           ^^^^^^^^^^^^^^^^^^^^^
  File "C:\Users\e_damas\anaconda3\envs\sklearn_rl\Lib\site-packages\sklearn\model_selection\_validation.py", line 419, in cross_validate
    _warn_or_raise_about_fit_failures(results, error_score)
  File "C:\Users\e_damas\anaconda3\envs\sklearn_rl\Lib\site-packages\sklearn\model_selection\_validation.py", line 505, in _warn_or_raise_about_fit_failures
    raise ValueError(all_fits_failed_message)
ValueError: 
All the 3 fits failed.
It is very likely that your model is misconfigured.
You can try to debug the error by setting error_score='raise'.

Below are more details about the failures:
--------------------------------------------------------------------------------
3 fits failed with the following error:
Traceback (most recent call last):
  File "C:\Users\e_damas\anaconda3\envs\sklearn_rl\Lib\site-packages\sklearn\model_selection\_validation.py", line 859, in _fit_and_score
    estimator.fit(X_train, y_train, **fit_params)
  File "C:\Users\e_damas\anaconda3\envs\sklearn_rl\Lib\site-packages\sklearn\base.py", line 1365, in wrapper
    return fit_method(estimator, *args, **kwargs)
           ^^^^^^^^^^^^^^^^^^^^^^^^^^^^^^^^^^^^^^
  File "C:\Users\e_damas\anaconda3\envs\sklearn_rl\Lib\site-packages\sklearn\pipeline.py", line 663, in fit
    self._final_estimator.fit(Xt, y, **last_step_params["fit"])
  File "C:\Users\e_damas\anaconda3\envs\sklearn_rl\Lib\site-packages\sklearn\base.py", line 1358, in wrapper
    estimator._validate_params()
  File "C:\Users\e_damas\anaconda3\envs\sklearn_rl\Lib\site-packages\sklearn\base.py", line 471, in _validate_params
    validate_parameter_constraints(
  File "C:\Users\e_damas\anaconda3\envs\sklearn_rl\Lib\site-packages\sklearn\utils\_param_validation.py", line 98, in validate_parameter_constraints
    raise InvalidParameterError(
sklearn.utils._param_validation.InvalidParameterError: The 'solver' parameter of LogisticRegression must be a str among {'liblinear', 'newton-cg', 'saga', 'newton-cholesky', 'lbfgs', 'sag'}. Got 'lsqr' instead.


2025-09-10 11:37:14	EXCEPTION	Erro durante cross_val_score para o modelo LogisticRegression.	Traceback (most recent call last):
  File "D:\PROGRAMACAO\sklearn_rl\D_training\D1_training.py", line 133, in agent_training
    scores = cross_val_score(pipe, X_train, y_train, cv=3, scoring=scoring_metric)
             ^^^^^^^^^^^^^^^^^^^^^^^^^^^^^^^^^^^^^^^^^^^^^^^^^^^^^^^^^^^^^^^^^^^^^
  File "C:\Users\e_damas\anaconda3\envs\sklearn_rl\Lib\site-packages\sklearn\utils\_param_validation.py", line 218, in wrapper
    return func(*args, **kwargs)
           ^^^^^^^^^^^^^^^^^^^^^
  File "C:\Users\e_damas\anaconda3\envs\sklearn_rl\Lib\site-packages\sklearn\model_selection\_validation.py", line 677, in cross_val_score
    cv_results = cross_validate(
                 ^^^^^^^^^^^^^^^
  File "C:\Users\e_damas\anaconda3\envs\sklearn_rl\Lib\site-packages\sklearn\utils\_param_validation.py", line 218, in wrapper
    return func(*args, **kwargs)
           ^^^^^^^^^^^^^^^^^^^^^
  File "C:\Users\e_damas\anaconda3\envs\sklearn_rl\Lib\site-packages\sklearn\model_selection\_validation.py", line 419, in cross_validate
    _warn_or_raise_about_fit_failures(results, error_score)
  File "C:\Users\e_damas\anaconda3\envs\sklearn_rl\Lib\site-packages\sklearn\model_selection\_validation.py", line 505, in _warn_or_raise_about_fit_failures
    raise ValueError(all_fits_failed_message)
ValueError: 
All the 3 fits failed.
It is very likely that your model is misconfigured.
You can try to debug the error by setting error_score='raise'.

Below are more details about the failures:
--------------------------------------------------------------------------------
3 fits failed with the following error:
Traceback (most recent call last):
  File "C:\Users\e_damas\anaconda3\envs\sklearn_rl\Lib\site-packages\sklearn\model_selection\_validation.py", line 859, in _fit_and_score
    estimator.fit(X_train, y_train, **fit_params)
  File "C:\Users\e_damas\anaconda3\envs\sklearn_rl\Lib\site-packages\sklearn\base.py", line 1365, in wrapper
    return fit_method(estimator, *args, **kwargs)
           ^^^^^^^^^^^^^^^^^^^^^^^^^^^^^^^^^^^^^^
  File "C:\Users\e_damas\anaconda3\envs\sklearn_rl\Lib\site-packages\sklearn\pipeline.py", line 663, in fit
    self._final_estimator.fit(Xt, y, **last_step_params["fit"])
  File "C:\Users\e_damas\anaconda3\envs\sklearn_rl\Lib\site-packages\sklearn\base.py", line 1358, in wrapper
    estimator._validate_params()
  File "C:\Users\e_damas\anaconda3\envs\sklearn_rl\Lib\site-packages\sklearn\base.py", line 471, in _validate_params
    validate_parameter_constraints(
  File "C:\Users\e_damas\anaconda3\envs\sklearn_rl\Lib\site-packages\sklearn\utils\_param_validation.py", line 98, in validate_parameter_constraints
    raise InvalidParameterError(
sklearn.utils._param_validation.InvalidParameterError: The 'solver' parameter of LogisticRegression must be a str among {'liblinear', 'newton-cg', 'saga', 'newton-cholesky', 'lbfgs', 'sag'}. Got 'svd' instead.


2025-09-10 11:37:15	EXCEPTION	Erro durante cross_val_score para o modelo LogisticRegression.	Traceback (most recent call last):
  File "D:\PROGRAMACAO\sklearn_rl\D_training\D1_training.py", line 133, in agent_training
    scores = cross_val_score(pipe, X_train, y_train, cv=3, scoring=scoring_metric)
             ^^^^^^^^^^^^^^^^^^^^^^^^^^^^^^^^^^^^^^^^^^^^^^^^^^^^^^^^^^^^^^^^^^^^^
  File "C:\Users\e_damas\anaconda3\envs\sklearn_rl\Lib\site-packages\sklearn\utils\_param_validation.py", line 218, in wrapper
    return func(*args, **kwargs)
           ^^^^^^^^^^^^^^^^^^^^^
  File "C:\Users\e_damas\anaconda3\envs\sklearn_rl\Lib\site-packages\sklearn\model_selection\_validation.py", line 677, in cross_val_score
    cv_results = cross_validate(
                 ^^^^^^^^^^^^^^^
  File "C:\Users\e_damas\anaconda3\envs\sklearn_rl\Lib\site-packages\sklearn\utils\_param_validation.py", line 218, in wrapper
    return func(*args, **kwargs)
           ^^^^^^^^^^^^^^^^^^^^^
  File "C:\Users\e_damas\anaconda3\envs\sklearn_rl\Lib\site-packages\sklearn\model_selection\_validation.py", line 419, in cross_validate
    _warn_or_raise_about_fit_failures(results, error_score)
  File "C:\Users\e_damas\anaconda3\envs\sklearn_rl\Lib\site-packages\sklearn\model_selection\_validation.py", line 505, in _warn_or_raise_about_fit_failures
    raise ValueError(all_fits_failed_message)
ValueError: 
All the 3 fits failed.
It is very likely that your model is misconfigured.
You can try to debug the error by setting error_score='raise'.

Below are more details about the failures:
--------------------------------------------------------------------------------
3 fits failed with the following error:
Traceback (most recent call last):
  File "C:\Users\e_damas\anaconda3\envs\sklearn_rl\Lib\site-packages\sklearn\model_selection\_validation.py", line 859, in _fit_and_score
    estimator.fit(X_train, y_train, **fit_params)
  File "C:\Users\e_damas\anaconda3\envs\sklearn_rl\Lib\site-packages\sklearn\base.py", line 1365, in wrapper
    return fit_method(estimator, *args, **kwargs)
           ^^^^^^^^^^^^^^^^^^^^^^^^^^^^^^^^^^^^^^
  File "C:\Users\e_damas\anaconda3\envs\sklearn_rl\Lib\site-packages\sklearn\pipeline.py", line 663, in fit
    self._final_estimator.fit(Xt, y, **last_step_params["fit"])
  File "C:\Users\e_damas\anaconda3\envs\sklearn_rl\Lib\site-packages\sklearn\base.py", line 1358, in wrapper
    estimator._validate_params()
  File "C:\Users\e_damas\anaconda3\envs\sklearn_rl\Lib\site-packages\sklearn\base.py", line 471, in _validate_params
    validate_parameter_constraints(
  File "C:\Users\e_damas\anaconda3\envs\sklearn_rl\Lib\site-packages\sklearn\utils\_param_validation.py", line 98, in validate_parameter_constraints
    raise InvalidParameterError(
sklearn.utils._param_validation.InvalidParameterError: The 'solver' parameter of LogisticRegression must be a str among {'liblinear', 'newton-cg', 'saga', 'newton-cholesky', 'lbfgs', 'sag'}. Got 'cholesky' instead.


2025-09-10 11:37:15	EXCEPTION	Erro durante cross_val_score para o modelo LogisticRegression.	Traceback (most recent call last):
  File "D:\PROGRAMACAO\sklearn_rl\D_training\D1_training.py", line 133, in agent_training
    scores = cross_val_score(pipe, X_train, y_train, cv=3, scoring=scoring_metric)
             ^^^^^^^^^^^^^^^^^^^^^^^^^^^^^^^^^^^^^^^^^^^^^^^^^^^^^^^^^^^^^^^^^^^^^
  File "C:\Users\e_damas\anaconda3\envs\sklearn_rl\Lib\site-packages\sklearn\utils\_param_validation.py", line 218, in wrapper
    return func(*args, **kwargs)
           ^^^^^^^^^^^^^^^^^^^^^
  File "C:\Users\e_damas\anaconda3\envs\sklearn_rl\Lib\site-packages\sklearn\model_selection\_validation.py", line 677, in cross_val_score
    cv_results = cross_validate(
                 ^^^^^^^^^^^^^^^
  File "C:\Users\e_damas\anaconda3\envs\sklearn_rl\Lib\site-packages\sklearn\utils\_param_validation.py", line 218, in wrapper
    return func(*args, **kwargs)
           ^^^^^^^^^^^^^^^^^^^^^
  File "C:\Users\e_damas\anaconda3\envs\sklearn_rl\Lib\site-packages\sklearn\model_selection\_validation.py", line 419, in cross_validate
    _warn_or_raise_about_fit_failures(results, error_score)
  File "C:\Users\e_damas\anaconda3\envs\sklearn_rl\Lib\site-packages\sklearn\model_selection\_validation.py", line 505, in _warn_or_raise_about_fit_failures
    raise ValueError(all_fits_failed_message)
ValueError: 
All the 3 fits failed.
It is very likely that your model is misconfigured.
You can try to debug the error by setting error_score='raise'.

Below are more details about the failures:
--------------------------------------------------------------------------------
3 fits failed with the following error:
Traceback (most recent call last):
  File "C:\Users\e_damas\anaconda3\envs\sklearn_rl\Lib\site-packages\sklearn\model_selection\_validation.py", line 859, in _fit_and_score
    estimator.fit(X_train, y_train, **fit_params)
  File "C:\Users\e_damas\anaconda3\envs\sklearn_rl\Lib\site-packages\sklearn\base.py", line 1365, in wrapper
    return fit_method(estimator, *args, **kwargs)
           ^^^^^^^^^^^^^^^^^^^^^^^^^^^^^^^^^^^^^^
  File "C:\Users\e_damas\anaconda3\envs\sklearn_rl\Lib\site-packages\sklearn\pipeline.py", line 663, in fit
    self._final_estimator.fit(Xt, y, **last_step_params["fit"])
  File "C:\Users\e_damas\anaconda3\envs\sklearn_rl\Lib\site-packages\sklearn\base.py", line 1358, in wrapper
    estimator._validate_params()
  File "C:\Users\e_damas\anaconda3\envs\sklearn_rl\Lib\site-packages\sklearn\base.py", line 471, in _validate_params
    validate_parameter_constraints(
  File "C:\Users\e_damas\anaconda3\envs\sklearn_rl\Lib\site-packages\sklearn\utils\_param_validation.py", line 98, in validate_parameter_constraints
    raise InvalidParameterError(
sklearn.utils._param_validation.InvalidParameterError: The 'solver' parameter of LogisticRegression must be a str among {'liblinear', 'newton-cg', 'saga', 'newton-cholesky', 'lbfgs', 'sag'}. Got 'lsqr' instead.


2025-09-10 11:37:43	EXCEPTION	Erro durante cross_val_score para o modelo LogisticRegression.	Traceback (most recent call last):
  File "D:\PROGRAMACAO\sklearn_rl\D_training\D1_training.py", line 133, in agent_training
    scores = cross_val_score(pipe, X_train, y_train, cv=3, scoring=scoring_metric)
             ^^^^^^^^^^^^^^^^^^^^^^^^^^^^^^^^^^^^^^^^^^^^^^^^^^^^^^^^^^^^^^^^^^^^^
  File "C:\Users\e_damas\anaconda3\envs\sklearn_rl\Lib\site-packages\sklearn\utils\_param_validation.py", line 218, in wrapper
    return func(*args, **kwargs)
           ^^^^^^^^^^^^^^^^^^^^^
  File "C:\Users\e_damas\anaconda3\envs\sklearn_rl\Lib\site-packages\sklearn\model_selection\_validation.py", line 677, in cross_val_score
    cv_results = cross_validate(
                 ^^^^^^^^^^^^^^^
  File "C:\Users\e_damas\anaconda3\envs\sklearn_rl\Lib\site-packages\sklearn\utils\_param_validation.py", line 218, in wrapper
    return func(*args, **kwargs)
           ^^^^^^^^^^^^^^^^^^^^^
  File "C:\Users\e_damas\anaconda3\envs\sklearn_rl\Lib\site-packages\sklearn\model_selection\_validation.py", line 419, in cross_validate
    _warn_or_raise_about_fit_failures(results, error_score)
  File "C:\Users\e_damas\anaconda3\envs\sklearn_rl\Lib\site-packages\sklearn\model_selection\_validation.py", line 505, in _warn_or_raise_about_fit_failures
    raise ValueError(all_fits_failed_message)
ValueError: 
All the 3 fits failed.
It is very likely that your model is misconfigured.
You can try to debug the error by setting error_score='raise'.

Below are more details about the failures:
--------------------------------------------------------------------------------
3 fits failed with the following error:
Traceback (most recent call last):
  File "C:\Users\e_damas\anaconda3\envs\sklearn_rl\Lib\site-packages\sklearn\model_selection\_validation.py", line 859, in _fit_and_score
    estimator.fit(X_train, y_train, **fit_params)
  File "C:\Users\e_damas\anaconda3\envs\sklearn_rl\Lib\site-packages\sklearn\base.py", line 1365, in wrapper
    return fit_method(estimator, *args, **kwargs)
           ^^^^^^^^^^^^^^^^^^^^^^^^^^^^^^^^^^^^^^
  File "C:\Users\e_damas\anaconda3\envs\sklearn_rl\Lib\site-packages\sklearn\pipeline.py", line 663, in fit
    self._final_estimator.fit(Xt, y, **last_step_params["fit"])
  File "C:\Users\e_damas\anaconda3\envs\sklearn_rl\Lib\site-packages\sklearn\base.py", line 1358, in wrapper
    estimator._validate_params()
  File "C:\Users\e_damas\anaconda3\envs\sklearn_rl\Lib\site-packages\sklearn\base.py", line 471, in _validate_params
    validate_parameter_constraints(
  File "C:\Users\e_damas\anaconda3\envs\sklearn_rl\Lib\site-packages\sklearn\utils\_param_validation.py", line 98, in validate_parameter_constraints
    raise InvalidParameterError(
sklearn.utils._param_validation.InvalidParameterError: The 'solver' parameter of LogisticRegression must be a str among {'liblinear', 'newton-cg', 'saga', 'newton-cholesky', 'lbfgs', 'sag'}. Got 'svd' instead.


2025-09-10 11:39:31	ERROR	Nenhum estimador compatível encontrado. Ajuste a seleção de features/alvos ou o arquivo de estimadores.	
2025-09-10 11:39:42	EXCEPTION	Erro durante cross_val_score para o modelo LogisticRegression.	Traceback (most recent call last):
  File "D:\PROGRAMACAO\sklearn_rl\D_training\D1_training.py", line 133, in agent_training
    scores = cross_val_score(pipe, X_train, y_train, cv=3, scoring=scoring_metric)
             ^^^^^^^^^^^^^^^^^^^^^^^^^^^^^^^^^^^^^^^^^^^^^^^^^^^^^^^^^^^^^^^^^^^^^
  File "C:\Users\e_damas\anaconda3\envs\sklearn_rl\Lib\site-packages\sklearn\utils\_param_validation.py", line 218, in wrapper
    return func(*args, **kwargs)
           ^^^^^^^^^^^^^^^^^^^^^
  File "C:\Users\e_damas\anaconda3\envs\sklearn_rl\Lib\site-packages\sklearn\model_selection\_validation.py", line 677, in cross_val_score
    cv_results = cross_validate(
                 ^^^^^^^^^^^^^^^
  File "C:\Users\e_damas\anaconda3\envs\sklearn_rl\Lib\site-packages\sklearn\utils\_param_validation.py", line 218, in wrapper
    return func(*args, **kwargs)
           ^^^^^^^^^^^^^^^^^^^^^
  File "C:\Users\e_damas\anaconda3\envs\sklearn_rl\Lib\site-packages\sklearn\model_selection\_validation.py", line 419, in cross_validate
    _warn_or_raise_about_fit_failures(results, error_score)
  File "C:\Users\e_damas\anaconda3\envs\sklearn_rl\Lib\site-packages\sklearn\model_selection\_validation.py", line 505, in _warn_or_raise_about_fit_failures
    raise ValueError(all_fits_failed_message)
ValueError: 
All the 3 fits failed.
It is very likely that your model is misconfigured.
You can try to debug the error by setting error_score='raise'.

Below are more details about the failures:
--------------------------------------------------------------------------------
3 fits failed with the following error:
Traceback (most recent call last):
  File "C:\Users\e_damas\anaconda3\envs\sklearn_rl\Lib\site-packages\sklearn\model_selection\_validation.py", line 859, in _fit_and_score
    estimator.fit(X_train, y_train, **fit_params)
  File "C:\Users\e_damas\anaconda3\envs\sklearn_rl\Lib\site-packages\sklearn\base.py", line 1365, in wrapper
    return fit_method(estimator, *args, **kwargs)
           ^^^^^^^^^^^^^^^^^^^^^^^^^^^^^^^^^^^^^^
  File "C:\Users\e_damas\anaconda3\envs\sklearn_rl\Lib\site-packages\sklearn\pipeline.py", line 663, in fit
    self._final_estimator.fit(Xt, y, **last_step_params["fit"])
  File "C:\Users\e_damas\anaconda3\envs\sklearn_rl\Lib\site-packages\sklearn\base.py", line 1358, in wrapper
    estimator._validate_params()
  File "C:\Users\e_damas\anaconda3\envs\sklearn_rl\Lib\site-packages\sklearn\base.py", line 471, in _validate_params
    validate_parameter_constraints(
  File "C:\Users\e_damas\anaconda3\envs\sklearn_rl\Lib\site-packages\sklearn\utils\_param_validation.py", line 98, in validate_parameter_constraints
    raise InvalidParameterError(
sklearn.utils._param_validation.InvalidParameterError: The 'solver' parameter of LogisticRegression must be a str among {'liblinear', 'newton-cg', 'saga', 'newton-cholesky', 'lbfgs', 'sag'}. Got 'auto' instead.


2025-09-10 11:39:42	EXCEPTION	Erro durante cross_val_score para o modelo LogisticRegression.	Traceback (most recent call last):
  File "D:\PROGRAMACAO\sklearn_rl\D_training\D1_training.py", line 133, in agent_training
    scores = cross_val_score(pipe, X_train, y_train, cv=3, scoring=scoring_metric)
             ^^^^^^^^^^^^^^^^^^^^^^^^^^^^^^^^^^^^^^^^^^^^^^^^^^^^^^^^^^^^^^^^^^^^^
  File "C:\Users\e_damas\anaconda3\envs\sklearn_rl\Lib\site-packages\sklearn\utils\_param_validation.py", line 218, in wrapper
    return func(*args, **kwargs)
           ^^^^^^^^^^^^^^^^^^^^^
  File "C:\Users\e_damas\anaconda3\envs\sklearn_rl\Lib\site-packages\sklearn\model_selection\_validation.py", line 677, in cross_val_score
    cv_results = cross_validate(
                 ^^^^^^^^^^^^^^^
  File "C:\Users\e_damas\anaconda3\envs\sklearn_rl\Lib\site-packages\sklearn\utils\_param_validation.py", line 218, in wrapper
    return func(*args, **kwargs)
           ^^^^^^^^^^^^^^^^^^^^^
  File "C:\Users\e_damas\anaconda3\envs\sklearn_rl\Lib\site-packages\sklearn\model_selection\_validation.py", line 419, in cross_validate
    _warn_or_raise_about_fit_failures(results, error_score)
  File "C:\Users\e_damas\anaconda3\envs\sklearn_rl\Lib\site-packages\sklearn\model_selection\_validation.py", line 505, in _warn_or_raise_about_fit_failures
    raise ValueError(all_fits_failed_message)
ValueError: 
All the 3 fits failed.
It is very likely that your model is misconfigured.
You can try to debug the error by setting error_score='raise'.

Below are more details about the failures:
--------------------------------------------------------------------------------
3 fits failed with the following error:
Traceback (most recent call last):
  File "C:\Users\e_damas\anaconda3\envs\sklearn_rl\Lib\site-packages\sklearn\model_selection\_validation.py", line 859, in _fit_and_score
    estimator.fit(X_train, y_train, **fit_params)
  File "C:\Users\e_damas\anaconda3\envs\sklearn_rl\Lib\site-packages\sklearn\base.py", line 1365, in wrapper
    return fit_method(estimator, *args, **kwargs)
           ^^^^^^^^^^^^^^^^^^^^^^^^^^^^^^^^^^^^^^
  File "C:\Users\e_damas\anaconda3\envs\sklearn_rl\Lib\site-packages\sklearn\pipeline.py", line 663, in fit
    self._final_estimator.fit(Xt, y, **last_step_params["fit"])
  File "C:\Users\e_damas\anaconda3\envs\sklearn_rl\Lib\site-packages\sklearn\base.py", line 1358, in wrapper
    estimator._validate_params()
  File "C:\Users\e_damas\anaconda3\envs\sklearn_rl\Lib\site-packages\sklearn\base.py", line 471, in _validate_params
    validate_parameter_constraints(
  File "C:\Users\e_damas\anaconda3\envs\sklearn_rl\Lib\site-packages\sklearn\utils\_param_validation.py", line 98, in validate_parameter_constraints
    raise InvalidParameterError(
sklearn.utils._param_validation.InvalidParameterError: The 'solver' parameter of LogisticRegression must be a str among {'liblinear', 'newton-cg', 'saga', 'newton-cholesky', 'lbfgs', 'sag'}. Got 'svd' instead.


2025-09-10 11:39:50	EXCEPTION	Erro durante cross_val_score para o modelo LogisticRegression.	Traceback (most recent call last):
  File "D:\PROGRAMACAO\sklearn_rl\D_training\D1_training.py", line 133, in agent_training
    scores = cross_val_score(pipe, X_train, y_train, cv=3, scoring=scoring_metric)
             ^^^^^^^^^^^^^^^^^^^^^^^^^^^^^^^^^^^^^^^^^^^^^^^^^^^^^^^^^^^^^^^^^^^^^
  File "C:\Users\e_damas\anaconda3\envs\sklearn_rl\Lib\site-packages\sklearn\utils\_param_validation.py", line 218, in wrapper
    return func(*args, **kwargs)
           ^^^^^^^^^^^^^^^^^^^^^
  File "C:\Users\e_damas\anaconda3\envs\sklearn_rl\Lib\site-packages\sklearn\model_selection\_validation.py", line 677, in cross_val_score
    cv_results = cross_validate(
                 ^^^^^^^^^^^^^^^
  File "C:\Users\e_damas\anaconda3\envs\sklearn_rl\Lib\site-packages\sklearn\utils\_param_validation.py", line 218, in wrapper
    return func(*args, **kwargs)
           ^^^^^^^^^^^^^^^^^^^^^
  File "C:\Users\e_damas\anaconda3\envs\sklearn_rl\Lib\site-packages\sklearn\model_selection\_validation.py", line 419, in cross_validate
    _warn_or_raise_about_fit_failures(results, error_score)
  File "C:\Users\e_damas\anaconda3\envs\sklearn_rl\Lib\site-packages\sklearn\model_selection\_validation.py", line 505, in _warn_or_raise_about_fit_failures
    raise ValueError(all_fits_failed_message)
ValueError: 
All the 3 fits failed.
It is very likely that your model is misconfigured.
You can try to debug the error by setting error_score='raise'.

Below are more details about the failures:
--------------------------------------------------------------------------------
3 fits failed with the following error:
Traceback (most recent call last):
  File "C:\Users\e_damas\anaconda3\envs\sklearn_rl\Lib\site-packages\sklearn\model_selection\_validation.py", line 859, in _fit_and_score
    estimator.fit(X_train, y_train, **fit_params)
  File "C:\Users\e_damas\anaconda3\envs\sklearn_rl\Lib\site-packages\sklearn\base.py", line 1365, in wrapper
    return fit_method(estimator, *args, **kwargs)
           ^^^^^^^^^^^^^^^^^^^^^^^^^^^^^^^^^^^^^^
  File "C:\Users\e_damas\anaconda3\envs\sklearn_rl\Lib\site-packages\sklearn\pipeline.py", line 663, in fit
    self._final_estimator.fit(Xt, y, **last_step_params["fit"])
  File "C:\Users\e_damas\anaconda3\envs\sklearn_rl\Lib\site-packages\sklearn\base.py", line 1358, in wrapper
    estimator._validate_params()
  File "C:\Users\e_damas\anaconda3\envs\sklearn_rl\Lib\site-packages\sklearn\base.py", line 471, in _validate_params
    validate_parameter_constraints(
  File "C:\Users\e_damas\anaconda3\envs\sklearn_rl\Lib\site-packages\sklearn\utils\_param_validation.py", line 98, in validate_parameter_constraints
    raise InvalidParameterError(
sklearn.utils._param_validation.InvalidParameterError: The 'solver' parameter of LogisticRegression must be a str among {'liblinear', 'newton-cg', 'saga', 'newton-cholesky', 'lbfgs', 'sag'}. Got 'cholesky' instead.


2025-09-10 11:39:50	EXCEPTION	Erro durante cross_val_score para o modelo LogisticRegression.	Traceback (most recent call last):
  File "D:\PROGRAMACAO\sklearn_rl\D_training\D1_training.py", line 133, in agent_training
    scores = cross_val_score(pipe, X_train, y_train, cv=3, scoring=scoring_metric)
             ^^^^^^^^^^^^^^^^^^^^^^^^^^^^^^^^^^^^^^^^^^^^^^^^^^^^^^^^^^^^^^^^^^^^^
  File "C:\Users\e_damas\anaconda3\envs\sklearn_rl\Lib\site-packages\sklearn\utils\_param_validation.py", line 218, in wrapper
    return func(*args, **kwargs)
           ^^^^^^^^^^^^^^^^^^^^^
  File "C:\Users\e_damas\anaconda3\envs\sklearn_rl\Lib\site-packages\sklearn\model_selection\_validation.py", line 677, in cross_val_score
    cv_results = cross_validate(
                 ^^^^^^^^^^^^^^^
  File "C:\Users\e_damas\anaconda3\envs\sklearn_rl\Lib\site-packages\sklearn\utils\_param_validation.py", line 218, in wrapper
    return func(*args, **kwargs)
           ^^^^^^^^^^^^^^^^^^^^^
  File "C:\Users\e_damas\anaconda3\envs\sklearn_rl\Lib\site-packages\sklearn\model_selection\_validation.py", line 419, in cross_validate
    _warn_or_raise_about_fit_failures(results, error_score)
  File "C:\Users\e_damas\anaconda3\envs\sklearn_rl\Lib\site-packages\sklearn\model_selection\_validation.py", line 505, in _warn_or_raise_about_fit_failures
    raise ValueError(all_fits_failed_message)
ValueError: 
All the 3 fits failed.
It is very likely that your model is misconfigured.
You can try to debug the error by setting error_score='raise'.

Below are more details about the failures:
--------------------------------------------------------------------------------
3 fits failed with the following error:
Traceback (most recent call last):
  File "C:\Users\e_damas\anaconda3\envs\sklearn_rl\Lib\site-packages\sklearn\model_selection\_validation.py", line 859, in _fit_and_score
    estimator.fit(X_train, y_train, **fit_params)
  File "C:\Users\e_damas\anaconda3\envs\sklearn_rl\Lib\site-packages\sklearn\base.py", line 1365, in wrapper
    return fit_method(estimator, *args, **kwargs)
           ^^^^^^^^^^^^^^^^^^^^^^^^^^^^^^^^^^^^^^
  File "C:\Users\e_damas\anaconda3\envs\sklearn_rl\Lib\site-packages\sklearn\pipeline.py", line 663, in fit
    self._final_estimator.fit(Xt, y, **last_step_params["fit"])
  File "C:\Users\e_damas\anaconda3\envs\sklearn_rl\Lib\site-packages\sklearn\base.py", line 1358, in wrapper
    estimator._validate_params()
  File "C:\Users\e_damas\anaconda3\envs\sklearn_rl\Lib\site-packages\sklearn\base.py", line 471, in _validate_params
    validate_parameter_constraints(
  File "C:\Users\e_damas\anaconda3\envs\sklearn_rl\Lib\site-packages\sklearn\utils\_param_validation.py", line 98, in validate_parameter_constraints
    raise InvalidParameterError(
sklearn.utils._param_validation.InvalidParameterError: The 'solver' parameter of LogisticRegression must be a str among {'liblinear', 'newton-cg', 'saga', 'newton-cholesky', 'lbfgs', 'sag'}. Got 'svd' instead.


2025-09-10 11:39:50	EXCEPTION	Erro durante cross_val_score para o modelo LogisticRegression.	Traceback (most recent call last):
  File "D:\PROGRAMACAO\sklearn_rl\D_training\D1_training.py", line 133, in agent_training
    scores = cross_val_score(pipe, X_train, y_train, cv=3, scoring=scoring_metric)
             ^^^^^^^^^^^^^^^^^^^^^^^^^^^^^^^^^^^^^^^^^^^^^^^^^^^^^^^^^^^^^^^^^^^^^
  File "C:\Users\e_damas\anaconda3\envs\sklearn_rl\Lib\site-packages\sklearn\utils\_param_validation.py", line 218, in wrapper
    return func(*args, **kwargs)
           ^^^^^^^^^^^^^^^^^^^^^
  File "C:\Users\e_damas\anaconda3\envs\sklearn_rl\Lib\site-packages\sklearn\model_selection\_validation.py", line 677, in cross_val_score
    cv_results = cross_validate(
                 ^^^^^^^^^^^^^^^
  File "C:\Users\e_damas\anaconda3\envs\sklearn_rl\Lib\site-packages\sklearn\utils\_param_validation.py", line 218, in wrapper
    return func(*args, **kwargs)
           ^^^^^^^^^^^^^^^^^^^^^
  File "C:\Users\e_damas\anaconda3\envs\sklearn_rl\Lib\site-packages\sklearn\model_selection\_validation.py", line 419, in cross_validate
    _warn_or_raise_about_fit_failures(results, error_score)
  File "C:\Users\e_damas\anaconda3\envs\sklearn_rl\Lib\site-packages\sklearn\model_selection\_validation.py", line 505, in _warn_or_raise_about_fit_failures
    raise ValueError(all_fits_failed_message)
ValueError: 
All the 3 fits failed.
It is very likely that your model is misconfigured.
You can try to debug the error by setting error_score='raise'.

Below are more details about the failures:
--------------------------------------------------------------------------------
3 fits failed with the following error:
Traceback (most recent call last):
  File "C:\Users\e_damas\anaconda3\envs\sklearn_rl\Lib\site-packages\sklearn\model_selection\_validation.py", line 859, in _fit_and_score
    estimator.fit(X_train, y_train, **fit_params)
  File "C:\Users\e_damas\anaconda3\envs\sklearn_rl\Lib\site-packages\sklearn\base.py", line 1365, in wrapper
    return fit_method(estimator, *args, **kwargs)
           ^^^^^^^^^^^^^^^^^^^^^^^^^^^^^^^^^^^^^^
  File "C:\Users\e_damas\anaconda3\envs\sklearn_rl\Lib\site-packages\sklearn\pipeline.py", line 663, in fit
    self._final_estimator.fit(Xt, y, **last_step_params["fit"])
  File "C:\Users\e_damas\anaconda3\envs\sklearn_rl\Lib\site-packages\sklearn\base.py", line 1358, in wrapper
    estimator._validate_params()
  File "C:\Users\e_damas\anaconda3\envs\sklearn_rl\Lib\site-packages\sklearn\base.py", line 471, in _validate_params
    validate_parameter_constraints(
  File "C:\Users\e_damas\anaconda3\envs\sklearn_rl\Lib\site-packages\sklearn\utils\_param_validation.py", line 98, in validate_parameter_constraints
    raise InvalidParameterError(
sklearn.utils._param_validation.InvalidParameterError: The 'solver' parameter of LogisticRegression must be a str among {'liblinear', 'newton-cg', 'saga', 'newton-cholesky', 'lbfgs', 'sag'}. Got 'lsqr' instead.


2025-09-10 11:39:59	EXCEPTION	Erro durante cross_val_score para o modelo LogisticRegression.	Traceback (most recent call last):
  File "D:\PROGRAMACAO\sklearn_rl\D_training\D1_training.py", line 133, in agent_training
    scores = cross_val_score(pipe, X_train, y_train, cv=3, scoring=scoring_metric)
             ^^^^^^^^^^^^^^^^^^^^^^^^^^^^^^^^^^^^^^^^^^^^^^^^^^^^^^^^^^^^^^^^^^^^^
  File "C:\Users\e_damas\anaconda3\envs\sklearn_rl\Lib\site-packages\sklearn\utils\_param_validation.py", line 218, in wrapper
    return func(*args, **kwargs)
           ^^^^^^^^^^^^^^^^^^^^^
  File "C:\Users\e_damas\anaconda3\envs\sklearn_rl\Lib\site-packages\sklearn\model_selection\_validation.py", line 677, in cross_val_score
    cv_results = cross_validate(
                 ^^^^^^^^^^^^^^^
  File "C:\Users\e_damas\anaconda3\envs\sklearn_rl\Lib\site-packages\sklearn\utils\_param_validation.py", line 218, in wrapper
    return func(*args, **kwargs)
           ^^^^^^^^^^^^^^^^^^^^^
  File "C:\Users\e_damas\anaconda3\envs\sklearn_rl\Lib\site-packages\sklearn\model_selection\_validation.py", line 419, in cross_validate
    _warn_or_raise_about_fit_failures(results, error_score)
  File "C:\Users\e_damas\anaconda3\envs\sklearn_rl\Lib\site-packages\sklearn\model_selection\_validation.py", line 505, in _warn_or_raise_about_fit_failures
    raise ValueError(all_fits_failed_message)
ValueError: 
All the 3 fits failed.
It is very likely that your model is misconfigured.
You can try to debug the error by setting error_score='raise'.

Below are more details about the failures:
--------------------------------------------------------------------------------
3 fits failed with the following error:
Traceback (most recent call last):
  File "C:\Users\e_damas\anaconda3\envs\sklearn_rl\Lib\site-packages\sklearn\model_selection\_validation.py", line 859, in _fit_and_score
    estimator.fit(X_train, y_train, **fit_params)
  File "C:\Users\e_damas\anaconda3\envs\sklearn_rl\Lib\site-packages\sklearn\base.py", line 1365, in wrapper
    return fit_method(estimator, *args, **kwargs)
           ^^^^^^^^^^^^^^^^^^^^^^^^^^^^^^^^^^^^^^
  File "C:\Users\e_damas\anaconda3\envs\sklearn_rl\Lib\site-packages\sklearn\pipeline.py", line 663, in fit
    self._final_estimator.fit(Xt, y, **last_step_params["fit"])
  File "C:\Users\e_damas\anaconda3\envs\sklearn_rl\Lib\site-packages\sklearn\base.py", line 1358, in wrapper
    estimator._validate_params()
  File "C:\Users\e_damas\anaconda3\envs\sklearn_rl\Lib\site-packages\sklearn\base.py", line 471, in _validate_params
    validate_parameter_constraints(
  File "C:\Users\e_damas\anaconda3\envs\sklearn_rl\Lib\site-packages\sklearn\utils\_param_validation.py", line 98, in validate_parameter_constraints
    raise InvalidParameterError(
sklearn.utils._param_validation.InvalidParameterError: The 'solver' parameter of LogisticRegression must be a str among {'liblinear', 'newton-cg', 'saga', 'newton-cholesky', 'lbfgs', 'sag'}. Got 'svd' instead.


2025-09-10 11:40:59	EXCEPTION	Erro durante cross_val_score para o modelo LogisticRegression.	Traceback (most recent call last):
  File "D:\PROGRAMACAO\sklearn_rl\D_training\D1_training.py", line 133, in agent_training
    scores = cross_val_score(pipe, X_train, y_train, cv=3, scoring=scoring_metric)
             ^^^^^^^^^^^^^^^^^^^^^^^^^^^^^^^^^^^^^^^^^^^^^^^^^^^^^^^^^^^^^^^^^^^^^
  File "C:\Users\e_damas\anaconda3\envs\sklearn_rl\Lib\site-packages\sklearn\utils\_param_validation.py", line 218, in wrapper
    return func(*args, **kwargs)
           ^^^^^^^^^^^^^^^^^^^^^
  File "C:\Users\e_damas\anaconda3\envs\sklearn_rl\Lib\site-packages\sklearn\model_selection\_validation.py", line 677, in cross_val_score
    cv_results = cross_validate(
                 ^^^^^^^^^^^^^^^
  File "C:\Users\e_damas\anaconda3\envs\sklearn_rl\Lib\site-packages\sklearn\utils\_param_validation.py", line 218, in wrapper
    return func(*args, **kwargs)
           ^^^^^^^^^^^^^^^^^^^^^
  File "C:\Users\e_damas\anaconda3\envs\sklearn_rl\Lib\site-packages\sklearn\model_selection\_validation.py", line 419, in cross_validate
    _warn_or_raise_about_fit_failures(results, error_score)
  File "C:\Users\e_damas\anaconda3\envs\sklearn_rl\Lib\site-packages\sklearn\model_selection\_validation.py", line 505, in _warn_or_raise_about_fit_failures
    raise ValueError(all_fits_failed_message)
ValueError: 
All the 3 fits failed.
It is very likely that your model is misconfigured.
You can try to debug the error by setting error_score='raise'.

Below are more details about the failures:
--------------------------------------------------------------------------------
3 fits failed with the following error:
Traceback (most recent call last):
  File "C:\Users\e_damas\anaconda3\envs\sklearn_rl\Lib\site-packages\sklearn\model_selection\_validation.py", line 859, in _fit_and_score
    estimator.fit(X_train, y_train, **fit_params)
  File "C:\Users\e_damas\anaconda3\envs\sklearn_rl\Lib\site-packages\sklearn\base.py", line 1365, in wrapper
    return fit_method(estimator, *args, **kwargs)
           ^^^^^^^^^^^^^^^^^^^^^^^^^^^^^^^^^^^^^^
  File "C:\Users\e_damas\anaconda3\envs\sklearn_rl\Lib\site-packages\sklearn\pipeline.py", line 663, in fit
    self._final_estimator.fit(Xt, y, **last_step_params["fit"])
  File "C:\Users\e_damas\anaconda3\envs\sklearn_rl\Lib\site-packages\sklearn\base.py", line 1358, in wrapper
    estimator._validate_params()
  File "C:\Users\e_damas\anaconda3\envs\sklearn_rl\Lib\site-packages\sklearn\base.py", line 471, in _validate_params
    validate_parameter_constraints(
  File "C:\Users\e_damas\anaconda3\envs\sklearn_rl\Lib\site-packages\sklearn\utils\_param_validation.py", line 98, in validate_parameter_constraints
    raise InvalidParameterError(
sklearn.utils._param_validation.InvalidParameterError: The 'solver' parameter of LogisticRegression must be a str among {'liblinear', 'newton-cg', 'saga', 'newton-cholesky', 'lbfgs', 'sag'}. Got 'auto' instead.


2025-09-10 11:41:02	EXCEPTION	Erro durante cross_val_score para o modelo LogisticRegression.	Traceback (most recent call last):
  File "D:\PROGRAMACAO\sklearn_rl\D_training\D1_training.py", line 133, in agent_training
    scores = cross_val_score(pipe, X_train, y_train, cv=3, scoring=scoring_metric)
             ^^^^^^^^^^^^^^^^^^^^^^^^^^^^^^^^^^^^^^^^^^^^^^^^^^^^^^^^^^^^^^^^^^^^^
  File "C:\Users\e_damas\anaconda3\envs\sklearn_rl\Lib\site-packages\sklearn\utils\_param_validation.py", line 218, in wrapper
    return func(*args, **kwargs)
           ^^^^^^^^^^^^^^^^^^^^^
  File "C:\Users\e_damas\anaconda3\envs\sklearn_rl\Lib\site-packages\sklearn\model_selection\_validation.py", line 677, in cross_val_score
    cv_results = cross_validate(
                 ^^^^^^^^^^^^^^^
  File "C:\Users\e_damas\anaconda3\envs\sklearn_rl\Lib\site-packages\sklearn\utils\_param_validation.py", line 218, in wrapper
    return func(*args, **kwargs)
           ^^^^^^^^^^^^^^^^^^^^^
  File "C:\Users\e_damas\anaconda3\envs\sklearn_rl\Lib\site-packages\sklearn\model_selection\_validation.py", line 419, in cross_validate
    _warn_or_raise_about_fit_failures(results, error_score)
  File "C:\Users\e_damas\anaconda3\envs\sklearn_rl\Lib\site-packages\sklearn\model_selection\_validation.py", line 505, in _warn_or_raise_about_fit_failures
    raise ValueError(all_fits_failed_message)
ValueError: 
All the 3 fits failed.
It is very likely that your model is misconfigured.
You can try to debug the error by setting error_score='raise'.

Below are more details about the failures:
--------------------------------------------------------------------------------
3 fits failed with the following error:
Traceback (most recent call last):
  File "C:\Users\e_damas\anaconda3\envs\sklearn_rl\Lib\site-packages\sklearn\model_selection\_validation.py", line 859, in _fit_and_score
    estimator.fit(X_train, y_train, **fit_params)
  File "C:\Users\e_damas\anaconda3\envs\sklearn_rl\Lib\site-packages\sklearn\base.py", line 1365, in wrapper
    return fit_method(estimator, *args, **kwargs)
           ^^^^^^^^^^^^^^^^^^^^^^^^^^^^^^^^^^^^^^
  File "C:\Users\e_damas\anaconda3\envs\sklearn_rl\Lib\site-packages\sklearn\pipeline.py", line 663, in fit
    self._final_estimator.fit(Xt, y, **last_step_params["fit"])
  File "C:\Users\e_damas\anaconda3\envs\sklearn_rl\Lib\site-packages\sklearn\base.py", line 1358, in wrapper
    estimator._validate_params()
  File "C:\Users\e_damas\anaconda3\envs\sklearn_rl\Lib\site-packages\sklearn\base.py", line 471, in _validate_params
    validate_parameter_constraints(
  File "C:\Users\e_damas\anaconda3\envs\sklearn_rl\Lib\site-packages\sklearn\utils\_param_validation.py", line 98, in validate_parameter_constraints
    raise InvalidParameterError(
sklearn.utils._param_validation.InvalidParameterError: The 'solver' parameter of LogisticRegression must be a str among {'liblinear', 'newton-cg', 'saga', 'newton-cholesky', 'lbfgs', 'sag'}. Got 'svd' instead.


2025-09-10 11:41:07	EXCEPTION	Erro durante cross_val_score para o modelo LogisticRegression.	Traceback (most recent call last):
  File "D:\PROGRAMACAO\sklearn_rl\D_training\D1_training.py", line 133, in agent_training
    scores = cross_val_score(pipe, X_train, y_train, cv=3, scoring=scoring_metric)
             ^^^^^^^^^^^^^^^^^^^^^^^^^^^^^^^^^^^^^^^^^^^^^^^^^^^^^^^^^^^^^^^^^^^^^
  File "C:\Users\e_damas\anaconda3\envs\sklearn_rl\Lib\site-packages\sklearn\utils\_param_validation.py", line 218, in wrapper
    return func(*args, **kwargs)
           ^^^^^^^^^^^^^^^^^^^^^
  File "C:\Users\e_damas\anaconda3\envs\sklearn_rl\Lib\site-packages\sklearn\model_selection\_validation.py", line 677, in cross_val_score
    cv_results = cross_validate(
                 ^^^^^^^^^^^^^^^
  File "C:\Users\e_damas\anaconda3\envs\sklearn_rl\Lib\site-packages\sklearn\utils\_param_validation.py", line 218, in wrapper
    return func(*args, **kwargs)
           ^^^^^^^^^^^^^^^^^^^^^
  File "C:\Users\e_damas\anaconda3\envs\sklearn_rl\Lib\site-packages\sklearn\model_selection\_validation.py", line 419, in cross_validate
    _warn_or_raise_about_fit_failures(results, error_score)
  File "C:\Users\e_damas\anaconda3\envs\sklearn_rl\Lib\site-packages\sklearn\model_selection\_validation.py", line 505, in _warn_or_raise_about_fit_failures
    raise ValueError(all_fits_failed_message)
ValueError: 
All the 3 fits failed.
It is very likely that your model is misconfigured.
You can try to debug the error by setting error_score='raise'.

Below are more details about the failures:
--------------------------------------------------------------------------------
3 fits failed with the following error:
Traceback (most recent call last):
  File "C:\Users\e_damas\anaconda3\envs\sklearn_rl\Lib\site-packages\sklearn\model_selection\_validation.py", line 859, in _fit_and_score
    estimator.fit(X_train, y_train, **fit_params)
  File "C:\Users\e_damas\anaconda3\envs\sklearn_rl\Lib\site-packages\sklearn\base.py", line 1365, in wrapper
    return fit_method(estimator, *args, **kwargs)
           ^^^^^^^^^^^^^^^^^^^^^^^^^^^^^^^^^^^^^^
  File "C:\Users\e_damas\anaconda3\envs\sklearn_rl\Lib\site-packages\sklearn\pipeline.py", line 663, in fit
    self._final_estimator.fit(Xt, y, **last_step_params["fit"])
  File "C:\Users\e_damas\anaconda3\envs\sklearn_rl\Lib\site-packages\sklearn\base.py", line 1358, in wrapper
    estimator._validate_params()
  File "C:\Users\e_damas\anaconda3\envs\sklearn_rl\Lib\site-packages\sklearn\base.py", line 471, in _validate_params
    validate_parameter_constraints(
  File "C:\Users\e_damas\anaconda3\envs\sklearn_rl\Lib\site-packages\sklearn\utils\_param_validation.py", line 98, in validate_parameter_constraints
    raise InvalidParameterError(
sklearn.utils._param_validation.InvalidParameterError: The 'solver' parameter of LogisticRegression must be a str among {'liblinear', 'newton-cg', 'saga', 'newton-cholesky', 'lbfgs', 'sag'}. Got 'auto' instead.


2025-09-10 11:41:07	EXCEPTION	Erro durante cross_val_score para o modelo LogisticRegression.	Traceback (most recent call last):
  File "D:\PROGRAMACAO\sklearn_rl\D_training\D1_training.py", line 133, in agent_training
    scores = cross_val_score(pipe, X_train, y_train, cv=3, scoring=scoring_metric)
             ^^^^^^^^^^^^^^^^^^^^^^^^^^^^^^^^^^^^^^^^^^^^^^^^^^^^^^^^^^^^^^^^^^^^^
  File "C:\Users\e_damas\anaconda3\envs\sklearn_rl\Lib\site-packages\sklearn\utils\_param_validation.py", line 218, in wrapper
    return func(*args, **kwargs)
           ^^^^^^^^^^^^^^^^^^^^^
  File "C:\Users\e_damas\anaconda3\envs\sklearn_rl\Lib\site-packages\sklearn\model_selection\_validation.py", line 677, in cross_val_score
    cv_results = cross_validate(
                 ^^^^^^^^^^^^^^^
  File "C:\Users\e_damas\anaconda3\envs\sklearn_rl\Lib\site-packages\sklearn\utils\_param_validation.py", line 218, in wrapper
    return func(*args, **kwargs)
           ^^^^^^^^^^^^^^^^^^^^^
  File "C:\Users\e_damas\anaconda3\envs\sklearn_rl\Lib\site-packages\sklearn\model_selection\_validation.py", line 419, in cross_validate
    _warn_or_raise_about_fit_failures(results, error_score)
  File "C:\Users\e_damas\anaconda3\envs\sklearn_rl\Lib\site-packages\sklearn\model_selection\_validation.py", line 505, in _warn_or_raise_about_fit_failures
    raise ValueError(all_fits_failed_message)
ValueError: 
All the 3 fits failed.
It is very likely that your model is misconfigured.
You can try to debug the error by setting error_score='raise'.

Below are more details about the failures:
--------------------------------------------------------------------------------
3 fits failed with the following error:
Traceback (most recent call last):
  File "C:\Users\e_damas\anaconda3\envs\sklearn_rl\Lib\site-packages\sklearn\model_selection\_validation.py", line 859, in _fit_and_score
    estimator.fit(X_train, y_train, **fit_params)
  File "C:\Users\e_damas\anaconda3\envs\sklearn_rl\Lib\site-packages\sklearn\base.py", line 1365, in wrapper
    return fit_method(estimator, *args, **kwargs)
           ^^^^^^^^^^^^^^^^^^^^^^^^^^^^^^^^^^^^^^
  File "C:\Users\e_damas\anaconda3\envs\sklearn_rl\Lib\site-packages\sklearn\pipeline.py", line 663, in fit
    self._final_estimator.fit(Xt, y, **last_step_params["fit"])
  File "C:\Users\e_damas\anaconda3\envs\sklearn_rl\Lib\site-packages\sklearn\base.py", line 1358, in wrapper
    estimator._validate_params()
  File "C:\Users\e_damas\anaconda3\envs\sklearn_rl\Lib\site-packages\sklearn\base.py", line 471, in _validate_params
    validate_parameter_constraints(
  File "C:\Users\e_damas\anaconda3\envs\sklearn_rl\Lib\site-packages\sklearn\utils\_param_validation.py", line 98, in validate_parameter_constraints
    raise InvalidParameterError(
sklearn.utils._param_validation.InvalidParameterError: The 'solver' parameter of LogisticRegression must be a str among {'liblinear', 'newton-cg', 'saga', 'newton-cholesky', 'lbfgs', 'sag'}. Got 'sparse_cg' instead.


2025-09-10 11:41:09	EXCEPTION	Erro durante cross_val_score para o modelo LogisticRegression.	Traceback (most recent call last):
  File "D:\PROGRAMACAO\sklearn_rl\D_training\D1_training.py", line 133, in agent_training
    scores = cross_val_score(pipe, X_train, y_train, cv=3, scoring=scoring_metric)
             ^^^^^^^^^^^^^^^^^^^^^^^^^^^^^^^^^^^^^^^^^^^^^^^^^^^^^^^^^^^^^^^^^^^^^
  File "C:\Users\e_damas\anaconda3\envs\sklearn_rl\Lib\site-packages\sklearn\utils\_param_validation.py", line 218, in wrapper
    return func(*args, **kwargs)
           ^^^^^^^^^^^^^^^^^^^^^
  File "C:\Users\e_damas\anaconda3\envs\sklearn_rl\Lib\site-packages\sklearn\model_selection\_validation.py", line 677, in cross_val_score
    cv_results = cross_validate(
                 ^^^^^^^^^^^^^^^
  File "C:\Users\e_damas\anaconda3\envs\sklearn_rl\Lib\site-packages\sklearn\utils\_param_validation.py", line 218, in wrapper
    return func(*args, **kwargs)
           ^^^^^^^^^^^^^^^^^^^^^
  File "C:\Users\e_damas\anaconda3\envs\sklearn_rl\Lib\site-packages\sklearn\model_selection\_validation.py", line 419, in cross_validate
    _warn_or_raise_about_fit_failures(results, error_score)
  File "C:\Users\e_damas\anaconda3\envs\sklearn_rl\Lib\site-packages\sklearn\model_selection\_validation.py", line 505, in _warn_or_raise_about_fit_failures
    raise ValueError(all_fits_failed_message)
ValueError: 
All the 3 fits failed.
It is very likely that your model is misconfigured.
You can try to debug the error by setting error_score='raise'.

Below are more details about the failures:
--------------------------------------------------------------------------------
3 fits failed with the following error:
Traceback (most recent call last):
  File "C:\Users\e_damas\anaconda3\envs\sklearn_rl\Lib\site-packages\sklearn\model_selection\_validation.py", line 859, in _fit_and_score
    estimator.fit(X_train, y_train, **fit_params)
  File "C:\Users\e_damas\anaconda3\envs\sklearn_rl\Lib\site-packages\sklearn\base.py", line 1365, in wrapper
    return fit_method(estimator, *args, **kwargs)
           ^^^^^^^^^^^^^^^^^^^^^^^^^^^^^^^^^^^^^^
  File "C:\Users\e_damas\anaconda3\envs\sklearn_rl\Lib\site-packages\sklearn\pipeline.py", line 663, in fit
    self._final_estimator.fit(Xt, y, **last_step_params["fit"])
  File "C:\Users\e_damas\anaconda3\envs\sklearn_rl\Lib\site-packages\sklearn\base.py", line 1365, in wrapper
    return fit_method(estimator, *args, **kwargs)
           ^^^^^^^^^^^^^^^^^^^^^^^^^^^^^^^^^^^^^^
  File "C:\Users\e_damas\anaconda3\envs\sklearn_rl\Lib\site-packages\sklearn\linear_model\_logistic.py", line 1218, in fit
    solver = _check_solver(self.solver, self.penalty, self.dual)
             ^^^^^^^^^^^^^^^^^^^^^^^^^^^^^^^^^^^^^^^^^^^^^^^^^^^
  File "C:\Users\e_damas\anaconda3\envs\sklearn_rl\Lib\site-packages\sklearn\linear_model\_logistic.py", line 64, in _check_solver
    raise ValueError(
ValueError: Solver sag supports only 'l2' or None penalties, got l1 penalty.


2025-09-10 11:41:14	EXCEPTION	Erro durante cross_val_score para o modelo LogisticRegression.	Traceback (most recent call last):
  File "D:\PROGRAMACAO\sklearn_rl\D_training\D1_training.py", line 133, in agent_training
    scores = cross_val_score(pipe, X_train, y_train, cv=3, scoring=scoring_metric)
             ^^^^^^^^^^^^^^^^^^^^^^^^^^^^^^^^^^^^^^^^^^^^^^^^^^^^^^^^^^^^^^^^^^^^^
  File "C:\Users\e_damas\anaconda3\envs\sklearn_rl\Lib\site-packages\sklearn\utils\_param_validation.py", line 218, in wrapper
    return func(*args, **kwargs)
           ^^^^^^^^^^^^^^^^^^^^^
  File "C:\Users\e_damas\anaconda3\envs\sklearn_rl\Lib\site-packages\sklearn\model_selection\_validation.py", line 677, in cross_val_score
    cv_results = cross_validate(
                 ^^^^^^^^^^^^^^^
  File "C:\Users\e_damas\anaconda3\envs\sklearn_rl\Lib\site-packages\sklearn\utils\_param_validation.py", line 218, in wrapper
    return func(*args, **kwargs)
           ^^^^^^^^^^^^^^^^^^^^^
  File "C:\Users\e_damas\anaconda3\envs\sklearn_rl\Lib\site-packages\sklearn\model_selection\_validation.py", line 419, in cross_validate
    _warn_or_raise_about_fit_failures(results, error_score)
  File "C:\Users\e_damas\anaconda3\envs\sklearn_rl\Lib\site-packages\sklearn\model_selection\_validation.py", line 505, in _warn_or_raise_about_fit_failures
    raise ValueError(all_fits_failed_message)
ValueError: 
All the 3 fits failed.
It is very likely that your model is misconfigured.
You can try to debug the error by setting error_score='raise'.

Below are more details about the failures:
--------------------------------------------------------------------------------
3 fits failed with the following error:
Traceback (most recent call last):
  File "C:\Users\e_damas\anaconda3\envs\sklearn_rl\Lib\site-packages\sklearn\model_selection\_validation.py", line 859, in _fit_and_score
    estimator.fit(X_train, y_train, **fit_params)
  File "C:\Users\e_damas\anaconda3\envs\sklearn_rl\Lib\site-packages\sklearn\base.py", line 1365, in wrapper
    return fit_method(estimator, *args, **kwargs)
           ^^^^^^^^^^^^^^^^^^^^^^^^^^^^^^^^^^^^^^
  File "C:\Users\e_damas\anaconda3\envs\sklearn_rl\Lib\site-packages\sklearn\pipeline.py", line 663, in fit
    self._final_estimator.fit(Xt, y, **last_step_params["fit"])
  File "C:\Users\e_damas\anaconda3\envs\sklearn_rl\Lib\site-packages\sklearn\base.py", line 1358, in wrapper
    estimator._validate_params()
  File "C:\Users\e_damas\anaconda3\envs\sklearn_rl\Lib\site-packages\sklearn\base.py", line 471, in _validate_params
    validate_parameter_constraints(
  File "C:\Users\e_damas\anaconda3\envs\sklearn_rl\Lib\site-packages\sklearn\utils\_param_validation.py", line 98, in validate_parameter_constraints
    raise InvalidParameterError(
sklearn.utils._param_validation.InvalidParameterError: The 'solver' parameter of LogisticRegression must be a str among {'liblinear', 'newton-cg', 'saga', 'newton-cholesky', 'lbfgs', 'sag'}. Got 'sparse_cg' instead.


2025-09-10 11:41:20	EXCEPTION	Erro durante cross_val_score para o modelo LogisticRegression.	Traceback (most recent call last):
  File "D:\PROGRAMACAO\sklearn_rl\D_training\D1_training.py", line 133, in agent_training
    scores = cross_val_score(pipe, X_train, y_train, cv=3, scoring=scoring_metric)
             ^^^^^^^^^^^^^^^^^^^^^^^^^^^^^^^^^^^^^^^^^^^^^^^^^^^^^^^^^^^^^^^^^^^^^
  File "C:\Users\e_damas\anaconda3\envs\sklearn_rl\Lib\site-packages\sklearn\utils\_param_validation.py", line 218, in wrapper
    return func(*args, **kwargs)
           ^^^^^^^^^^^^^^^^^^^^^
  File "C:\Users\e_damas\anaconda3\envs\sklearn_rl\Lib\site-packages\sklearn\model_selection\_validation.py", line 677, in cross_val_score
    cv_results = cross_validate(
                 ^^^^^^^^^^^^^^^
  File "C:\Users\e_damas\anaconda3\envs\sklearn_rl\Lib\site-packages\sklearn\utils\_param_validation.py", line 218, in wrapper
    return func(*args, **kwargs)
           ^^^^^^^^^^^^^^^^^^^^^
  File "C:\Users\e_damas\anaconda3\envs\sklearn_rl\Lib\site-packages\sklearn\model_selection\_validation.py", line 419, in cross_validate
    _warn_or_raise_about_fit_failures(results, error_score)
  File "C:\Users\e_damas\anaconda3\envs\sklearn_rl\Lib\site-packages\sklearn\model_selection\_validation.py", line 505, in _warn_or_raise_about_fit_failures
    raise ValueError(all_fits_failed_message)
ValueError: 
All the 3 fits failed.
It is very likely that your model is misconfigured.
You can try to debug the error by setting error_score='raise'.

Below are more details about the failures:
--------------------------------------------------------------------------------
3 fits failed with the following error:
Traceback (most recent call last):
  File "C:\Users\e_damas\anaconda3\envs\sklearn_rl\Lib\site-packages\sklearn\model_selection\_validation.py", line 859, in _fit_and_score
    estimator.fit(X_train, y_train, **fit_params)
  File "C:\Users\e_damas\anaconda3\envs\sklearn_rl\Lib\site-packages\sklearn\base.py", line 1365, in wrapper
    return fit_method(estimator, *args, **kwargs)
           ^^^^^^^^^^^^^^^^^^^^^^^^^^^^^^^^^^^^^^
  File "C:\Users\e_damas\anaconda3\envs\sklearn_rl\Lib\site-packages\sklearn\pipeline.py", line 663, in fit
    self._final_estimator.fit(Xt, y, **last_step_params["fit"])
  File "C:\Users\e_damas\anaconda3\envs\sklearn_rl\Lib\site-packages\sklearn\base.py", line 1365, in wrapper
    return fit_method(estimator, *args, **kwargs)
           ^^^^^^^^^^^^^^^^^^^^^^^^^^^^^^^^^^^^^^
  File "C:\Users\e_damas\anaconda3\envs\sklearn_rl\Lib\site-packages\sklearn\linear_model\_logistic.py", line 1218, in fit
    solver = _check_solver(self.solver, self.penalty, self.dual)
             ^^^^^^^^^^^^^^^^^^^^^^^^^^^^^^^^^^^^^^^^^^^^^^^^^^^
  File "C:\Users\e_damas\anaconda3\envs\sklearn_rl\Lib\site-packages\sklearn\linear_model\_logistic.py", line 64, in _check_solver
    raise ValueError(
ValueError: Solver lbfgs supports only 'l2' or None penalties, got elasticnet penalty.


2025-09-10 11:41:24	EXCEPTION	Erro durante cross_val_score para o modelo LogisticRegression.	Traceback (most recent call last):
  File "D:\PROGRAMACAO\sklearn_rl\D_training\D1_training.py", line 133, in agent_training
    scores = cross_val_score(pipe, X_train, y_train, cv=3, scoring=scoring_metric)
             ^^^^^^^^^^^^^^^^^^^^^^^^^^^^^^^^^^^^^^^^^^^^^^^^^^^^^^^^^^^^^^^^^^^^^
  File "C:\Users\e_damas\anaconda3\envs\sklearn_rl\Lib\site-packages\sklearn\utils\_param_validation.py", line 218, in wrapper
    return func(*args, **kwargs)
           ^^^^^^^^^^^^^^^^^^^^^
  File "C:\Users\e_damas\anaconda3\envs\sklearn_rl\Lib\site-packages\sklearn\model_selection\_validation.py", line 677, in cross_val_score
    cv_results = cross_validate(
                 ^^^^^^^^^^^^^^^
  File "C:\Users\e_damas\anaconda3\envs\sklearn_rl\Lib\site-packages\sklearn\utils\_param_validation.py", line 218, in wrapper
    return func(*args, **kwargs)
           ^^^^^^^^^^^^^^^^^^^^^
  File "C:\Users\e_damas\anaconda3\envs\sklearn_rl\Lib\site-packages\sklearn\model_selection\_validation.py", line 419, in cross_validate
    _warn_or_raise_about_fit_failures(results, error_score)
  File "C:\Users\e_damas\anaconda3\envs\sklearn_rl\Lib\site-packages\sklearn\model_selection\_validation.py", line 505, in _warn_or_raise_about_fit_failures
    raise ValueError(all_fits_failed_message)
ValueError: 
All the 3 fits failed.
It is very likely that your model is misconfigured.
You can try to debug the error by setting error_score='raise'.

Below are more details about the failures:
--------------------------------------------------------------------------------
3 fits failed with the following error:
Traceback (most recent call last):
  File "C:\Users\e_damas\anaconda3\envs\sklearn_rl\Lib\site-packages\sklearn\model_selection\_validation.py", line 859, in _fit_and_score
    estimator.fit(X_train, y_train, **fit_params)
  File "C:\Users\e_damas\anaconda3\envs\sklearn_rl\Lib\site-packages\sklearn\base.py", line 1365, in wrapper
    return fit_method(estimator, *args, **kwargs)
           ^^^^^^^^^^^^^^^^^^^^^^^^^^^^^^^^^^^^^^
  File "C:\Users\e_damas\anaconda3\envs\sklearn_rl\Lib\site-packages\sklearn\pipeline.py", line 663, in fit
    self._final_estimator.fit(Xt, y, **last_step_params["fit"])
  File "C:\Users\e_damas\anaconda3\envs\sklearn_rl\Lib\site-packages\sklearn\base.py", line 1358, in wrapper
    estimator._validate_params()
  File "C:\Users\e_damas\anaconda3\envs\sklearn_rl\Lib\site-packages\sklearn\base.py", line 471, in _validate_params
    validate_parameter_constraints(
  File "C:\Users\e_damas\anaconda3\envs\sklearn_rl\Lib\site-packages\sklearn\utils\_param_validation.py", line 98, in validate_parameter_constraints
    raise InvalidParameterError(
sklearn.utils._param_validation.InvalidParameterError: The 'solver' parameter of LogisticRegression must be a str among {'liblinear', 'newton-cg', 'saga', 'newton-cholesky', 'lbfgs', 'sag'}. Got 'lsqr' instead.


2025-09-10 11:41:57	EXCEPTION	Erro durante cross_val_score para o modelo LogisticRegression.	Traceback (most recent call last):
  File "D:\PROGRAMACAO\sklearn_rl\D_training\D1_training.py", line 133, in agent_training
    scores = cross_val_score(pipe, X_train, y_train, cv=3, scoring=scoring_metric)
             ^^^^^^^^^^^^^^^^^^^^^^^^^^^^^^^^^^^^^^^^^^^^^^^^^^^^^^^^^^^^^^^^^^^^^
  File "C:\Users\e_damas\anaconda3\envs\sklearn_rl\Lib\site-packages\sklearn\utils\_param_validation.py", line 218, in wrapper
    return func(*args, **kwargs)
           ^^^^^^^^^^^^^^^^^^^^^
  File "C:\Users\e_damas\anaconda3\envs\sklearn_rl\Lib\site-packages\sklearn\model_selection\_validation.py", line 677, in cross_val_score
    cv_results = cross_validate(
                 ^^^^^^^^^^^^^^^
  File "C:\Users\e_damas\anaconda3\envs\sklearn_rl\Lib\site-packages\sklearn\utils\_param_validation.py", line 218, in wrapper
    return func(*args, **kwargs)
           ^^^^^^^^^^^^^^^^^^^^^
  File "C:\Users\e_damas\anaconda3\envs\sklearn_rl\Lib\site-packages\sklearn\model_selection\_validation.py", line 419, in cross_validate
    _warn_or_raise_about_fit_failures(results, error_score)
  File "C:\Users\e_damas\anaconda3\envs\sklearn_rl\Lib\site-packages\sklearn\model_selection\_validation.py", line 505, in _warn_or_raise_about_fit_failures
    raise ValueError(all_fits_failed_message)
ValueError: 
All the 3 fits failed.
It is very likely that your model is misconfigured.
You can try to debug the error by setting error_score='raise'.

Below are more details about the failures:
--------------------------------------------------------------------------------
3 fits failed with the following error:
Traceback (most recent call last):
  File "C:\Users\e_damas\anaconda3\envs\sklearn_rl\Lib\site-packages\sklearn\model_selection\_validation.py", line 859, in _fit_and_score
    estimator.fit(X_train, y_train, **fit_params)
  File "C:\Users\e_damas\anaconda3\envs\sklearn_rl\Lib\site-packages\sklearn\base.py", line 1365, in wrapper
    return fit_method(estimator, *args, **kwargs)
           ^^^^^^^^^^^^^^^^^^^^^^^^^^^^^^^^^^^^^^
  File "C:\Users\e_damas\anaconda3\envs\sklearn_rl\Lib\site-packages\sklearn\pipeline.py", line 663, in fit
    self._final_estimator.fit(Xt, y, **last_step_params["fit"])
  File "C:\Users\e_damas\anaconda3\envs\sklearn_rl\Lib\site-packages\sklearn\base.py", line 1358, in wrapper
    estimator._validate_params()
  File "C:\Users\e_damas\anaconda3\envs\sklearn_rl\Lib\site-packages\sklearn\base.py", line 471, in _validate_params
    validate_parameter_constraints(
  File "C:\Users\e_damas\anaconda3\envs\sklearn_rl\Lib\site-packages\sklearn\utils\_param_validation.py", line 98, in validate_parameter_constraints
    raise InvalidParameterError(
sklearn.utils._param_validation.InvalidParameterError: The 'solver' parameter of LogisticRegression must be a str among {'liblinear', 'newton-cg', 'saga', 'newton-cholesky', 'lbfgs', 'sag'}. Got 'svd' instead.


2025-09-10 11:42:07	EXCEPTION	Erro durante cross_val_score para o modelo LogisticRegression.	Traceback (most recent call last):
  File "D:\PROGRAMACAO\sklearn_rl\D_training\D1_training.py", line 133, in agent_training
    scores = cross_val_score(pipe, X_train, y_train, cv=3, scoring=scoring_metric)
             ^^^^^^^^^^^^^^^^^^^^^^^^^^^^^^^^^^^^^^^^^^^^^^^^^^^^^^^^^^^^^^^^^^^^^
  File "C:\Users\e_damas\anaconda3\envs\sklearn_rl\Lib\site-packages\sklearn\utils\_param_validation.py", line 218, in wrapper
    return func(*args, **kwargs)
           ^^^^^^^^^^^^^^^^^^^^^
  File "C:\Users\e_damas\anaconda3\envs\sklearn_rl\Lib\site-packages\sklearn\model_selection\_validation.py", line 677, in cross_val_score
    cv_results = cross_validate(
                 ^^^^^^^^^^^^^^^
  File "C:\Users\e_damas\anaconda3\envs\sklearn_rl\Lib\site-packages\sklearn\utils\_param_validation.py", line 218, in wrapper
    return func(*args, **kwargs)
           ^^^^^^^^^^^^^^^^^^^^^
  File "C:\Users\e_damas\anaconda3\envs\sklearn_rl\Lib\site-packages\sklearn\model_selection\_validation.py", line 419, in cross_validate
    _warn_or_raise_about_fit_failures(results, error_score)
  File "C:\Users\e_damas\anaconda3\envs\sklearn_rl\Lib\site-packages\sklearn\model_selection\_validation.py", line 505, in _warn_or_raise_about_fit_failures
    raise ValueError(all_fits_failed_message)
ValueError: 
All the 3 fits failed.
It is very likely that your model is misconfigured.
You can try to debug the error by setting error_score='raise'.

Below are more details about the failures:
--------------------------------------------------------------------------------
3 fits failed with the following error:
Traceback (most recent call last):
  File "C:\Users\e_damas\anaconda3\envs\sklearn_rl\Lib\site-packages\sklearn\model_selection\_validation.py", line 859, in _fit_and_score
    estimator.fit(X_train, y_train, **fit_params)
  File "C:\Users\e_damas\anaconda3\envs\sklearn_rl\Lib\site-packages\sklearn\base.py", line 1365, in wrapper
    return fit_method(estimator, *args, **kwargs)
           ^^^^^^^^^^^^^^^^^^^^^^^^^^^^^^^^^^^^^^
  File "C:\Users\e_damas\anaconda3\envs\sklearn_rl\Lib\site-packages\sklearn\pipeline.py", line 663, in fit
    self._final_estimator.fit(Xt, y, **last_step_params["fit"])
  File "C:\Users\e_damas\anaconda3\envs\sklearn_rl\Lib\site-packages\sklearn\base.py", line 1365, in wrapper
    return fit_method(estimator, *args, **kwargs)
           ^^^^^^^^^^^^^^^^^^^^^^^^^^^^^^^^^^^^^^
  File "C:\Users\e_damas\anaconda3\envs\sklearn_rl\Lib\site-packages\sklearn\linear_model\_logistic.py", line 1218, in fit
    solver = _check_solver(self.solver, self.penalty, self.dual)
             ^^^^^^^^^^^^^^^^^^^^^^^^^^^^^^^^^^^^^^^^^^^^^^^^^^^
  File "C:\Users\e_damas\anaconda3\envs\sklearn_rl\Lib\site-packages\sklearn\linear_model\_logistic.py", line 64, in _check_solver
    raise ValueError(
ValueError: Solver sag supports only 'l2' or None penalties, got l1 penalty.


2025-09-10 11:42:42	EXCEPTION	Erro durante cross_val_score para o modelo LogisticRegression.	Traceback (most recent call last):
  File "D:\PROGRAMACAO\sklearn_rl\D_training\D1_training.py", line 133, in agent_training
    scores = cross_val_score(pipe, X_train, y_train, cv=3, scoring=scoring_metric)
             ^^^^^^^^^^^^^^^^^^^^^^^^^^^^^^^^^^^^^^^^^^^^^^^^^^^^^^^^^^^^^^^^^^^^^
  File "C:\Users\e_damas\anaconda3\envs\sklearn_rl\Lib\site-packages\sklearn\utils\_param_validation.py", line 218, in wrapper
    return func(*args, **kwargs)
           ^^^^^^^^^^^^^^^^^^^^^
  File "C:\Users\e_damas\anaconda3\envs\sklearn_rl\Lib\site-packages\sklearn\model_selection\_validation.py", line 677, in cross_val_score
    cv_results = cross_validate(
                 ^^^^^^^^^^^^^^^
  File "C:\Users\e_damas\anaconda3\envs\sklearn_rl\Lib\site-packages\sklearn\utils\_param_validation.py", line 218, in wrapper
    return func(*args, **kwargs)
           ^^^^^^^^^^^^^^^^^^^^^
  File "C:\Users\e_damas\anaconda3\envs\sklearn_rl\Lib\site-packages\sklearn\model_selection\_validation.py", line 419, in cross_validate
    _warn_or_raise_about_fit_failures(results, error_score)
  File "C:\Users\e_damas\anaconda3\envs\sklearn_rl\Lib\site-packages\sklearn\model_selection\_validation.py", line 505, in _warn_or_raise_about_fit_failures
    raise ValueError(all_fits_failed_message)
ValueError: 
All the 3 fits failed.
It is very likely that your model is misconfigured.
You can try to debug the error by setting error_score='raise'.

Below are more details about the failures:
--------------------------------------------------------------------------------
3 fits failed with the following error:
Traceback (most recent call last):
  File "C:\Users\e_damas\anaconda3\envs\sklearn_rl\Lib\site-packages\sklearn\model_selection\_validation.py", line 859, in _fit_and_score
    estimator.fit(X_train, y_train, **fit_params)
  File "C:\Users\e_damas\anaconda3\envs\sklearn_rl\Lib\site-packages\sklearn\base.py", line 1365, in wrapper
    return fit_method(estimator, *args, **kwargs)
           ^^^^^^^^^^^^^^^^^^^^^^^^^^^^^^^^^^^^^^
  File "C:\Users\e_damas\anaconda3\envs\sklearn_rl\Lib\site-packages\sklearn\pipeline.py", line 663, in fit
    self._final_estimator.fit(Xt, y, **last_step_params["fit"])
  File "C:\Users\e_damas\anaconda3\envs\sklearn_rl\Lib\site-packages\sklearn\base.py", line 1358, in wrapper
    estimator._validate_params()
  File "C:\Users\e_damas\anaconda3\envs\sklearn_rl\Lib\site-packages\sklearn\base.py", line 471, in _validate_params
    validate_parameter_constraints(
  File "C:\Users\e_damas\anaconda3\envs\sklearn_rl\Lib\site-packages\sklearn\utils\_param_validation.py", line 98, in validate_parameter_constraints
    raise InvalidParameterError(
sklearn.utils._param_validation.InvalidParameterError: The 'solver' parameter of LogisticRegression must be a str among {'liblinear', 'newton-cg', 'saga', 'newton-cholesky', 'lbfgs', 'sag'}. Got 'auto' instead.


2025-09-10 11:42:43	EXCEPTION	Erro durante cross_val_score para o modelo LogisticRegression.	Traceback (most recent call last):
  File "D:\PROGRAMACAO\sklearn_rl\D_training\D1_training.py", line 133, in agent_training
    scores = cross_val_score(pipe, X_train, y_train, cv=3, scoring=scoring_metric)
             ^^^^^^^^^^^^^^^^^^^^^^^^^^^^^^^^^^^^^^^^^^^^^^^^^^^^^^^^^^^^^^^^^^^^^
  File "C:\Users\e_damas\anaconda3\envs\sklearn_rl\Lib\site-packages\sklearn\utils\_param_validation.py", line 218, in wrapper
    return func(*args, **kwargs)
           ^^^^^^^^^^^^^^^^^^^^^
  File "C:\Users\e_damas\anaconda3\envs\sklearn_rl\Lib\site-packages\sklearn\model_selection\_validation.py", line 677, in cross_val_score
    cv_results = cross_validate(
                 ^^^^^^^^^^^^^^^
  File "C:\Users\e_damas\anaconda3\envs\sklearn_rl\Lib\site-packages\sklearn\utils\_param_validation.py", line 218, in wrapper
    return func(*args, **kwargs)
           ^^^^^^^^^^^^^^^^^^^^^
  File "C:\Users\e_damas\anaconda3\envs\sklearn_rl\Lib\site-packages\sklearn\model_selection\_validation.py", line 419, in cross_validate
    _warn_or_raise_about_fit_failures(results, error_score)
  File "C:\Users\e_damas\anaconda3\envs\sklearn_rl\Lib\site-packages\sklearn\model_selection\_validation.py", line 505, in _warn_or_raise_about_fit_failures
    raise ValueError(all_fits_failed_message)
ValueError: 
All the 3 fits failed.
It is very likely that your model is misconfigured.
You can try to debug the error by setting error_score='raise'.

Below are more details about the failures:
--------------------------------------------------------------------------------
3 fits failed with the following error:
Traceback (most recent call last):
  File "C:\Users\e_damas\anaconda3\envs\sklearn_rl\Lib\site-packages\sklearn\model_selection\_validation.py", line 859, in _fit_and_score
    estimator.fit(X_train, y_train, **fit_params)
  File "C:\Users\e_damas\anaconda3\envs\sklearn_rl\Lib\site-packages\sklearn\base.py", line 1365, in wrapper
    return fit_method(estimator, *args, **kwargs)
           ^^^^^^^^^^^^^^^^^^^^^^^^^^^^^^^^^^^^^^
  File "C:\Users\e_damas\anaconda3\envs\sklearn_rl\Lib\site-packages\sklearn\pipeline.py", line 663, in fit
    self._final_estimator.fit(Xt, y, **last_step_params["fit"])
  File "C:\Users\e_damas\anaconda3\envs\sklearn_rl\Lib\site-packages\sklearn\base.py", line 1358, in wrapper
    estimator._validate_params()
  File "C:\Users\e_damas\anaconda3\envs\sklearn_rl\Lib\site-packages\sklearn\base.py", line 471, in _validate_params
    validate_parameter_constraints(
  File "C:\Users\e_damas\anaconda3\envs\sklearn_rl\Lib\site-packages\sklearn\utils\_param_validation.py", line 98, in validate_parameter_constraints
    raise InvalidParameterError(
sklearn.utils._param_validation.InvalidParameterError: The 'solver' parameter of LogisticRegression must be a str among {'liblinear', 'newton-cg', 'saga', 'newton-cholesky', 'lbfgs', 'sag'}. Got 'sparse_cg' instead.


2025-09-10 11:42:50	EXCEPTION	Erro durante cross_val_score para o modelo LogisticRegression.	Traceback (most recent call last):
  File "D:\PROGRAMACAO\sklearn_rl\D_training\D1_training.py", line 133, in agent_training
    scores = cross_val_score(pipe, X_train, y_train, cv=3, scoring=scoring_metric)
             ^^^^^^^^^^^^^^^^^^^^^^^^^^^^^^^^^^^^^^^^^^^^^^^^^^^^^^^^^^^^^^^^^^^^^
  File "C:\Users\e_damas\anaconda3\envs\sklearn_rl\Lib\site-packages\sklearn\utils\_param_validation.py", line 218, in wrapper
    return func(*args, **kwargs)
           ^^^^^^^^^^^^^^^^^^^^^
  File "C:\Users\e_damas\anaconda3\envs\sklearn_rl\Lib\site-packages\sklearn\model_selection\_validation.py", line 677, in cross_val_score
    cv_results = cross_validate(
                 ^^^^^^^^^^^^^^^
  File "C:\Users\e_damas\anaconda3\envs\sklearn_rl\Lib\site-packages\sklearn\utils\_param_validation.py", line 218, in wrapper
    return func(*args, **kwargs)
           ^^^^^^^^^^^^^^^^^^^^^
  File "C:\Users\e_damas\anaconda3\envs\sklearn_rl\Lib\site-packages\sklearn\model_selection\_validation.py", line 419, in cross_validate
    _warn_or_raise_about_fit_failures(results, error_score)
  File "C:\Users\e_damas\anaconda3\envs\sklearn_rl\Lib\site-packages\sklearn\model_selection\_validation.py", line 505, in _warn_or_raise_about_fit_failures
    raise ValueError(all_fits_failed_message)
ValueError: 
All the 3 fits failed.
It is very likely that your model is misconfigured.
You can try to debug the error by setting error_score='raise'.

Below are more details about the failures:
--------------------------------------------------------------------------------
3 fits failed with the following error:
Traceback (most recent call last):
  File "C:\Users\e_damas\anaconda3\envs\sklearn_rl\Lib\site-packages\sklearn\model_selection\_validation.py", line 859, in _fit_and_score
    estimator.fit(X_train, y_train, **fit_params)
  File "C:\Users\e_damas\anaconda3\envs\sklearn_rl\Lib\site-packages\sklearn\base.py", line 1365, in wrapper
    return fit_method(estimator, *args, **kwargs)
           ^^^^^^^^^^^^^^^^^^^^^^^^^^^^^^^^^^^^^^
  File "C:\Users\e_damas\anaconda3\envs\sklearn_rl\Lib\site-packages\sklearn\pipeline.py", line 663, in fit
    self._final_estimator.fit(Xt, y, **last_step_params["fit"])
  File "C:\Users\e_damas\anaconda3\envs\sklearn_rl\Lib\site-packages\sklearn\base.py", line 1365, in wrapper
    return fit_method(estimator, *args, **kwargs)
           ^^^^^^^^^^^^^^^^^^^^^^^^^^^^^^^^^^^^^^
  File "C:\Users\e_damas\anaconda3\envs\sklearn_rl\Lib\site-packages\sklearn\linear_model\_logistic.py", line 1218, in fit
    solver = _check_solver(self.solver, self.penalty, self.dual)
             ^^^^^^^^^^^^^^^^^^^^^^^^^^^^^^^^^^^^^^^^^^^^^^^^^^^
  File "C:\Users\e_damas\anaconda3\envs\sklearn_rl\Lib\site-packages\sklearn\linear_model\_logistic.py", line 64, in _check_solver
    raise ValueError(
ValueError: Solver lbfgs supports only 'l2' or None penalties, got l1 penalty.


2025-09-10 11:43:03	EXCEPTION	Erro durante cross_val_score para o modelo LogisticRegression.	Traceback (most recent call last):
  File "D:\PROGRAMACAO\sklearn_rl\D_training\D1_training.py", line 133, in agent_training
    scores = cross_val_score(pipe, X_train, y_train, cv=3, scoring=scoring_metric)
             ^^^^^^^^^^^^^^^^^^^^^^^^^^^^^^^^^^^^^^^^^^^^^^^^^^^^^^^^^^^^^^^^^^^^^
  File "C:\Users\e_damas\anaconda3\envs\sklearn_rl\Lib\site-packages\sklearn\utils\_param_validation.py", line 218, in wrapper
    return func(*args, **kwargs)
           ^^^^^^^^^^^^^^^^^^^^^
  File "C:\Users\e_damas\anaconda3\envs\sklearn_rl\Lib\site-packages\sklearn\model_selection\_validation.py", line 677, in cross_val_score
    cv_results = cross_validate(
                 ^^^^^^^^^^^^^^^
  File "C:\Users\e_damas\anaconda3\envs\sklearn_rl\Lib\site-packages\sklearn\utils\_param_validation.py", line 218, in wrapper
    return func(*args, **kwargs)
           ^^^^^^^^^^^^^^^^^^^^^
  File "C:\Users\e_damas\anaconda3\envs\sklearn_rl\Lib\site-packages\sklearn\model_selection\_validation.py", line 419, in cross_validate
    _warn_or_raise_about_fit_failures(results, error_score)
  File "C:\Users\e_damas\anaconda3\envs\sklearn_rl\Lib\site-packages\sklearn\model_selection\_validation.py", line 505, in _warn_or_raise_about_fit_failures
    raise ValueError(all_fits_failed_message)
ValueError: 
All the 3 fits failed.
It is very likely that your model is misconfigured.
You can try to debug the error by setting error_score='raise'.

Below are more details about the failures:
--------------------------------------------------------------------------------
3 fits failed with the following error:
Traceback (most recent call last):
  File "C:\Users\e_damas\anaconda3\envs\sklearn_rl\Lib\site-packages\sklearn\model_selection\_validation.py", line 859, in _fit_and_score
    estimator.fit(X_train, y_train, **fit_params)
  File "C:\Users\e_damas\anaconda3\envs\sklearn_rl\Lib\site-packages\sklearn\base.py", line 1365, in wrapper
    return fit_method(estimator, *args, **kwargs)
           ^^^^^^^^^^^^^^^^^^^^^^^^^^^^^^^^^^^^^^
  File "C:\Users\e_damas\anaconda3\envs\sklearn_rl\Lib\site-packages\sklearn\pipeline.py", line 663, in fit
    self._final_estimator.fit(Xt, y, **last_step_params["fit"])
  File "C:\Users\e_damas\anaconda3\envs\sklearn_rl\Lib\site-packages\sklearn\base.py", line 1358, in wrapper
    estimator._validate_params()
  File "C:\Users\e_damas\anaconda3\envs\sklearn_rl\Lib\site-packages\sklearn\base.py", line 471, in _validate_params
    validate_parameter_constraints(
  File "C:\Users\e_damas\anaconda3\envs\sklearn_rl\Lib\site-packages\sklearn\utils\_param_validation.py", line 98, in validate_parameter_constraints
    raise InvalidParameterError(
sklearn.utils._param_validation.InvalidParameterError: The 'solver' parameter of LogisticRegression must be a str among {'liblinear', 'newton-cg', 'saga', 'newton-cholesky', 'lbfgs', 'sag'}. Got 'svd' instead.


2025-09-10 11:48:25	WARNING	Nenhum estimador selecionado para avaliação. Por favor, selecione pelo menos um.	
2025-09-10 11:48:45	EXCEPTION	Erro durante cross_val_score para o modelo LogisticRegression.	Traceback (most recent call last):
  File "D:\PROGRAMACAO\sklearn_rl\D_training\D1_training.py", line 133, in agent_training
    scores = cross_val_score(pipe, X_train, y_train, cv=3, scoring=scoring_metric)
             ^^^^^^^^^^^^^^^^^^^^^^^^^^^^^^^^^^^^^^^^^^^^^^^^^^^^^^^^^^^^^^^^^^^^^
  File "C:\Users\e_damas\anaconda3\envs\sklearn_rl\Lib\site-packages\sklearn\utils\_param_validation.py", line 218, in wrapper
    return func(*args, **kwargs)
           ^^^^^^^^^^^^^^^^^^^^^
  File "C:\Users\e_damas\anaconda3\envs\sklearn_rl\Lib\site-packages\sklearn\model_selection\_validation.py", line 677, in cross_val_score
    cv_results = cross_validate(
                 ^^^^^^^^^^^^^^^
  File "C:\Users\e_damas\anaconda3\envs\sklearn_rl\Lib\site-packages\sklearn\utils\_param_validation.py", line 218, in wrapper
    return func(*args, **kwargs)
           ^^^^^^^^^^^^^^^^^^^^^
  File "C:\Users\e_damas\anaconda3\envs\sklearn_rl\Lib\site-packages\sklearn\model_selection\_validation.py", line 419, in cross_validate
    _warn_or_raise_about_fit_failures(results, error_score)
  File "C:\Users\e_damas\anaconda3\envs\sklearn_rl\Lib\site-packages\sklearn\model_selection\_validation.py", line 505, in _warn_or_raise_about_fit_failures
    raise ValueError(all_fits_failed_message)
ValueError: 
All the 3 fits failed.
It is very likely that your model is misconfigured.
You can try to debug the error by setting error_score='raise'.

Below are more details about the failures:
--------------------------------------------------------------------------------
3 fits failed with the following error:
Traceback (most recent call last):
  File "C:\Users\e_damas\anaconda3\envs\sklearn_rl\Lib\site-packages\sklearn\model_selection\_validation.py", line 859, in _fit_and_score
    estimator.fit(X_train, y_train, **fit_params)
  File "C:\Users\e_damas\anaconda3\envs\sklearn_rl\Lib\site-packages\sklearn\base.py", line 1365, in wrapper
    return fit_method(estimator, *args, **kwargs)
           ^^^^^^^^^^^^^^^^^^^^^^^^^^^^^^^^^^^^^^
  File "C:\Users\e_damas\anaconda3\envs\sklearn_rl\Lib\site-packages\sklearn\pipeline.py", line 663, in fit
    self._final_estimator.fit(Xt, y, **last_step_params["fit"])
  File "C:\Users\e_damas\anaconda3\envs\sklearn_rl\Lib\site-packages\sklearn\base.py", line 1358, in wrapper
    estimator._validate_params()
  File "C:\Users\e_damas\anaconda3\envs\sklearn_rl\Lib\site-packages\sklearn\base.py", line 471, in _validate_params
    validate_parameter_constraints(
  File "C:\Users\e_damas\anaconda3\envs\sklearn_rl\Lib\site-packages\sklearn\utils\_param_validation.py", line 98, in validate_parameter_constraints
    raise InvalidParameterError(
sklearn.utils._param_validation.InvalidParameterError: The 'solver' parameter of LogisticRegression must be a str among {'liblinear', 'newton-cg', 'saga', 'newton-cholesky', 'lbfgs', 'sag'}. Got 'sparse_cg' instead.


2025-09-10 11:48:57	EXCEPTION	Erro durante cross_val_score para o modelo LogisticRegression.	Traceback (most recent call last):
  File "D:\PROGRAMACAO\sklearn_rl\D_training\D1_training.py", line 133, in agent_training
    scores = cross_val_score(pipe, X_train, y_train, cv=3, scoring=scoring_metric)
             ^^^^^^^^^^^^^^^^^^^^^^^^^^^^^^^^^^^^^^^^^^^^^^^^^^^^^^^^^^^^^^^^^^^^^
  File "C:\Users\e_damas\anaconda3\envs\sklearn_rl\Lib\site-packages\sklearn\utils\_param_validation.py", line 218, in wrapper
    return func(*args, **kwargs)
           ^^^^^^^^^^^^^^^^^^^^^
  File "C:\Users\e_damas\anaconda3\envs\sklearn_rl\Lib\site-packages\sklearn\model_selection\_validation.py", line 677, in cross_val_score
    cv_results = cross_validate(
                 ^^^^^^^^^^^^^^^
  File "C:\Users\e_damas\anaconda3\envs\sklearn_rl\Lib\site-packages\sklearn\utils\_param_validation.py", line 218, in wrapper
    return func(*args, **kwargs)
           ^^^^^^^^^^^^^^^^^^^^^
  File "C:\Users\e_damas\anaconda3\envs\sklearn_rl\Lib\site-packages\sklearn\model_selection\_validation.py", line 419, in cross_validate
    _warn_or_raise_about_fit_failures(results, error_score)
  File "C:\Users\e_damas\anaconda3\envs\sklearn_rl\Lib\site-packages\sklearn\model_selection\_validation.py", line 505, in _warn_or_raise_about_fit_failures
    raise ValueError(all_fits_failed_message)
ValueError: 
All the 3 fits failed.
It is very likely that your model is misconfigured.
You can try to debug the error by setting error_score='raise'.

Below are more details about the failures:
--------------------------------------------------------------------------------
3 fits failed with the following error:
Traceback (most recent call last):
  File "C:\Users\e_damas\anaconda3\envs\sklearn_rl\Lib\site-packages\sklearn\model_selection\_validation.py", line 859, in _fit_and_score
    estimator.fit(X_train, y_train, **fit_params)
  File "C:\Users\e_damas\anaconda3\envs\sklearn_rl\Lib\site-packages\sklearn\base.py", line 1365, in wrapper
    return fit_method(estimator, *args, **kwargs)
           ^^^^^^^^^^^^^^^^^^^^^^^^^^^^^^^^^^^^^^
  File "C:\Users\e_damas\anaconda3\envs\sklearn_rl\Lib\site-packages\sklearn\pipeline.py", line 663, in fit
    self._final_estimator.fit(Xt, y, **last_step_params["fit"])
  File "C:\Users\e_damas\anaconda3\envs\sklearn_rl\Lib\site-packages\sklearn\base.py", line 1358, in wrapper
    estimator._validate_params()
  File "C:\Users\e_damas\anaconda3\envs\sklearn_rl\Lib\site-packages\sklearn\base.py", line 471, in _validate_params
    validate_parameter_constraints(
  File "C:\Users\e_damas\anaconda3\envs\sklearn_rl\Lib\site-packages\sklearn\utils\_param_validation.py", line 98, in validate_parameter_constraints
    raise InvalidParameterError(
sklearn.utils._param_validation.InvalidParameterError: The 'solver' parameter of LogisticRegression must be a str among {'liblinear', 'newton-cg', 'saga', 'newton-cholesky', 'lbfgs', 'sag'}. Got 'sparse_cg' instead.


2025-09-10 11:48:57	EXCEPTION	Erro durante cross_val_score para o modelo LogisticRegression.	Traceback (most recent call last):
  File "D:\PROGRAMACAO\sklearn_rl\D_training\D1_training.py", line 133, in agent_training
    scores = cross_val_score(pipe, X_train, y_train, cv=3, scoring=scoring_metric)
             ^^^^^^^^^^^^^^^^^^^^^^^^^^^^^^^^^^^^^^^^^^^^^^^^^^^^^^^^^^^^^^^^^^^^^
  File "C:\Users\e_damas\anaconda3\envs\sklearn_rl\Lib\site-packages\sklearn\utils\_param_validation.py", line 218, in wrapper
    return func(*args, **kwargs)
           ^^^^^^^^^^^^^^^^^^^^^
  File "C:\Users\e_damas\anaconda3\envs\sklearn_rl\Lib\site-packages\sklearn\model_selection\_validation.py", line 677, in cross_val_score
    cv_results = cross_validate(
                 ^^^^^^^^^^^^^^^
  File "C:\Users\e_damas\anaconda3\envs\sklearn_rl\Lib\site-packages\sklearn\utils\_param_validation.py", line 218, in wrapper
    return func(*args, **kwargs)
           ^^^^^^^^^^^^^^^^^^^^^
  File "C:\Users\e_damas\anaconda3\envs\sklearn_rl\Lib\site-packages\sklearn\model_selection\_validation.py", line 419, in cross_validate
    _warn_or_raise_about_fit_failures(results, error_score)
  File "C:\Users\e_damas\anaconda3\envs\sklearn_rl\Lib\site-packages\sklearn\model_selection\_validation.py", line 505, in _warn_or_raise_about_fit_failures
    raise ValueError(all_fits_failed_message)
ValueError: 
All the 3 fits failed.
It is very likely that your model is misconfigured.
You can try to debug the error by setting error_score='raise'.

Below are more details about the failures:
--------------------------------------------------------------------------------
3 fits failed with the following error:
Traceback (most recent call last):
  File "C:\Users\e_damas\anaconda3\envs\sklearn_rl\Lib\site-packages\sklearn\model_selection\_validation.py", line 859, in _fit_and_score
    estimator.fit(X_train, y_train, **fit_params)
  File "C:\Users\e_damas\anaconda3\envs\sklearn_rl\Lib\site-packages\sklearn\base.py", line 1365, in wrapper
    return fit_method(estimator, *args, **kwargs)
           ^^^^^^^^^^^^^^^^^^^^^^^^^^^^^^^^^^^^^^
  File "C:\Users\e_damas\anaconda3\envs\sklearn_rl\Lib\site-packages\sklearn\pipeline.py", line 663, in fit
    self._final_estimator.fit(Xt, y, **last_step_params["fit"])
  File "C:\Users\e_damas\anaconda3\envs\sklearn_rl\Lib\site-packages\sklearn\base.py", line 1358, in wrapper
    estimator._validate_params()
  File "C:\Users\e_damas\anaconda3\envs\sklearn_rl\Lib\site-packages\sklearn\base.py", line 471, in _validate_params
    validate_parameter_constraints(
  File "C:\Users\e_damas\anaconda3\envs\sklearn_rl\Lib\site-packages\sklearn\utils\_param_validation.py", line 98, in validate_parameter_constraints
    raise InvalidParameterError(
sklearn.utils._param_validation.InvalidParameterError: The 'solver' parameter of LogisticRegression must be a str among {'liblinear', 'newton-cg', 'saga', 'newton-cholesky', 'lbfgs', 'sag'}. Got 'lsqr' instead.


2025-09-10 11:49:01	EXCEPTION	Erro durante cross_val_score para o modelo LogisticRegression.	Traceback (most recent call last):
  File "D:\PROGRAMACAO\sklearn_rl\D_training\D1_training.py", line 133, in agent_training
    scores = cross_val_score(pipe, X_train, y_train, cv=3, scoring=scoring_metric)
             ^^^^^^^^^^^^^^^^^^^^^^^^^^^^^^^^^^^^^^^^^^^^^^^^^^^^^^^^^^^^^^^^^^^^^
  File "C:\Users\e_damas\anaconda3\envs\sklearn_rl\Lib\site-packages\sklearn\utils\_param_validation.py", line 218, in wrapper
    return func(*args, **kwargs)
           ^^^^^^^^^^^^^^^^^^^^^
  File "C:\Users\e_damas\anaconda3\envs\sklearn_rl\Lib\site-packages\sklearn\model_selection\_validation.py", line 677, in cross_val_score
    cv_results = cross_validate(
                 ^^^^^^^^^^^^^^^
  File "C:\Users\e_damas\anaconda3\envs\sklearn_rl\Lib\site-packages\sklearn\utils\_param_validation.py", line 218, in wrapper
    return func(*args, **kwargs)
           ^^^^^^^^^^^^^^^^^^^^^
  File "C:\Users\e_damas\anaconda3\envs\sklearn_rl\Lib\site-packages\sklearn\model_selection\_validation.py", line 419, in cross_validate
    _warn_or_raise_about_fit_failures(results, error_score)
  File "C:\Users\e_damas\anaconda3\envs\sklearn_rl\Lib\site-packages\sklearn\model_selection\_validation.py", line 505, in _warn_or_raise_about_fit_failures
    raise ValueError(all_fits_failed_message)
ValueError: 
All the 3 fits failed.
It is very likely that your model is misconfigured.
You can try to debug the error by setting error_score='raise'.

Below are more details about the failures:
--------------------------------------------------------------------------------
3 fits failed with the following error:
Traceback (most recent call last):
  File "C:\Users\e_damas\anaconda3\envs\sklearn_rl\Lib\site-packages\sklearn\model_selection\_validation.py", line 859, in _fit_and_score
    estimator.fit(X_train, y_train, **fit_params)
  File "C:\Users\e_damas\anaconda3\envs\sklearn_rl\Lib\site-packages\sklearn\base.py", line 1365, in wrapper
    return fit_method(estimator, *args, **kwargs)
           ^^^^^^^^^^^^^^^^^^^^^^^^^^^^^^^^^^^^^^
  File "C:\Users\e_damas\anaconda3\envs\sklearn_rl\Lib\site-packages\sklearn\pipeline.py", line 663, in fit
    self._final_estimator.fit(Xt, y, **last_step_params["fit"])
  File "C:\Users\e_damas\anaconda3\envs\sklearn_rl\Lib\site-packages\sklearn\base.py", line 1365, in wrapper
    return fit_method(estimator, *args, **kwargs)
           ^^^^^^^^^^^^^^^^^^^^^^^^^^^^^^^^^^^^^^
  File "C:\Users\e_damas\anaconda3\envs\sklearn_rl\Lib\site-packages\sklearn\linear_model\_logistic.py", line 1218, in fit
    solver = _check_solver(self.solver, self.penalty, self.dual)
             ^^^^^^^^^^^^^^^^^^^^^^^^^^^^^^^^^^^^^^^^^^^^^^^^^^^
  File "C:\Users\e_damas\anaconda3\envs\sklearn_rl\Lib\site-packages\sklearn\linear_model\_logistic.py", line 64, in _check_solver
    raise ValueError(
ValueError: Solver sag supports only 'l2' or None penalties, got elasticnet penalty.


2025-09-10 11:49:39	EXCEPTION	Erro durante cross_val_score para o modelo LogisticRegression.	Traceback (most recent call last):
  File "D:\PROGRAMACAO\sklearn_rl\D_training\D1_training.py", line 133, in agent_training
    scores = cross_val_score(pipe, X_train, y_train, cv=3, scoring=scoring_metric)
             ^^^^^^^^^^^^^^^^^^^^^^^^^^^^^^^^^^^^^^^^^^^^^^^^^^^^^^^^^^^^^^^^^^^^^
  File "C:\Users\e_damas\anaconda3\envs\sklearn_rl\Lib\site-packages\sklearn\utils\_param_validation.py", line 218, in wrapper
    return func(*args, **kwargs)
           ^^^^^^^^^^^^^^^^^^^^^
  File "C:\Users\e_damas\anaconda3\envs\sklearn_rl\Lib\site-packages\sklearn\model_selection\_validation.py", line 677, in cross_val_score
    cv_results = cross_validate(
                 ^^^^^^^^^^^^^^^
  File "C:\Users\e_damas\anaconda3\envs\sklearn_rl\Lib\site-packages\sklearn\utils\_param_validation.py", line 218, in wrapper
    return func(*args, **kwargs)
           ^^^^^^^^^^^^^^^^^^^^^
  File "C:\Users\e_damas\anaconda3\envs\sklearn_rl\Lib\site-packages\sklearn\model_selection\_validation.py", line 419, in cross_validate
    _warn_or_raise_about_fit_failures(results, error_score)
  File "C:\Users\e_damas\anaconda3\envs\sklearn_rl\Lib\site-packages\sklearn\model_selection\_validation.py", line 505, in _warn_or_raise_about_fit_failures
    raise ValueError(all_fits_failed_message)
ValueError: 
All the 3 fits failed.
It is very likely that your model is misconfigured.
You can try to debug the error by setting error_score='raise'.

Below are more details about the failures:
--------------------------------------------------------------------------------
3 fits failed with the following error:
Traceback (most recent call last):
  File "C:\Users\e_damas\anaconda3\envs\sklearn_rl\Lib\site-packages\sklearn\model_selection\_validation.py", line 859, in _fit_and_score
    estimator.fit(X_train, y_train, **fit_params)
  File "C:\Users\e_damas\anaconda3\envs\sklearn_rl\Lib\site-packages\sklearn\base.py", line 1365, in wrapper
    return fit_method(estimator, *args, **kwargs)
           ^^^^^^^^^^^^^^^^^^^^^^^^^^^^^^^^^^^^^^
  File "C:\Users\e_damas\anaconda3\envs\sklearn_rl\Lib\site-packages\sklearn\pipeline.py", line 663, in fit
    self._final_estimator.fit(Xt, y, **last_step_params["fit"])
  File "C:\Users\e_damas\anaconda3\envs\sklearn_rl\Lib\site-packages\sklearn\base.py", line 1365, in wrapper
    return fit_method(estimator, *args, **kwargs)
           ^^^^^^^^^^^^^^^^^^^^^^^^^^^^^^^^^^^^^^
  File "C:\Users\e_damas\anaconda3\envs\sklearn_rl\Lib\site-packages\sklearn\linear_model\_logistic.py", line 1218, in fit
    solver = _check_solver(self.solver, self.penalty, self.dual)
             ^^^^^^^^^^^^^^^^^^^^^^^^^^^^^^^^^^^^^^^^^^^^^^^^^^^
  File "C:\Users\e_damas\anaconda3\envs\sklearn_rl\Lib\site-packages\sklearn\linear_model\_logistic.py", line 64, in _check_solver
    raise ValueError(
ValueError: Solver sag supports only 'l2' or None penalties, got l1 penalty.


2025-09-10 11:49:39	EXCEPTION	Erro durante cross_val_score para o modelo LogisticRegression.	Traceback (most recent call last):
  File "D:\PROGRAMACAO\sklearn_rl\D_training\D1_training.py", line 133, in agent_training
    scores = cross_val_score(pipe, X_train, y_train, cv=3, scoring=scoring_metric)
             ^^^^^^^^^^^^^^^^^^^^^^^^^^^^^^^^^^^^^^^^^^^^^^^^^^^^^^^^^^^^^^^^^^^^^
  File "C:\Users\e_damas\anaconda3\envs\sklearn_rl\Lib\site-packages\sklearn\utils\_param_validation.py", line 218, in wrapper
    return func(*args, **kwargs)
           ^^^^^^^^^^^^^^^^^^^^^
  File "C:\Users\e_damas\anaconda3\envs\sklearn_rl\Lib\site-packages\sklearn\model_selection\_validation.py", line 677, in cross_val_score
    cv_results = cross_validate(
                 ^^^^^^^^^^^^^^^
  File "C:\Users\e_damas\anaconda3\envs\sklearn_rl\Lib\site-packages\sklearn\utils\_param_validation.py", line 218, in wrapper
    return func(*args, **kwargs)
           ^^^^^^^^^^^^^^^^^^^^^
  File "C:\Users\e_damas\anaconda3\envs\sklearn_rl\Lib\site-packages\sklearn\model_selection\_validation.py", line 419, in cross_validate
    _warn_or_raise_about_fit_failures(results, error_score)
  File "C:\Users\e_damas\anaconda3\envs\sklearn_rl\Lib\site-packages\sklearn\model_selection\_validation.py", line 505, in _warn_or_raise_about_fit_failures
    raise ValueError(all_fits_failed_message)
ValueError: 
All the 3 fits failed.
It is very likely that your model is misconfigured.
You can try to debug the error by setting error_score='raise'.

Below are more details about the failures:
--------------------------------------------------------------------------------
3 fits failed with the following error:
Traceback (most recent call last):
  File "C:\Users\e_damas\anaconda3\envs\sklearn_rl\Lib\site-packages\sklearn\model_selection\_validation.py", line 859, in _fit_and_score
    estimator.fit(X_train, y_train, **fit_params)
  File "C:\Users\e_damas\anaconda3\envs\sklearn_rl\Lib\site-packages\sklearn\base.py", line 1365, in wrapper
    return fit_method(estimator, *args, **kwargs)
           ^^^^^^^^^^^^^^^^^^^^^^^^^^^^^^^^^^^^^^
  File "C:\Users\e_damas\anaconda3\envs\sklearn_rl\Lib\site-packages\sklearn\pipeline.py", line 663, in fit
    self._final_estimator.fit(Xt, y, **last_step_params["fit"])
  File "C:\Users\e_damas\anaconda3\envs\sklearn_rl\Lib\site-packages\sklearn\base.py", line 1358, in wrapper
    estimator._validate_params()
  File "C:\Users\e_damas\anaconda3\envs\sklearn_rl\Lib\site-packages\sklearn\base.py", line 471, in _validate_params
    validate_parameter_constraints(
  File "C:\Users\e_damas\anaconda3\envs\sklearn_rl\Lib\site-packages\sklearn\utils\_param_validation.py", line 98, in validate_parameter_constraints
    raise InvalidParameterError(
sklearn.utils._param_validation.InvalidParameterError: The 'solver' parameter of LogisticRegression must be a str among {'liblinear', 'newton-cg', 'saga', 'newton-cholesky', 'lbfgs', 'sag'}. Got 'sparse_cg' instead.


2025-09-10 11:49:46	EXCEPTION	Erro durante cross_val_score para o modelo LogisticRegression.	Traceback (most recent call last):
  File "D:\PROGRAMACAO\sklearn_rl\D_training\D1_training.py", line 133, in agent_training
    scores = cross_val_score(pipe, X_train, y_train, cv=3, scoring=scoring_metric)
             ^^^^^^^^^^^^^^^^^^^^^^^^^^^^^^^^^^^^^^^^^^^^^^^^^^^^^^^^^^^^^^^^^^^^^
  File "C:\Users\e_damas\anaconda3\envs\sklearn_rl\Lib\site-packages\sklearn\utils\_param_validation.py", line 218, in wrapper
    return func(*args, **kwargs)
           ^^^^^^^^^^^^^^^^^^^^^
  File "C:\Users\e_damas\anaconda3\envs\sklearn_rl\Lib\site-packages\sklearn\model_selection\_validation.py", line 677, in cross_val_score
    cv_results = cross_validate(
                 ^^^^^^^^^^^^^^^
  File "C:\Users\e_damas\anaconda3\envs\sklearn_rl\Lib\site-packages\sklearn\utils\_param_validation.py", line 218, in wrapper
    return func(*args, **kwargs)
           ^^^^^^^^^^^^^^^^^^^^^
  File "C:\Users\e_damas\anaconda3\envs\sklearn_rl\Lib\site-packages\sklearn\model_selection\_validation.py", line 419, in cross_validate
    _warn_or_raise_about_fit_failures(results, error_score)
  File "C:\Users\e_damas\anaconda3\envs\sklearn_rl\Lib\site-packages\sklearn\model_selection\_validation.py", line 505, in _warn_or_raise_about_fit_failures
    raise ValueError(all_fits_failed_message)
ValueError: 
All the 3 fits failed.
It is very likely that your model is misconfigured.
You can try to debug the error by setting error_score='raise'.

Below are more details about the failures:
--------------------------------------------------------------------------------
3 fits failed with the following error:
Traceback (most recent call last):
  File "C:\Users\e_damas\anaconda3\envs\sklearn_rl\Lib\site-packages\sklearn\model_selection\_validation.py", line 859, in _fit_and_score
    estimator.fit(X_train, y_train, **fit_params)
  File "C:\Users\e_damas\anaconda3\envs\sklearn_rl\Lib\site-packages\sklearn\base.py", line 1365, in wrapper
    return fit_method(estimator, *args, **kwargs)
           ^^^^^^^^^^^^^^^^^^^^^^^^^^^^^^^^^^^^^^
  File "C:\Users\e_damas\anaconda3\envs\sklearn_rl\Lib\site-packages\sklearn\pipeline.py", line 663, in fit
    self._final_estimator.fit(Xt, y, **last_step_params["fit"])
  File "C:\Users\e_damas\anaconda3\envs\sklearn_rl\Lib\site-packages\sklearn\base.py", line 1358, in wrapper
    estimator._validate_params()
  File "C:\Users\e_damas\anaconda3\envs\sklearn_rl\Lib\site-packages\sklearn\base.py", line 471, in _validate_params
    validate_parameter_constraints(
  File "C:\Users\e_damas\anaconda3\envs\sklearn_rl\Lib\site-packages\sklearn\utils\_param_validation.py", line 98, in validate_parameter_constraints
    raise InvalidParameterError(
sklearn.utils._param_validation.InvalidParameterError: The 'solver' parameter of LogisticRegression must be a str among {'liblinear', 'newton-cg', 'saga', 'newton-cholesky', 'lbfgs', 'sag'}. Got 'lsqr' instead.


2025-09-10 11:50:07	EXCEPTION	Erro durante cross_val_score para o modelo LogisticRegression.	Traceback (most recent call last):
  File "D:\PROGRAMACAO\sklearn_rl\D_training\D1_training.py", line 133, in agent_training
    scores = cross_val_score(pipe, X_train, y_train, cv=3, scoring=scoring_metric)
             ^^^^^^^^^^^^^^^^^^^^^^^^^^^^^^^^^^^^^^^^^^^^^^^^^^^^^^^^^^^^^^^^^^^^^
  File "C:\Users\e_damas\anaconda3\envs\sklearn_rl\Lib\site-packages\sklearn\utils\_param_validation.py", line 218, in wrapper
    return func(*args, **kwargs)
           ^^^^^^^^^^^^^^^^^^^^^
  File "C:\Users\e_damas\anaconda3\envs\sklearn_rl\Lib\site-packages\sklearn\model_selection\_validation.py", line 677, in cross_val_score
    cv_results = cross_validate(
                 ^^^^^^^^^^^^^^^
  File "C:\Users\e_damas\anaconda3\envs\sklearn_rl\Lib\site-packages\sklearn\utils\_param_validation.py", line 218, in wrapper
    return func(*args, **kwargs)
           ^^^^^^^^^^^^^^^^^^^^^
  File "C:\Users\e_damas\anaconda3\envs\sklearn_rl\Lib\site-packages\sklearn\model_selection\_validation.py", line 419, in cross_validate
    _warn_or_raise_about_fit_failures(results, error_score)
  File "C:\Users\e_damas\anaconda3\envs\sklearn_rl\Lib\site-packages\sklearn\model_selection\_validation.py", line 505, in _warn_or_raise_about_fit_failures
    raise ValueError(all_fits_failed_message)
ValueError: 
All the 3 fits failed.
It is very likely that your model is misconfigured.
You can try to debug the error by setting error_score='raise'.

Below are more details about the failures:
--------------------------------------------------------------------------------
3 fits failed with the following error:
Traceback (most recent call last):
  File "C:\Users\e_damas\anaconda3\envs\sklearn_rl\Lib\site-packages\sklearn\model_selection\_validation.py", line 859, in _fit_and_score
    estimator.fit(X_train, y_train, **fit_params)
  File "C:\Users\e_damas\anaconda3\envs\sklearn_rl\Lib\site-packages\sklearn\base.py", line 1365, in wrapper
    return fit_method(estimator, *args, **kwargs)
           ^^^^^^^^^^^^^^^^^^^^^^^^^^^^^^^^^^^^^^
  File "C:\Users\e_damas\anaconda3\envs\sklearn_rl\Lib\site-packages\sklearn\pipeline.py", line 663, in fit
    self._final_estimator.fit(Xt, y, **last_step_params["fit"])
  File "C:\Users\e_damas\anaconda3\envs\sklearn_rl\Lib\site-packages\sklearn\base.py", line 1358, in wrapper
    estimator._validate_params()
  File "C:\Users\e_damas\anaconda3\envs\sklearn_rl\Lib\site-packages\sklearn\base.py", line 471, in _validate_params
    validate_parameter_constraints(
  File "C:\Users\e_damas\anaconda3\envs\sklearn_rl\Lib\site-packages\sklearn\utils\_param_validation.py", line 98, in validate_parameter_constraints
    raise InvalidParameterError(
sklearn.utils._param_validation.InvalidParameterError: The 'solver' parameter of LogisticRegression must be a str among {'liblinear', 'newton-cg', 'saga', 'newton-cholesky', 'lbfgs', 'sag'}. Got 'auto' instead.


2025-09-10 11:50:08	EXCEPTION	Erro durante cross_val_score para o modelo LogisticRegression.	Traceback (most recent call last):
  File "D:\PROGRAMACAO\sklearn_rl\D_training\D1_training.py", line 133, in agent_training
    scores = cross_val_score(pipe, X_train, y_train, cv=3, scoring=scoring_metric)
             ^^^^^^^^^^^^^^^^^^^^^^^^^^^^^^^^^^^^^^^^^^^^^^^^^^^^^^^^^^^^^^^^^^^^^
  File "C:\Users\e_damas\anaconda3\envs\sklearn_rl\Lib\site-packages\sklearn\utils\_param_validation.py", line 218, in wrapper
    return func(*args, **kwargs)
           ^^^^^^^^^^^^^^^^^^^^^
  File "C:\Users\e_damas\anaconda3\envs\sklearn_rl\Lib\site-packages\sklearn\model_selection\_validation.py", line 677, in cross_val_score
    cv_results = cross_validate(
                 ^^^^^^^^^^^^^^^
  File "C:\Users\e_damas\anaconda3\envs\sklearn_rl\Lib\site-packages\sklearn\utils\_param_validation.py", line 218, in wrapper
    return func(*args, **kwargs)
           ^^^^^^^^^^^^^^^^^^^^^
  File "C:\Users\e_damas\anaconda3\envs\sklearn_rl\Lib\site-packages\sklearn\model_selection\_validation.py", line 419, in cross_validate
    _warn_or_raise_about_fit_failures(results, error_score)
  File "C:\Users\e_damas\anaconda3\envs\sklearn_rl\Lib\site-packages\sklearn\model_selection\_validation.py", line 505, in _warn_or_raise_about_fit_failures
    raise ValueError(all_fits_failed_message)
ValueError: 
All the 3 fits failed.
It is very likely that your model is misconfigured.
You can try to debug the error by setting error_score='raise'.

Below are more details about the failures:
--------------------------------------------------------------------------------
3 fits failed with the following error:
Traceback (most recent call last):
  File "C:\Users\e_damas\anaconda3\envs\sklearn_rl\Lib\site-packages\sklearn\model_selection\_validation.py", line 859, in _fit_and_score
    estimator.fit(X_train, y_train, **fit_params)
  File "C:\Users\e_damas\anaconda3\envs\sklearn_rl\Lib\site-packages\sklearn\base.py", line 1365, in wrapper
    return fit_method(estimator, *args, **kwargs)
           ^^^^^^^^^^^^^^^^^^^^^^^^^^^^^^^^^^^^^^
  File "C:\Users\e_damas\anaconda3\envs\sklearn_rl\Lib\site-packages\sklearn\pipeline.py", line 663, in fit
    self._final_estimator.fit(Xt, y, **last_step_params["fit"])
  File "C:\Users\e_damas\anaconda3\envs\sklearn_rl\Lib\site-packages\sklearn\base.py", line 1358, in wrapper
    estimator._validate_params()
  File "C:\Users\e_damas\anaconda3\envs\sklearn_rl\Lib\site-packages\sklearn\base.py", line 471, in _validate_params
    validate_parameter_constraints(
  File "C:\Users\e_damas\anaconda3\envs\sklearn_rl\Lib\site-packages\sklearn\utils\_param_validation.py", line 98, in validate_parameter_constraints
    raise InvalidParameterError(
sklearn.utils._param_validation.InvalidParameterError: The 'solver' parameter of LogisticRegression must be a str among {'liblinear', 'newton-cg', 'saga', 'newton-cholesky', 'lbfgs', 'sag'}. Got 'svd' instead.


2025-09-10 11:50:53	EXCEPTION	Erro durante cross_val_score para o modelo LogisticRegression.	Traceback (most recent call last):
  File "D:\PROGRAMACAO\sklearn_rl\D_training\D1_training.py", line 133, in agent_training
    scores = cross_val_score(pipe, X_train, y_train, cv=3, scoring=scoring_metric)
             ^^^^^^^^^^^^^^^^^^^^^^^^^^^^^^^^^^^^^^^^^^^^^^^^^^^^^^^^^^^^^^^^^^^^^
  File "C:\Users\e_damas\anaconda3\envs\sklearn_rl\Lib\site-packages\sklearn\utils\_param_validation.py", line 218, in wrapper
    return func(*args, **kwargs)
           ^^^^^^^^^^^^^^^^^^^^^
  File "C:\Users\e_damas\anaconda3\envs\sklearn_rl\Lib\site-packages\sklearn\model_selection\_validation.py", line 677, in cross_val_score
    cv_results = cross_validate(
                 ^^^^^^^^^^^^^^^
  File "C:\Users\e_damas\anaconda3\envs\sklearn_rl\Lib\site-packages\sklearn\utils\_param_validation.py", line 218, in wrapper
    return func(*args, **kwargs)
           ^^^^^^^^^^^^^^^^^^^^^
  File "C:\Users\e_damas\anaconda3\envs\sklearn_rl\Lib\site-packages\sklearn\model_selection\_validation.py", line 419, in cross_validate
    _warn_or_raise_about_fit_failures(results, error_score)
  File "C:\Users\e_damas\anaconda3\envs\sklearn_rl\Lib\site-packages\sklearn\model_selection\_validation.py", line 505, in _warn_or_raise_about_fit_failures
    raise ValueError(all_fits_failed_message)
ValueError: 
All the 3 fits failed.
It is very likely that your model is misconfigured.
You can try to debug the error by setting error_score='raise'.

Below are more details about the failures:
--------------------------------------------------------------------------------
3 fits failed with the following error:
Traceback (most recent call last):
  File "C:\Users\e_damas\anaconda3\envs\sklearn_rl\Lib\site-packages\sklearn\model_selection\_validation.py", line 859, in _fit_and_score
    estimator.fit(X_train, y_train, **fit_params)
  File "C:\Users\e_damas\anaconda3\envs\sklearn_rl\Lib\site-packages\sklearn\base.py", line 1365, in wrapper
    return fit_method(estimator, *args, **kwargs)
           ^^^^^^^^^^^^^^^^^^^^^^^^^^^^^^^^^^^^^^
  File "C:\Users\e_damas\anaconda3\envs\sklearn_rl\Lib\site-packages\sklearn\pipeline.py", line 663, in fit
    self._final_estimator.fit(Xt, y, **last_step_params["fit"])
  File "C:\Users\e_damas\anaconda3\envs\sklearn_rl\Lib\site-packages\sklearn\base.py", line 1358, in wrapper
    estimator._validate_params()
  File "C:\Users\e_damas\anaconda3\envs\sklearn_rl\Lib\site-packages\sklearn\base.py", line 471, in _validate_params
    validate_parameter_constraints(
  File "C:\Users\e_damas\anaconda3\envs\sklearn_rl\Lib\site-packages\sklearn\utils\_param_validation.py", line 98, in validate_parameter_constraints
    raise InvalidParameterError(
sklearn.utils._param_validation.InvalidParameterError: The 'solver' parameter of LogisticRegression must be a str among {'liblinear', 'newton-cg', 'saga', 'newton-cholesky', 'lbfgs', 'sag'}. Got 'svd' instead.


2025-09-10 11:51:23	EXCEPTION	Erro durante cross_val_score para o modelo LogisticRegression.	Traceback (most recent call last):
  File "D:\PROGRAMACAO\sklearn_rl\D_training\D1_training.py", line 133, in agent_training
    scores = cross_val_score(pipe, X_train, y_train, cv=3, scoring=scoring_metric)
             ^^^^^^^^^^^^^^^^^^^^^^^^^^^^^^^^^^^^^^^^^^^^^^^^^^^^^^^^^^^^^^^^^^^^^
  File "C:\Users\e_damas\anaconda3\envs\sklearn_rl\Lib\site-packages\sklearn\utils\_param_validation.py", line 218, in wrapper
    return func(*args, **kwargs)
           ^^^^^^^^^^^^^^^^^^^^^
  File "C:\Users\e_damas\anaconda3\envs\sklearn_rl\Lib\site-packages\sklearn\model_selection\_validation.py", line 677, in cross_val_score
    cv_results = cross_validate(
                 ^^^^^^^^^^^^^^^
  File "C:\Users\e_damas\anaconda3\envs\sklearn_rl\Lib\site-packages\sklearn\utils\_param_validation.py", line 218, in wrapper
    return func(*args, **kwargs)
           ^^^^^^^^^^^^^^^^^^^^^
  File "C:\Users\e_damas\anaconda3\envs\sklearn_rl\Lib\site-packages\sklearn\model_selection\_validation.py", line 419, in cross_validate
    _warn_or_raise_about_fit_failures(results, error_score)
  File "C:\Users\e_damas\anaconda3\envs\sklearn_rl\Lib\site-packages\sklearn\model_selection\_validation.py", line 505, in _warn_or_raise_about_fit_failures
    raise ValueError(all_fits_failed_message)
ValueError: 
All the 3 fits failed.
It is very likely that your model is misconfigured.
You can try to debug the error by setting error_score='raise'.

Below are more details about the failures:
--------------------------------------------------------------------------------
3 fits failed with the following error:
Traceback (most recent call last):
  File "C:\Users\e_damas\anaconda3\envs\sklearn_rl\Lib\site-packages\sklearn\model_selection\_validation.py", line 859, in _fit_and_score
    estimator.fit(X_train, y_train, **fit_params)
  File "C:\Users\e_damas\anaconda3\envs\sklearn_rl\Lib\site-packages\sklearn\base.py", line 1365, in wrapper
    return fit_method(estimator, *args, **kwargs)
           ^^^^^^^^^^^^^^^^^^^^^^^^^^^^^^^^^^^^^^
  File "C:\Users\e_damas\anaconda3\envs\sklearn_rl\Lib\site-packages\sklearn\pipeline.py", line 663, in fit
    self._final_estimator.fit(Xt, y, **last_step_params["fit"])
  File "C:\Users\e_damas\anaconda3\envs\sklearn_rl\Lib\site-packages\sklearn\base.py", line 1358, in wrapper
    estimator._validate_params()
  File "C:\Users\e_damas\anaconda3\envs\sklearn_rl\Lib\site-packages\sklearn\base.py", line 471, in _validate_params
    validate_parameter_constraints(
  File "C:\Users\e_damas\anaconda3\envs\sklearn_rl\Lib\site-packages\sklearn\utils\_param_validation.py", line 98, in validate_parameter_constraints
    raise InvalidParameterError(
sklearn.utils._param_validation.InvalidParameterError: The 'solver' parameter of LogisticRegression must be a str among {'liblinear', 'newton-cg', 'saga', 'newton-cholesky', 'lbfgs', 'sag'}. Got 'svd' instead.


2025-09-10 11:51:25	EXCEPTION	Erro durante cross_val_score para o modelo LogisticRegression.	Traceback (most recent call last):
  File "D:\PROGRAMACAO\sklearn_rl\D_training\D1_training.py", line 133, in agent_training
    scores = cross_val_score(pipe, X_train, y_train, cv=3, scoring=scoring_metric)
             ^^^^^^^^^^^^^^^^^^^^^^^^^^^^^^^^^^^^^^^^^^^^^^^^^^^^^^^^^^^^^^^^^^^^^
  File "C:\Users\e_damas\anaconda3\envs\sklearn_rl\Lib\site-packages\sklearn\utils\_param_validation.py", line 218, in wrapper
    return func(*args, **kwargs)
           ^^^^^^^^^^^^^^^^^^^^^
  File "C:\Users\e_damas\anaconda3\envs\sklearn_rl\Lib\site-packages\sklearn\model_selection\_validation.py", line 677, in cross_val_score
    cv_results = cross_validate(
                 ^^^^^^^^^^^^^^^
  File "C:\Users\e_damas\anaconda3\envs\sklearn_rl\Lib\site-packages\sklearn\utils\_param_validation.py", line 218, in wrapper
    return func(*args, **kwargs)
           ^^^^^^^^^^^^^^^^^^^^^
  File "C:\Users\e_damas\anaconda3\envs\sklearn_rl\Lib\site-packages\sklearn\model_selection\_validation.py", line 419, in cross_validate
    _warn_or_raise_about_fit_failures(results, error_score)
  File "C:\Users\e_damas\anaconda3\envs\sklearn_rl\Lib\site-packages\sklearn\model_selection\_validation.py", line 505, in _warn_or_raise_about_fit_failures
    raise ValueError(all_fits_failed_message)
ValueError: 
All the 3 fits failed.
It is very likely that your model is misconfigured.
You can try to debug the error by setting error_score='raise'.

Below are more details about the failures:
--------------------------------------------------------------------------------
3 fits failed with the following error:
Traceback (most recent call last):
  File "C:\Users\e_damas\anaconda3\envs\sklearn_rl\Lib\site-packages\sklearn\model_selection\_validation.py", line 859, in _fit_and_score
    estimator.fit(X_train, y_train, **fit_params)
  File "C:\Users\e_damas\anaconda3\envs\sklearn_rl\Lib\site-packages\sklearn\base.py", line 1365, in wrapper
    return fit_method(estimator, *args, **kwargs)
           ^^^^^^^^^^^^^^^^^^^^^^^^^^^^^^^^^^^^^^
  File "C:\Users\e_damas\anaconda3\envs\sklearn_rl\Lib\site-packages\sklearn\pipeline.py", line 663, in fit
    self._final_estimator.fit(Xt, y, **last_step_params["fit"])
  File "C:\Users\e_damas\anaconda3\envs\sklearn_rl\Lib\site-packages\sklearn\base.py", line 1358, in wrapper
    estimator._validate_params()
  File "C:\Users\e_damas\anaconda3\envs\sklearn_rl\Lib\site-packages\sklearn\base.py", line 471, in _validate_params
    validate_parameter_constraints(
  File "C:\Users\e_damas\anaconda3\envs\sklearn_rl\Lib\site-packages\sklearn\utils\_param_validation.py", line 98, in validate_parameter_constraints
    raise InvalidParameterError(
sklearn.utils._param_validation.InvalidParameterError: The 'solver' parameter of LogisticRegression must be a str among {'liblinear', 'newton-cg', 'saga', 'newton-cholesky', 'lbfgs', 'sag'}. Got 'svd' instead.


2025-09-10 11:51:26	EXCEPTION	Erro durante cross_val_score para o modelo LogisticRegression.	Traceback (most recent call last):
  File "D:\PROGRAMACAO\sklearn_rl\D_training\D1_training.py", line 133, in agent_training
    scores = cross_val_score(pipe, X_train, y_train, cv=3, scoring=scoring_metric)
             ^^^^^^^^^^^^^^^^^^^^^^^^^^^^^^^^^^^^^^^^^^^^^^^^^^^^^^^^^^^^^^^^^^^^^
  File "C:\Users\e_damas\anaconda3\envs\sklearn_rl\Lib\site-packages\sklearn\utils\_param_validation.py", line 218, in wrapper
    return func(*args, **kwargs)
           ^^^^^^^^^^^^^^^^^^^^^
  File "C:\Users\e_damas\anaconda3\envs\sklearn_rl\Lib\site-packages\sklearn\model_selection\_validation.py", line 677, in cross_val_score
    cv_results = cross_validate(
                 ^^^^^^^^^^^^^^^
  File "C:\Users\e_damas\anaconda3\envs\sklearn_rl\Lib\site-packages\sklearn\utils\_param_validation.py", line 218, in wrapper
    return func(*args, **kwargs)
           ^^^^^^^^^^^^^^^^^^^^^
  File "C:\Users\e_damas\anaconda3\envs\sklearn_rl\Lib\site-packages\sklearn\model_selection\_validation.py", line 419, in cross_validate
    _warn_or_raise_about_fit_failures(results, error_score)
  File "C:\Users\e_damas\anaconda3\envs\sklearn_rl\Lib\site-packages\sklearn\model_selection\_validation.py", line 505, in _warn_or_raise_about_fit_failures
    raise ValueError(all_fits_failed_message)
ValueError: 
All the 3 fits failed.
It is very likely that your model is misconfigured.
You can try to debug the error by setting error_score='raise'.

Below are more details about the failures:
--------------------------------------------------------------------------------
3 fits failed with the following error:
Traceback (most recent call last):
  File "C:\Users\e_damas\anaconda3\envs\sklearn_rl\Lib\site-packages\sklearn\model_selection\_validation.py", line 859, in _fit_and_score
    estimator.fit(X_train, y_train, **fit_params)
  File "C:\Users\e_damas\anaconda3\envs\sklearn_rl\Lib\site-packages\sklearn\base.py", line 1365, in wrapper
    return fit_method(estimator, *args, **kwargs)
           ^^^^^^^^^^^^^^^^^^^^^^^^^^^^^^^^^^^^^^
  File "C:\Users\e_damas\anaconda3\envs\sklearn_rl\Lib\site-packages\sklearn\pipeline.py", line 663, in fit
    self._final_estimator.fit(Xt, y, **last_step_params["fit"])
  File "C:\Users\e_damas\anaconda3\envs\sklearn_rl\Lib\site-packages\sklearn\base.py", line 1358, in wrapper
    estimator._validate_params()
  File "C:\Users\e_damas\anaconda3\envs\sklearn_rl\Lib\site-packages\sklearn\base.py", line 471, in _validate_params
    validate_parameter_constraints(
  File "C:\Users\e_damas\anaconda3\envs\sklearn_rl\Lib\site-packages\sklearn\utils\_param_validation.py", line 98, in validate_parameter_constraints
    raise InvalidParameterError(
sklearn.utils._param_validation.InvalidParameterError: The 'solver' parameter of LogisticRegression must be a str among {'liblinear', 'newton-cg', 'saga', 'newton-cholesky', 'lbfgs', 'sag'}. Got 'cholesky' instead.


2025-09-10 11:51:26	EXCEPTION	Erro durante cross_val_score para o modelo LogisticRegression.	Traceback (most recent call last):
  File "D:\PROGRAMACAO\sklearn_rl\D_training\D1_training.py", line 133, in agent_training
    scores = cross_val_score(pipe, X_train, y_train, cv=3, scoring=scoring_metric)
             ^^^^^^^^^^^^^^^^^^^^^^^^^^^^^^^^^^^^^^^^^^^^^^^^^^^^^^^^^^^^^^^^^^^^^
  File "C:\Users\e_damas\anaconda3\envs\sklearn_rl\Lib\site-packages\sklearn\utils\_param_validation.py", line 218, in wrapper
    return func(*args, **kwargs)
           ^^^^^^^^^^^^^^^^^^^^^
  File "C:\Users\e_damas\anaconda3\envs\sklearn_rl\Lib\site-packages\sklearn\model_selection\_validation.py", line 677, in cross_val_score
    cv_results = cross_validate(
                 ^^^^^^^^^^^^^^^
  File "C:\Users\e_damas\anaconda3\envs\sklearn_rl\Lib\site-packages\sklearn\utils\_param_validation.py", line 218, in wrapper
    return func(*args, **kwargs)
           ^^^^^^^^^^^^^^^^^^^^^
  File "C:\Users\e_damas\anaconda3\envs\sklearn_rl\Lib\site-packages\sklearn\model_selection\_validation.py", line 419, in cross_validate
    _warn_or_raise_about_fit_failures(results, error_score)
  File "C:\Users\e_damas\anaconda3\envs\sklearn_rl\Lib\site-packages\sklearn\model_selection\_validation.py", line 505, in _warn_or_raise_about_fit_failures
    raise ValueError(all_fits_failed_message)
ValueError: 
All the 3 fits failed.
It is very likely that your model is misconfigured.
You can try to debug the error by setting error_score='raise'.

Below are more details about the failures:
--------------------------------------------------------------------------------
3 fits failed with the following error:
Traceback (most recent call last):
  File "C:\Users\e_damas\anaconda3\envs\sklearn_rl\Lib\site-packages\sklearn\model_selection\_validation.py", line 859, in _fit_and_score
    estimator.fit(X_train, y_train, **fit_params)
  File "C:\Users\e_damas\anaconda3\envs\sklearn_rl\Lib\site-packages\sklearn\base.py", line 1365, in wrapper
    return fit_method(estimator, *args, **kwargs)
           ^^^^^^^^^^^^^^^^^^^^^^^^^^^^^^^^^^^^^^
  File "C:\Users\e_damas\anaconda3\envs\sklearn_rl\Lib\site-packages\sklearn\pipeline.py", line 663, in fit
    self._final_estimator.fit(Xt, y, **last_step_params["fit"])
  File "C:\Users\e_damas\anaconda3\envs\sklearn_rl\Lib\site-packages\sklearn\base.py", line 1358, in wrapper
    estimator._validate_params()
  File "C:\Users\e_damas\anaconda3\envs\sklearn_rl\Lib\site-packages\sklearn\base.py", line 471, in _validate_params
    validate_parameter_constraints(
  File "C:\Users\e_damas\anaconda3\envs\sklearn_rl\Lib\site-packages\sklearn\utils\_param_validation.py", line 98, in validate_parameter_constraints
    raise InvalidParameterError(
sklearn.utils._param_validation.InvalidParameterError: The 'solver' parameter of LogisticRegression must be a str among {'liblinear', 'newton-cg', 'saga', 'newton-cholesky', 'lbfgs', 'sag'}. Got 'sparse_cg' instead.


2025-09-10 11:51:28	EXCEPTION	Erro durante cross_val_score para o modelo LogisticRegression.	Traceback (most recent call last):
  File "D:\PROGRAMACAO\sklearn_rl\D_training\D1_training.py", line 133, in agent_training
    scores = cross_val_score(pipe, X_train, y_train, cv=3, scoring=scoring_metric)
             ^^^^^^^^^^^^^^^^^^^^^^^^^^^^^^^^^^^^^^^^^^^^^^^^^^^^^^^^^^^^^^^^^^^^^
  File "C:\Users\e_damas\anaconda3\envs\sklearn_rl\Lib\site-packages\sklearn\utils\_param_validation.py", line 218, in wrapper
    return func(*args, **kwargs)
           ^^^^^^^^^^^^^^^^^^^^^
  File "C:\Users\e_damas\anaconda3\envs\sklearn_rl\Lib\site-packages\sklearn\model_selection\_validation.py", line 677, in cross_val_score
    cv_results = cross_validate(
                 ^^^^^^^^^^^^^^^
  File "C:\Users\e_damas\anaconda3\envs\sklearn_rl\Lib\site-packages\sklearn\utils\_param_validation.py", line 218, in wrapper
    return func(*args, **kwargs)
           ^^^^^^^^^^^^^^^^^^^^^
  File "C:\Users\e_damas\anaconda3\envs\sklearn_rl\Lib\site-packages\sklearn\model_selection\_validation.py", line 419, in cross_validate
    _warn_or_raise_about_fit_failures(results, error_score)
  File "C:\Users\e_damas\anaconda3\envs\sklearn_rl\Lib\site-packages\sklearn\model_selection\_validation.py", line 505, in _warn_or_raise_about_fit_failures
    raise ValueError(all_fits_failed_message)
ValueError: 
All the 3 fits failed.
It is very likely that your model is misconfigured.
You can try to debug the error by setting error_score='raise'.

Below are more details about the failures:
--------------------------------------------------------------------------------
3 fits failed with the following error:
Traceback (most recent call last):
  File "C:\Users\e_damas\anaconda3\envs\sklearn_rl\Lib\site-packages\sklearn\model_selection\_validation.py", line 859, in _fit_and_score
    estimator.fit(X_train, y_train, **fit_params)
  File "C:\Users\e_damas\anaconda3\envs\sklearn_rl\Lib\site-packages\sklearn\base.py", line 1365, in wrapper
    return fit_method(estimator, *args, **kwargs)
           ^^^^^^^^^^^^^^^^^^^^^^^^^^^^^^^^^^^^^^
  File "C:\Users\e_damas\anaconda3\envs\sklearn_rl\Lib\site-packages\sklearn\pipeline.py", line 663, in fit
    self._final_estimator.fit(Xt, y, **last_step_params["fit"])
  File "C:\Users\e_damas\anaconda3\envs\sklearn_rl\Lib\site-packages\sklearn\base.py", line 1358, in wrapper
    estimator._validate_params()
  File "C:\Users\e_damas\anaconda3\envs\sklearn_rl\Lib\site-packages\sklearn\base.py", line 471, in _validate_params
    validate_parameter_constraints(
  File "C:\Users\e_damas\anaconda3\envs\sklearn_rl\Lib\site-packages\sklearn\utils\_param_validation.py", line 98, in validate_parameter_constraints
    raise InvalidParameterError(
sklearn.utils._param_validation.InvalidParameterError: The 'solver' parameter of LogisticRegression must be a str among {'liblinear', 'newton-cg', 'saga', 'newton-cholesky', 'lbfgs', 'sag'}. Got 'auto' instead.


2025-09-10 11:51:35	EXCEPTION	Erro durante cross_val_score para o modelo LogisticRegression.	Traceback (most recent call last):
  File "D:\PROGRAMACAO\sklearn_rl\D_training\D1_training.py", line 133, in agent_training
    scores = cross_val_score(pipe, X_train, y_train, cv=3, scoring=scoring_metric)
             ^^^^^^^^^^^^^^^^^^^^^^^^^^^^^^^^^^^^^^^^^^^^^^^^^^^^^^^^^^^^^^^^^^^^^
  File "C:\Users\e_damas\anaconda3\envs\sklearn_rl\Lib\site-packages\sklearn\utils\_param_validation.py", line 218, in wrapper
    return func(*args, **kwargs)
           ^^^^^^^^^^^^^^^^^^^^^
  File "C:\Users\e_damas\anaconda3\envs\sklearn_rl\Lib\site-packages\sklearn\model_selection\_validation.py", line 677, in cross_val_score
    cv_results = cross_validate(
                 ^^^^^^^^^^^^^^^
  File "C:\Users\e_damas\anaconda3\envs\sklearn_rl\Lib\site-packages\sklearn\utils\_param_validation.py", line 218, in wrapper
    return func(*args, **kwargs)
           ^^^^^^^^^^^^^^^^^^^^^
  File "C:\Users\e_damas\anaconda3\envs\sklearn_rl\Lib\site-packages\sklearn\model_selection\_validation.py", line 419, in cross_validate
    _warn_or_raise_about_fit_failures(results, error_score)
  File "C:\Users\e_damas\anaconda3\envs\sklearn_rl\Lib\site-packages\sklearn\model_selection\_validation.py", line 505, in _warn_or_raise_about_fit_failures
    raise ValueError(all_fits_failed_message)
ValueError: 
All the 3 fits failed.
It is very likely that your model is misconfigured.
You can try to debug the error by setting error_score='raise'.

Below are more details about the failures:
--------------------------------------------------------------------------------
3 fits failed with the following error:
Traceback (most recent call last):
  File "C:\Users\e_damas\anaconda3\envs\sklearn_rl\Lib\site-packages\sklearn\model_selection\_validation.py", line 859, in _fit_and_score
    estimator.fit(X_train, y_train, **fit_params)
  File "C:\Users\e_damas\anaconda3\envs\sklearn_rl\Lib\site-packages\sklearn\base.py", line 1365, in wrapper
    return fit_method(estimator, *args, **kwargs)
           ^^^^^^^^^^^^^^^^^^^^^^^^^^^^^^^^^^^^^^
  File "C:\Users\e_damas\anaconda3\envs\sklearn_rl\Lib\site-packages\sklearn\pipeline.py", line 663, in fit
    self._final_estimator.fit(Xt, y, **last_step_params["fit"])
  File "C:\Users\e_damas\anaconda3\envs\sklearn_rl\Lib\site-packages\sklearn\base.py", line 1358, in wrapper
    estimator._validate_params()
  File "C:\Users\e_damas\anaconda3\envs\sklearn_rl\Lib\site-packages\sklearn\base.py", line 471, in _validate_params
    validate_parameter_constraints(
  File "C:\Users\e_damas\anaconda3\envs\sklearn_rl\Lib\site-packages\sklearn\utils\_param_validation.py", line 98, in validate_parameter_constraints
    raise InvalidParameterError(
sklearn.utils._param_validation.InvalidParameterError: The 'solver' parameter of LogisticRegression must be a str among {'liblinear', 'newton-cg', 'saga', 'newton-cholesky', 'lbfgs', 'sag'}. Got 'sparse_cg' instead.


2025-09-10 11:52:17	EXCEPTION	Erro durante cross_val_score para o modelo LogisticRegression.	Traceback (most recent call last):
  File "D:\PROGRAMACAO\sklearn_rl\D_training\D1_training.py", line 133, in agent_training
    scores = cross_val_score(pipe, X_train, y_train, cv=3, scoring=scoring_metric)
             ^^^^^^^^^^^^^^^^^^^^^^^^^^^^^^^^^^^^^^^^^^^^^^^^^^^^^^^^^^^^^^^^^^^^^
  File "C:\Users\e_damas\anaconda3\envs\sklearn_rl\Lib\site-packages\sklearn\utils\_param_validation.py", line 218, in wrapper
    return func(*args, **kwargs)
           ^^^^^^^^^^^^^^^^^^^^^
  File "C:\Users\e_damas\anaconda3\envs\sklearn_rl\Lib\site-packages\sklearn\model_selection\_validation.py", line 677, in cross_val_score
    cv_results = cross_validate(
                 ^^^^^^^^^^^^^^^
  File "C:\Users\e_damas\anaconda3\envs\sklearn_rl\Lib\site-packages\sklearn\utils\_param_validation.py", line 218, in wrapper
    return func(*args, **kwargs)
           ^^^^^^^^^^^^^^^^^^^^^
  File "C:\Users\e_damas\anaconda3\envs\sklearn_rl\Lib\site-packages\sklearn\model_selection\_validation.py", line 419, in cross_validate
    _warn_or_raise_about_fit_failures(results, error_score)
  File "C:\Users\e_damas\anaconda3\envs\sklearn_rl\Lib\site-packages\sklearn\model_selection\_validation.py", line 505, in _warn_or_raise_about_fit_failures
    raise ValueError(all_fits_failed_message)
ValueError: 
All the 3 fits failed.
It is very likely that your model is misconfigured.
You can try to debug the error by setting error_score='raise'.

Below are more details about the failures:
--------------------------------------------------------------------------------
3 fits failed with the following error:
Traceback (most recent call last):
  File "C:\Users\e_damas\anaconda3\envs\sklearn_rl\Lib\site-packages\sklearn\model_selection\_validation.py", line 859, in _fit_and_score
    estimator.fit(X_train, y_train, **fit_params)
  File "C:\Users\e_damas\anaconda3\envs\sklearn_rl\Lib\site-packages\sklearn\base.py", line 1365, in wrapper
    return fit_method(estimator, *args, **kwargs)
           ^^^^^^^^^^^^^^^^^^^^^^^^^^^^^^^^^^^^^^
  File "C:\Users\e_damas\anaconda3\envs\sklearn_rl\Lib\site-packages\sklearn\pipeline.py", line 663, in fit
    self._final_estimator.fit(Xt, y, **last_step_params["fit"])
  File "C:\Users\e_damas\anaconda3\envs\sklearn_rl\Lib\site-packages\sklearn\base.py", line 1358, in wrapper
    estimator._validate_params()
  File "C:\Users\e_damas\anaconda3\envs\sklearn_rl\Lib\site-packages\sklearn\base.py", line 471, in _validate_params
    validate_parameter_constraints(
  File "C:\Users\e_damas\anaconda3\envs\sklearn_rl\Lib\site-packages\sklearn\utils\_param_validation.py", line 98, in validate_parameter_constraints
    raise InvalidParameterError(
sklearn.utils._param_validation.InvalidParameterError: The 'solver' parameter of LogisticRegression must be a str among {'liblinear', 'newton-cg', 'saga', 'newton-cholesky', 'lbfgs', 'sag'}. Got 'lsqr' instead.


2025-09-10 11:52:18	EXCEPTION	Erro durante cross_val_score para o modelo LogisticRegression.	Traceback (most recent call last):
  File "D:\PROGRAMACAO\sklearn_rl\D_training\D1_training.py", line 133, in agent_training
    scores = cross_val_score(pipe, X_train, y_train, cv=3, scoring=scoring_metric)
             ^^^^^^^^^^^^^^^^^^^^^^^^^^^^^^^^^^^^^^^^^^^^^^^^^^^^^^^^^^^^^^^^^^^^^
  File "C:\Users\e_damas\anaconda3\envs\sklearn_rl\Lib\site-packages\sklearn\utils\_param_validation.py", line 218, in wrapper
    return func(*args, **kwargs)
           ^^^^^^^^^^^^^^^^^^^^^
  File "C:\Users\e_damas\anaconda3\envs\sklearn_rl\Lib\site-packages\sklearn\model_selection\_validation.py", line 677, in cross_val_score
    cv_results = cross_validate(
                 ^^^^^^^^^^^^^^^
  File "C:\Users\e_damas\anaconda3\envs\sklearn_rl\Lib\site-packages\sklearn\utils\_param_validation.py", line 218, in wrapper
    return func(*args, **kwargs)
           ^^^^^^^^^^^^^^^^^^^^^
  File "C:\Users\e_damas\anaconda3\envs\sklearn_rl\Lib\site-packages\sklearn\model_selection\_validation.py", line 419, in cross_validate
    _warn_or_raise_about_fit_failures(results, error_score)
  File "C:\Users\e_damas\anaconda3\envs\sklearn_rl\Lib\site-packages\sklearn\model_selection\_validation.py", line 505, in _warn_or_raise_about_fit_failures
    raise ValueError(all_fits_failed_message)
ValueError: 
All the 3 fits failed.
It is very likely that your model is misconfigured.
You can try to debug the error by setting error_score='raise'.

Below are more details about the failures:
--------------------------------------------------------------------------------
3 fits failed with the following error:
Traceback (most recent call last):
  File "C:\Users\e_damas\anaconda3\envs\sklearn_rl\Lib\site-packages\sklearn\model_selection\_validation.py", line 859, in _fit_and_score
    estimator.fit(X_train, y_train, **fit_params)
  File "C:\Users\e_damas\anaconda3\envs\sklearn_rl\Lib\site-packages\sklearn\base.py", line 1365, in wrapper
    return fit_method(estimator, *args, **kwargs)
           ^^^^^^^^^^^^^^^^^^^^^^^^^^^^^^^^^^^^^^
  File "C:\Users\e_damas\anaconda3\envs\sklearn_rl\Lib\site-packages\sklearn\pipeline.py", line 663, in fit
    self._final_estimator.fit(Xt, y, **last_step_params["fit"])
  File "C:\Users\e_damas\anaconda3\envs\sklearn_rl\Lib\site-packages\sklearn\base.py", line 1365, in wrapper
    return fit_method(estimator, *args, **kwargs)
           ^^^^^^^^^^^^^^^^^^^^^^^^^^^^^^^^^^^^^^
  File "C:\Users\e_damas\anaconda3\envs\sklearn_rl\Lib\site-packages\sklearn\linear_model\_logistic.py", line 1218, in fit
    solver = _check_solver(self.solver, self.penalty, self.dual)
             ^^^^^^^^^^^^^^^^^^^^^^^^^^^^^^^^^^^^^^^^^^^^^^^^^^^
  File "C:\Users\e_damas\anaconda3\envs\sklearn_rl\Lib\site-packages\sklearn\linear_model\_logistic.py", line 64, in _check_solver
    raise ValueError(
ValueError: Solver sag supports only 'l2' or None penalties, got elasticnet penalty.


2025-09-10 11:52:18	EXCEPTION	Erro durante cross_val_score para o modelo LogisticRegression.	Traceback (most recent call last):
  File "D:\PROGRAMACAO\sklearn_rl\D_training\D1_training.py", line 133, in agent_training
    scores = cross_val_score(pipe, X_train, y_train, cv=3, scoring=scoring_metric)
             ^^^^^^^^^^^^^^^^^^^^^^^^^^^^^^^^^^^^^^^^^^^^^^^^^^^^^^^^^^^^^^^^^^^^^
  File "C:\Users\e_damas\anaconda3\envs\sklearn_rl\Lib\site-packages\sklearn\utils\_param_validation.py", line 218, in wrapper
    return func(*args, **kwargs)
           ^^^^^^^^^^^^^^^^^^^^^
  File "C:\Users\e_damas\anaconda3\envs\sklearn_rl\Lib\site-packages\sklearn\model_selection\_validation.py", line 677, in cross_val_score
    cv_results = cross_validate(
                 ^^^^^^^^^^^^^^^
  File "C:\Users\e_damas\anaconda3\envs\sklearn_rl\Lib\site-packages\sklearn\utils\_param_validation.py", line 218, in wrapper
    return func(*args, **kwargs)
           ^^^^^^^^^^^^^^^^^^^^^
  File "C:\Users\e_damas\anaconda3\envs\sklearn_rl\Lib\site-packages\sklearn\model_selection\_validation.py", line 419, in cross_validate
    _warn_or_raise_about_fit_failures(results, error_score)
  File "C:\Users\e_damas\anaconda3\envs\sklearn_rl\Lib\site-packages\sklearn\model_selection\_validation.py", line 505, in _warn_or_raise_about_fit_failures
    raise ValueError(all_fits_failed_message)
ValueError: 
All the 3 fits failed.
It is very likely that your model is misconfigured.
You can try to debug the error by setting error_score='raise'.

Below are more details about the failures:
--------------------------------------------------------------------------------
3 fits failed with the following error:
Traceback (most recent call last):
  File "C:\Users\e_damas\anaconda3\envs\sklearn_rl\Lib\site-packages\sklearn\model_selection\_validation.py", line 859, in _fit_and_score
    estimator.fit(X_train, y_train, **fit_params)
  File "C:\Users\e_damas\anaconda3\envs\sklearn_rl\Lib\site-packages\sklearn\base.py", line 1365, in wrapper
    return fit_method(estimator, *args, **kwargs)
           ^^^^^^^^^^^^^^^^^^^^^^^^^^^^^^^^^^^^^^
  File "C:\Users\e_damas\anaconda3\envs\sklearn_rl\Lib\site-packages\sklearn\pipeline.py", line 663, in fit
    self._final_estimator.fit(Xt, y, **last_step_params["fit"])
  File "C:\Users\e_damas\anaconda3\envs\sklearn_rl\Lib\site-packages\sklearn\base.py", line 1365, in wrapper
    return fit_method(estimator, *args, **kwargs)
           ^^^^^^^^^^^^^^^^^^^^^^^^^^^^^^^^^^^^^^
  File "C:\Users\e_damas\anaconda3\envs\sklearn_rl\Lib\site-packages\sklearn\linear_model\_logistic.py", line 1218, in fit
    solver = _check_solver(self.solver, self.penalty, self.dual)
             ^^^^^^^^^^^^^^^^^^^^^^^^^^^^^^^^^^^^^^^^^^^^^^^^^^^
  File "C:\Users\e_damas\anaconda3\envs\sklearn_rl\Lib\site-packages\sklearn\linear_model\_logistic.py", line 64, in _check_solver
    raise ValueError(
ValueError: Solver sag supports only 'l2' or None penalties, got elasticnet penalty.


2025-09-10 11:52:29	EXCEPTION	Erro durante cross_val_score para o modelo LogisticRegression.	Traceback (most recent call last):
  File "D:\PROGRAMACAO\sklearn_rl\D_training\D1_training.py", line 133, in agent_training
    scores = cross_val_score(pipe, X_train, y_train, cv=3, scoring=scoring_metric)
             ^^^^^^^^^^^^^^^^^^^^^^^^^^^^^^^^^^^^^^^^^^^^^^^^^^^^^^^^^^^^^^^^^^^^^
  File "C:\Users\e_damas\anaconda3\envs\sklearn_rl\Lib\site-packages\sklearn\utils\_param_validation.py", line 218, in wrapper
    return func(*args, **kwargs)
           ^^^^^^^^^^^^^^^^^^^^^
  File "C:\Users\e_damas\anaconda3\envs\sklearn_rl\Lib\site-packages\sklearn\model_selection\_validation.py", line 677, in cross_val_score
    cv_results = cross_validate(
                 ^^^^^^^^^^^^^^^
  File "C:\Users\e_damas\anaconda3\envs\sklearn_rl\Lib\site-packages\sklearn\utils\_param_validation.py", line 218, in wrapper
    return func(*args, **kwargs)
           ^^^^^^^^^^^^^^^^^^^^^
  File "C:\Users\e_damas\anaconda3\envs\sklearn_rl\Lib\site-packages\sklearn\model_selection\_validation.py", line 419, in cross_validate
    _warn_or_raise_about_fit_failures(results, error_score)
  File "C:\Users\e_damas\anaconda3\envs\sklearn_rl\Lib\site-packages\sklearn\model_selection\_validation.py", line 505, in _warn_or_raise_about_fit_failures
    raise ValueError(all_fits_failed_message)
ValueError: 
All the 3 fits failed.
It is very likely that your model is misconfigured.
You can try to debug the error by setting error_score='raise'.

Below are more details about the failures:
--------------------------------------------------------------------------------
3 fits failed with the following error:
Traceback (most recent call last):
  File "C:\Users\e_damas\anaconda3\envs\sklearn_rl\Lib\site-packages\sklearn\model_selection\_validation.py", line 859, in _fit_and_score
    estimator.fit(X_train, y_train, **fit_params)
  File "C:\Users\e_damas\anaconda3\envs\sklearn_rl\Lib\site-packages\sklearn\base.py", line 1365, in wrapper
    return fit_method(estimator, *args, **kwargs)
           ^^^^^^^^^^^^^^^^^^^^^^^^^^^^^^^^^^^^^^
  File "C:\Users\e_damas\anaconda3\envs\sklearn_rl\Lib\site-packages\sklearn\pipeline.py", line 663, in fit
    self._final_estimator.fit(Xt, y, **last_step_params["fit"])
  File "C:\Users\e_damas\anaconda3\envs\sklearn_rl\Lib\site-packages\sklearn\base.py", line 1358, in wrapper
    estimator._validate_params()
  File "C:\Users\e_damas\anaconda3\envs\sklearn_rl\Lib\site-packages\sklearn\base.py", line 471, in _validate_params
    validate_parameter_constraints(
  File "C:\Users\e_damas\anaconda3\envs\sklearn_rl\Lib\site-packages\sklearn\utils\_param_validation.py", line 98, in validate_parameter_constraints
    raise InvalidParameterError(
sklearn.utils._param_validation.InvalidParameterError: The 'solver' parameter of LogisticRegression must be a str among {'liblinear', 'newton-cg', 'saga', 'newton-cholesky', 'lbfgs', 'sag'}. Got 'lsqr' instead.


2025-09-10 11:52:30	EXCEPTION	Erro durante cross_val_score para o modelo LogisticRegression.	Traceback (most recent call last):
  File "D:\PROGRAMACAO\sklearn_rl\D_training\D1_training.py", line 133, in agent_training
    scores = cross_val_score(pipe, X_train, y_train, cv=3, scoring=scoring_metric)
             ^^^^^^^^^^^^^^^^^^^^^^^^^^^^^^^^^^^^^^^^^^^^^^^^^^^^^^^^^^^^^^^^^^^^^
  File "C:\Users\e_damas\anaconda3\envs\sklearn_rl\Lib\site-packages\sklearn\utils\_param_validation.py", line 218, in wrapper
    return func(*args, **kwargs)
           ^^^^^^^^^^^^^^^^^^^^^
  File "C:\Users\e_damas\anaconda3\envs\sklearn_rl\Lib\site-packages\sklearn\model_selection\_validation.py", line 677, in cross_val_score
    cv_results = cross_validate(
                 ^^^^^^^^^^^^^^^
  File "C:\Users\e_damas\anaconda3\envs\sklearn_rl\Lib\site-packages\sklearn\utils\_param_validation.py", line 218, in wrapper
    return func(*args, **kwargs)
           ^^^^^^^^^^^^^^^^^^^^^
  File "C:\Users\e_damas\anaconda3\envs\sklearn_rl\Lib\site-packages\sklearn\model_selection\_validation.py", line 419, in cross_validate
    _warn_or_raise_about_fit_failures(results, error_score)
  File "C:\Users\e_damas\anaconda3\envs\sklearn_rl\Lib\site-packages\sklearn\model_selection\_validation.py", line 505, in _warn_or_raise_about_fit_failures
    raise ValueError(all_fits_failed_message)
ValueError: 
All the 3 fits failed.
It is very likely that your model is misconfigured.
You can try to debug the error by setting error_score='raise'.

Below are more details about the failures:
--------------------------------------------------------------------------------
3 fits failed with the following error:
Traceback (most recent call last):
  File "C:\Users\e_damas\anaconda3\envs\sklearn_rl\Lib\site-packages\sklearn\model_selection\_validation.py", line 859, in _fit_and_score
    estimator.fit(X_train, y_train, **fit_params)
  File "C:\Users\e_damas\anaconda3\envs\sklearn_rl\Lib\site-packages\sklearn\base.py", line 1365, in wrapper
    return fit_method(estimator, *args, **kwargs)
           ^^^^^^^^^^^^^^^^^^^^^^^^^^^^^^^^^^^^^^
  File "C:\Users\e_damas\anaconda3\envs\sklearn_rl\Lib\site-packages\sklearn\pipeline.py", line 663, in fit
    self._final_estimator.fit(Xt, y, **last_step_params["fit"])
  File "C:\Users\e_damas\anaconda3\envs\sklearn_rl\Lib\site-packages\sklearn\base.py", line 1358, in wrapper
    estimator._validate_params()
  File "C:\Users\e_damas\anaconda3\envs\sklearn_rl\Lib\site-packages\sklearn\base.py", line 471, in _validate_params
    validate_parameter_constraints(
  File "C:\Users\e_damas\anaconda3\envs\sklearn_rl\Lib\site-packages\sklearn\utils\_param_validation.py", line 98, in validate_parameter_constraints
    raise InvalidParameterError(
sklearn.utils._param_validation.InvalidParameterError: The 'solver' parameter of LogisticRegression must be a str among {'liblinear', 'newton-cg', 'saga', 'newton-cholesky', 'lbfgs', 'sag'}. Got 'svd' instead.


2025-09-10 11:52:33	EXCEPTION	Erro durante cross_val_score para o modelo LogisticRegression.	Traceback (most recent call last):
  File "D:\PROGRAMACAO\sklearn_rl\D_training\D1_training.py", line 133, in agent_training
    scores = cross_val_score(pipe, X_train, y_train, cv=3, scoring=scoring_metric)
             ^^^^^^^^^^^^^^^^^^^^^^^^^^^^^^^^^^^^^^^^^^^^^^^^^^^^^^^^^^^^^^^^^^^^^
  File "C:\Users\e_damas\anaconda3\envs\sklearn_rl\Lib\site-packages\sklearn\utils\_param_validation.py", line 218, in wrapper
    return func(*args, **kwargs)
           ^^^^^^^^^^^^^^^^^^^^^
  File "C:\Users\e_damas\anaconda3\envs\sklearn_rl\Lib\site-packages\sklearn\model_selection\_validation.py", line 677, in cross_val_score
    cv_results = cross_validate(
                 ^^^^^^^^^^^^^^^
  File "C:\Users\e_damas\anaconda3\envs\sklearn_rl\Lib\site-packages\sklearn\utils\_param_validation.py", line 218, in wrapper
    return func(*args, **kwargs)
           ^^^^^^^^^^^^^^^^^^^^^
  File "C:\Users\e_damas\anaconda3\envs\sklearn_rl\Lib\site-packages\sklearn\model_selection\_validation.py", line 419, in cross_validate
    _warn_or_raise_about_fit_failures(results, error_score)
  File "C:\Users\e_damas\anaconda3\envs\sklearn_rl\Lib\site-packages\sklearn\model_selection\_validation.py", line 505, in _warn_or_raise_about_fit_failures
    raise ValueError(all_fits_failed_message)
ValueError: 
All the 3 fits failed.
It is very likely that your model is misconfigured.
You can try to debug the error by setting error_score='raise'.

Below are more details about the failures:
--------------------------------------------------------------------------------
3 fits failed with the following error:
Traceback (most recent call last):
  File "C:\Users\e_damas\anaconda3\envs\sklearn_rl\Lib\site-packages\sklearn\model_selection\_validation.py", line 859, in _fit_and_score
    estimator.fit(X_train, y_train, **fit_params)
  File "C:\Users\e_damas\anaconda3\envs\sklearn_rl\Lib\site-packages\sklearn\base.py", line 1365, in wrapper
    return fit_method(estimator, *args, **kwargs)
           ^^^^^^^^^^^^^^^^^^^^^^^^^^^^^^^^^^^^^^
  File "C:\Users\e_damas\anaconda3\envs\sklearn_rl\Lib\site-packages\sklearn\pipeline.py", line 663, in fit
    self._final_estimator.fit(Xt, y, **last_step_params["fit"])
  File "C:\Users\e_damas\anaconda3\envs\sklearn_rl\Lib\site-packages\sklearn\base.py", line 1358, in wrapper
    estimator._validate_params()
  File "C:\Users\e_damas\anaconda3\envs\sklearn_rl\Lib\site-packages\sklearn\base.py", line 471, in _validate_params
    validate_parameter_constraints(
  File "C:\Users\e_damas\anaconda3\envs\sklearn_rl\Lib\site-packages\sklearn\utils\_param_validation.py", line 98, in validate_parameter_constraints
    raise InvalidParameterError(
sklearn.utils._param_validation.InvalidParameterError: The 'solver' parameter of LogisticRegression must be a str among {'liblinear', 'newton-cg', 'saga', 'newton-cholesky', 'lbfgs', 'sag'}. Got 'svd' instead.


2025-09-10 11:52:33	EXCEPTION	Erro durante cross_val_score para o modelo LogisticRegression.	Traceback (most recent call last):
  File "D:\PROGRAMACAO\sklearn_rl\D_training\D1_training.py", line 133, in agent_training
    scores = cross_val_score(pipe, X_train, y_train, cv=3, scoring=scoring_metric)
             ^^^^^^^^^^^^^^^^^^^^^^^^^^^^^^^^^^^^^^^^^^^^^^^^^^^^^^^^^^^^^^^^^^^^^
  File "C:\Users\e_damas\anaconda3\envs\sklearn_rl\Lib\site-packages\sklearn\utils\_param_validation.py", line 218, in wrapper
    return func(*args, **kwargs)
           ^^^^^^^^^^^^^^^^^^^^^
  File "C:\Users\e_damas\anaconda3\envs\sklearn_rl\Lib\site-packages\sklearn\model_selection\_validation.py", line 677, in cross_val_score
    cv_results = cross_validate(
                 ^^^^^^^^^^^^^^^
  File "C:\Users\e_damas\anaconda3\envs\sklearn_rl\Lib\site-packages\sklearn\utils\_param_validation.py", line 218, in wrapper
    return func(*args, **kwargs)
           ^^^^^^^^^^^^^^^^^^^^^
  File "C:\Users\e_damas\anaconda3\envs\sklearn_rl\Lib\site-packages\sklearn\model_selection\_validation.py", line 419, in cross_validate
    _warn_or_raise_about_fit_failures(results, error_score)
  File "C:\Users\e_damas\anaconda3\envs\sklearn_rl\Lib\site-packages\sklearn\model_selection\_validation.py", line 505, in _warn_or_raise_about_fit_failures
    raise ValueError(all_fits_failed_message)
ValueError: 
All the 3 fits failed.
It is very likely that your model is misconfigured.
You can try to debug the error by setting error_score='raise'.

Below are more details about the failures:
--------------------------------------------------------------------------------
3 fits failed with the following error:
Traceback (most recent call last):
  File "C:\Users\e_damas\anaconda3\envs\sklearn_rl\Lib\site-packages\sklearn\model_selection\_validation.py", line 859, in _fit_and_score
    estimator.fit(X_train, y_train, **fit_params)
  File "C:\Users\e_damas\anaconda3\envs\sklearn_rl\Lib\site-packages\sklearn\base.py", line 1365, in wrapper
    return fit_method(estimator, *args, **kwargs)
           ^^^^^^^^^^^^^^^^^^^^^^^^^^^^^^^^^^^^^^
  File "C:\Users\e_damas\anaconda3\envs\sklearn_rl\Lib\site-packages\sklearn\pipeline.py", line 663, in fit
    self._final_estimator.fit(Xt, y, **last_step_params["fit"])
  File "C:\Users\e_damas\anaconda3\envs\sklearn_rl\Lib\site-packages\sklearn\base.py", line 1358, in wrapper
    estimator._validate_params()
  File "C:\Users\e_damas\anaconda3\envs\sklearn_rl\Lib\site-packages\sklearn\base.py", line 471, in _validate_params
    validate_parameter_constraints(
  File "C:\Users\e_damas\anaconda3\envs\sklearn_rl\Lib\site-packages\sklearn\utils\_param_validation.py", line 98, in validate_parameter_constraints
    raise InvalidParameterError(
sklearn.utils._param_validation.InvalidParameterError: The 'solver' parameter of LogisticRegression must be a str among {'liblinear', 'newton-cg', 'saga', 'newton-cholesky', 'lbfgs', 'sag'}. Got 'auto' instead.


2025-09-10 11:52:33	EXCEPTION	Erro durante cross_val_score para o modelo LogisticRegression.	Traceback (most recent call last):
  File "D:\PROGRAMACAO\sklearn_rl\D_training\D1_training.py", line 133, in agent_training
    scores = cross_val_score(pipe, X_train, y_train, cv=3, scoring=scoring_metric)
             ^^^^^^^^^^^^^^^^^^^^^^^^^^^^^^^^^^^^^^^^^^^^^^^^^^^^^^^^^^^^^^^^^^^^^
  File "C:\Users\e_damas\anaconda3\envs\sklearn_rl\Lib\site-packages\sklearn\utils\_param_validation.py", line 218, in wrapper
    return func(*args, **kwargs)
           ^^^^^^^^^^^^^^^^^^^^^
  File "C:\Users\e_damas\anaconda3\envs\sklearn_rl\Lib\site-packages\sklearn\model_selection\_validation.py", line 677, in cross_val_score
    cv_results = cross_validate(
                 ^^^^^^^^^^^^^^^
  File "C:\Users\e_damas\anaconda3\envs\sklearn_rl\Lib\site-packages\sklearn\utils\_param_validation.py", line 218, in wrapper
    return func(*args, **kwargs)
           ^^^^^^^^^^^^^^^^^^^^^
  File "C:\Users\e_damas\anaconda3\envs\sklearn_rl\Lib\site-packages\sklearn\model_selection\_validation.py", line 419, in cross_validate
    _warn_or_raise_about_fit_failures(results, error_score)
  File "C:\Users\e_damas\anaconda3\envs\sklearn_rl\Lib\site-packages\sklearn\model_selection\_validation.py", line 505, in _warn_or_raise_about_fit_failures
    raise ValueError(all_fits_failed_message)
ValueError: 
All the 3 fits failed.
It is very likely that your model is misconfigured.
You can try to debug the error by setting error_score='raise'.

Below are more details about the failures:
--------------------------------------------------------------------------------
3 fits failed with the following error:
Traceback (most recent call last):
  File "C:\Users\e_damas\anaconda3\envs\sklearn_rl\Lib\site-packages\sklearn\model_selection\_validation.py", line 859, in _fit_and_score
    estimator.fit(X_train, y_train, **fit_params)
  File "C:\Users\e_damas\anaconda3\envs\sklearn_rl\Lib\site-packages\sklearn\base.py", line 1365, in wrapper
    return fit_method(estimator, *args, **kwargs)
           ^^^^^^^^^^^^^^^^^^^^^^^^^^^^^^^^^^^^^^
  File "C:\Users\e_damas\anaconda3\envs\sklearn_rl\Lib\site-packages\sklearn\pipeline.py", line 663, in fit
    self._final_estimator.fit(Xt, y, **last_step_params["fit"])
  File "C:\Users\e_damas\anaconda3\envs\sklearn_rl\Lib\site-packages\sklearn\base.py", line 1358, in wrapper
    estimator._validate_params()
  File "C:\Users\e_damas\anaconda3\envs\sklearn_rl\Lib\site-packages\sklearn\base.py", line 471, in _validate_params
    validate_parameter_constraints(
  File "C:\Users\e_damas\anaconda3\envs\sklearn_rl\Lib\site-packages\sklearn\utils\_param_validation.py", line 98, in validate_parameter_constraints
    raise InvalidParameterError(
sklearn.utils._param_validation.InvalidParameterError: The 'solver' parameter of LogisticRegression must be a str among {'liblinear', 'newton-cg', 'saga', 'newton-cholesky', 'lbfgs', 'sag'}. Got 'sparse_cg' instead.


2025-09-10 11:53:09	EXCEPTION	Erro durante cross_val_score para o modelo LogisticRegression.	Traceback (most recent call last):
  File "D:\PROGRAMACAO\sklearn_rl\D_training\D1_training.py", line 133, in agent_training
    scores = cross_val_score(pipe, X_train, y_train, cv=3, scoring=scoring_metric)
             ^^^^^^^^^^^^^^^^^^^^^^^^^^^^^^^^^^^^^^^^^^^^^^^^^^^^^^^^^^^^^^^^^^^^^
  File "C:\Users\e_damas\anaconda3\envs\sklearn_rl\Lib\site-packages\sklearn\utils\_param_validation.py", line 218, in wrapper
    return func(*args, **kwargs)
           ^^^^^^^^^^^^^^^^^^^^^
  File "C:\Users\e_damas\anaconda3\envs\sklearn_rl\Lib\site-packages\sklearn\model_selection\_validation.py", line 677, in cross_val_score
    cv_results = cross_validate(
                 ^^^^^^^^^^^^^^^
  File "C:\Users\e_damas\anaconda3\envs\sklearn_rl\Lib\site-packages\sklearn\utils\_param_validation.py", line 218, in wrapper
    return func(*args, **kwargs)
           ^^^^^^^^^^^^^^^^^^^^^
  File "C:\Users\e_damas\anaconda3\envs\sklearn_rl\Lib\site-packages\sklearn\model_selection\_validation.py", line 419, in cross_validate
    _warn_or_raise_about_fit_failures(results, error_score)
  File "C:\Users\e_damas\anaconda3\envs\sklearn_rl\Lib\site-packages\sklearn\model_selection\_validation.py", line 505, in _warn_or_raise_about_fit_failures
    raise ValueError(all_fits_failed_message)
ValueError: 
All the 3 fits failed.
It is very likely that your model is misconfigured.
You can try to debug the error by setting error_score='raise'.

Below are more details about the failures:
--------------------------------------------------------------------------------
3 fits failed with the following error:
Traceback (most recent call last):
  File "C:\Users\e_damas\anaconda3\envs\sklearn_rl\Lib\site-packages\sklearn\model_selection\_validation.py", line 859, in _fit_and_score
    estimator.fit(X_train, y_train, **fit_params)
  File "C:\Users\e_damas\anaconda3\envs\sklearn_rl\Lib\site-packages\sklearn\base.py", line 1365, in wrapper
    return fit_method(estimator, *args, **kwargs)
           ^^^^^^^^^^^^^^^^^^^^^^^^^^^^^^^^^^^^^^
  File "C:\Users\e_damas\anaconda3\envs\sklearn_rl\Lib\site-packages\sklearn\pipeline.py", line 663, in fit
    self._final_estimator.fit(Xt, y, **last_step_params["fit"])
  File "C:\Users\e_damas\anaconda3\envs\sklearn_rl\Lib\site-packages\sklearn\base.py", line 1358, in wrapper
    estimator._validate_params()
  File "C:\Users\e_damas\anaconda3\envs\sklearn_rl\Lib\site-packages\sklearn\base.py", line 471, in _validate_params
    validate_parameter_constraints(
  File "C:\Users\e_damas\anaconda3\envs\sklearn_rl\Lib\site-packages\sklearn\utils\_param_validation.py", line 98, in validate_parameter_constraints
    raise InvalidParameterError(
sklearn.utils._param_validation.InvalidParameterError: The 'solver' parameter of LogisticRegression must be a str among {'liblinear', 'newton-cg', 'saga', 'newton-cholesky', 'lbfgs', 'sag'}. Got 'auto' instead.


2025-09-10 11:53:09	EXCEPTION	Erro durante cross_val_score para o modelo LogisticRegression.	Traceback (most recent call last):
  File "D:\PROGRAMACAO\sklearn_rl\D_training\D1_training.py", line 133, in agent_training
    scores = cross_val_score(pipe, X_train, y_train, cv=3, scoring=scoring_metric)
             ^^^^^^^^^^^^^^^^^^^^^^^^^^^^^^^^^^^^^^^^^^^^^^^^^^^^^^^^^^^^^^^^^^^^^
  File "C:\Users\e_damas\anaconda3\envs\sklearn_rl\Lib\site-packages\sklearn\utils\_param_validation.py", line 218, in wrapper
    return func(*args, **kwargs)
           ^^^^^^^^^^^^^^^^^^^^^
  File "C:\Users\e_damas\anaconda3\envs\sklearn_rl\Lib\site-packages\sklearn\model_selection\_validation.py", line 677, in cross_val_score
    cv_results = cross_validate(
                 ^^^^^^^^^^^^^^^
  File "C:\Users\e_damas\anaconda3\envs\sklearn_rl\Lib\site-packages\sklearn\utils\_param_validation.py", line 218, in wrapper
    return func(*args, **kwargs)
           ^^^^^^^^^^^^^^^^^^^^^
  File "C:\Users\e_damas\anaconda3\envs\sklearn_rl\Lib\site-packages\sklearn\model_selection\_validation.py", line 419, in cross_validate
    _warn_or_raise_about_fit_failures(results, error_score)
  File "C:\Users\e_damas\anaconda3\envs\sklearn_rl\Lib\site-packages\sklearn\model_selection\_validation.py", line 505, in _warn_or_raise_about_fit_failures
    raise ValueError(all_fits_failed_message)
ValueError: 
All the 3 fits failed.
It is very likely that your model is misconfigured.
You can try to debug the error by setting error_score='raise'.

Below are more details about the failures:
--------------------------------------------------------------------------------
3 fits failed with the following error:
Traceback (most recent call last):
  File "C:\Users\e_damas\anaconda3\envs\sklearn_rl\Lib\site-packages\sklearn\model_selection\_validation.py", line 859, in _fit_and_score
    estimator.fit(X_train, y_train, **fit_params)
  File "C:\Users\e_damas\anaconda3\envs\sklearn_rl\Lib\site-packages\sklearn\base.py", line 1365, in wrapper
    return fit_method(estimator, *args, **kwargs)
           ^^^^^^^^^^^^^^^^^^^^^^^^^^^^^^^^^^^^^^
  File "C:\Users\e_damas\anaconda3\envs\sklearn_rl\Lib\site-packages\sklearn\pipeline.py", line 663, in fit
    self._final_estimator.fit(Xt, y, **last_step_params["fit"])
  File "C:\Users\e_damas\anaconda3\envs\sklearn_rl\Lib\site-packages\sklearn\base.py", line 1358, in wrapper
    estimator._validate_params()
  File "C:\Users\e_damas\anaconda3\envs\sklearn_rl\Lib\site-packages\sklearn\base.py", line 471, in _validate_params
    validate_parameter_constraints(
  File "C:\Users\e_damas\anaconda3\envs\sklearn_rl\Lib\site-packages\sklearn\utils\_param_validation.py", line 98, in validate_parameter_constraints
    raise InvalidParameterError(
sklearn.utils._param_validation.InvalidParameterError: The 'solver' parameter of LogisticRegression must be a str among {'liblinear', 'newton-cg', 'saga', 'newton-cholesky', 'lbfgs', 'sag'}. Got 'auto' instead.


2025-09-10 11:53:09	EXCEPTION	Erro durante cross_val_score para o modelo LogisticRegression.	Traceback (most recent call last):
  File "D:\PROGRAMACAO\sklearn_rl\D_training\D1_training.py", line 133, in agent_training
    scores = cross_val_score(pipe, X_train, y_train, cv=3, scoring=scoring_metric)
             ^^^^^^^^^^^^^^^^^^^^^^^^^^^^^^^^^^^^^^^^^^^^^^^^^^^^^^^^^^^^^^^^^^^^^
  File "C:\Users\e_damas\anaconda3\envs\sklearn_rl\Lib\site-packages\sklearn\utils\_param_validation.py", line 218, in wrapper
    return func(*args, **kwargs)
           ^^^^^^^^^^^^^^^^^^^^^
  File "C:\Users\e_damas\anaconda3\envs\sklearn_rl\Lib\site-packages\sklearn\model_selection\_validation.py", line 677, in cross_val_score
    cv_results = cross_validate(
                 ^^^^^^^^^^^^^^^
  File "C:\Users\e_damas\anaconda3\envs\sklearn_rl\Lib\site-packages\sklearn\utils\_param_validation.py", line 218, in wrapper
    return func(*args, **kwargs)
           ^^^^^^^^^^^^^^^^^^^^^
  File "C:\Users\e_damas\anaconda3\envs\sklearn_rl\Lib\site-packages\sklearn\model_selection\_validation.py", line 419, in cross_validate
    _warn_or_raise_about_fit_failures(results, error_score)
  File "C:\Users\e_damas\anaconda3\envs\sklearn_rl\Lib\site-packages\sklearn\model_selection\_validation.py", line 505, in _warn_or_raise_about_fit_failures
    raise ValueError(all_fits_failed_message)
ValueError: 
All the 3 fits failed.
It is very likely that your model is misconfigured.
You can try to debug the error by setting error_score='raise'.

Below are more details about the failures:
--------------------------------------------------------------------------------
3 fits failed with the following error:
Traceback (most recent call last):
  File "C:\Users\e_damas\anaconda3\envs\sklearn_rl\Lib\site-packages\sklearn\model_selection\_validation.py", line 859, in _fit_and_score
    estimator.fit(X_train, y_train, **fit_params)
  File "C:\Users\e_damas\anaconda3\envs\sklearn_rl\Lib\site-packages\sklearn\base.py", line 1365, in wrapper
    return fit_method(estimator, *args, **kwargs)
           ^^^^^^^^^^^^^^^^^^^^^^^^^^^^^^^^^^^^^^
  File "C:\Users\e_damas\anaconda3\envs\sklearn_rl\Lib\site-packages\sklearn\pipeline.py", line 663, in fit
    self._final_estimator.fit(Xt, y, **last_step_params["fit"])
  File "C:\Users\e_damas\anaconda3\envs\sklearn_rl\Lib\site-packages\sklearn\base.py", line 1358, in wrapper
    estimator._validate_params()
  File "C:\Users\e_damas\anaconda3\envs\sklearn_rl\Lib\site-packages\sklearn\base.py", line 471, in _validate_params
    validate_parameter_constraints(
  File "C:\Users\e_damas\anaconda3\envs\sklearn_rl\Lib\site-packages\sklearn\utils\_param_validation.py", line 98, in validate_parameter_constraints
    raise InvalidParameterError(
sklearn.utils._param_validation.InvalidParameterError: The 'solver' parameter of LogisticRegression must be a str among {'liblinear', 'newton-cg', 'saga', 'newton-cholesky', 'lbfgs', 'sag'}. Got 'auto' instead.


2025-09-10 11:53:39	EXCEPTION	Erro durante cross_val_score para o modelo LogisticRegression.	Traceback (most recent call last):
  File "D:\PROGRAMACAO\sklearn_rl\D_training\D1_training.py", line 133, in agent_training
    scores = cross_val_score(pipe, X_train, y_train, cv=3, scoring=scoring_metric)
             ^^^^^^^^^^^^^^^^^^^^^^^^^^^^^^^^^^^^^^^^^^^^^^^^^^^^^^^^^^^^^^^^^^^^^
  File "C:\Users\e_damas\anaconda3\envs\sklearn_rl\Lib\site-packages\sklearn\utils\_param_validation.py", line 218, in wrapper
    return func(*args, **kwargs)
           ^^^^^^^^^^^^^^^^^^^^^
  File "C:\Users\e_damas\anaconda3\envs\sklearn_rl\Lib\site-packages\sklearn\model_selection\_validation.py", line 677, in cross_val_score
    cv_results = cross_validate(
                 ^^^^^^^^^^^^^^^
  File "C:\Users\e_damas\anaconda3\envs\sklearn_rl\Lib\site-packages\sklearn\utils\_param_validation.py", line 218, in wrapper
    return func(*args, **kwargs)
           ^^^^^^^^^^^^^^^^^^^^^
  File "C:\Users\e_damas\anaconda3\envs\sklearn_rl\Lib\site-packages\sklearn\model_selection\_validation.py", line 419, in cross_validate
    _warn_or_raise_about_fit_failures(results, error_score)
  File "C:\Users\e_damas\anaconda3\envs\sklearn_rl\Lib\site-packages\sklearn\model_selection\_validation.py", line 505, in _warn_or_raise_about_fit_failures
    raise ValueError(all_fits_failed_message)
ValueError: 
All the 3 fits failed.
It is very likely that your model is misconfigured.
You can try to debug the error by setting error_score='raise'.

Below are more details about the failures:
--------------------------------------------------------------------------------
3 fits failed with the following error:
Traceback (most recent call last):
  File "C:\Users\e_damas\anaconda3\envs\sklearn_rl\Lib\site-packages\sklearn\model_selection\_validation.py", line 859, in _fit_and_score
    estimator.fit(X_train, y_train, **fit_params)
  File "C:\Users\e_damas\anaconda3\envs\sklearn_rl\Lib\site-packages\sklearn\base.py", line 1365, in wrapper
    return fit_method(estimator, *args, **kwargs)
           ^^^^^^^^^^^^^^^^^^^^^^^^^^^^^^^^^^^^^^
  File "C:\Users\e_damas\anaconda3\envs\sklearn_rl\Lib\site-packages\sklearn\pipeline.py", line 663, in fit
    self._final_estimator.fit(Xt, y, **last_step_params["fit"])
  File "C:\Users\e_damas\anaconda3\envs\sklearn_rl\Lib\site-packages\sklearn\base.py", line 1365, in wrapper
    return fit_method(estimator, *args, **kwargs)
           ^^^^^^^^^^^^^^^^^^^^^^^^^^^^^^^^^^^^^^
  File "C:\Users\e_damas\anaconda3\envs\sklearn_rl\Lib\site-packages\sklearn\linear_model\_logistic.py", line 1218, in fit
    solver = _check_solver(self.solver, self.penalty, self.dual)
             ^^^^^^^^^^^^^^^^^^^^^^^^^^^^^^^^^^^^^^^^^^^^^^^^^^^
  File "C:\Users\e_damas\anaconda3\envs\sklearn_rl\Lib\site-packages\sklearn\linear_model\_logistic.py", line 64, in _check_solver
    raise ValueError(
ValueError: Solver lbfgs supports only 'l2' or None penalties, got l1 penalty.


2025-09-10 11:53:51	EXCEPTION	Erro durante cross_val_score para o modelo LogisticRegression.	Traceback (most recent call last):
  File "D:\PROGRAMACAO\sklearn_rl\D_training\D1_training.py", line 133, in agent_training
    scores = cross_val_score(pipe, X_train, y_train, cv=3, scoring=scoring_metric)
             ^^^^^^^^^^^^^^^^^^^^^^^^^^^^^^^^^^^^^^^^^^^^^^^^^^^^^^^^^^^^^^^^^^^^^
  File "C:\Users\e_damas\anaconda3\envs\sklearn_rl\Lib\site-packages\sklearn\utils\_param_validation.py", line 218, in wrapper
    return func(*args, **kwargs)
           ^^^^^^^^^^^^^^^^^^^^^
  File "C:\Users\e_damas\anaconda3\envs\sklearn_rl\Lib\site-packages\sklearn\model_selection\_validation.py", line 677, in cross_val_score
    cv_results = cross_validate(
                 ^^^^^^^^^^^^^^^
  File "C:\Users\e_damas\anaconda3\envs\sklearn_rl\Lib\site-packages\sklearn\utils\_param_validation.py", line 218, in wrapper
    return func(*args, **kwargs)
           ^^^^^^^^^^^^^^^^^^^^^
  File "C:\Users\e_damas\anaconda3\envs\sklearn_rl\Lib\site-packages\sklearn\model_selection\_validation.py", line 419, in cross_validate
    _warn_or_raise_about_fit_failures(results, error_score)
  File "C:\Users\e_damas\anaconda3\envs\sklearn_rl\Lib\site-packages\sklearn\model_selection\_validation.py", line 505, in _warn_or_raise_about_fit_failures
    raise ValueError(all_fits_failed_message)
ValueError: 
All the 3 fits failed.
It is very likely that your model is misconfigured.
You can try to debug the error by setting error_score='raise'.

Below are more details about the failures:
--------------------------------------------------------------------------------
3 fits failed with the following error:
Traceback (most recent call last):
  File "C:\Users\e_damas\anaconda3\envs\sklearn_rl\Lib\site-packages\sklearn\model_selection\_validation.py", line 859, in _fit_and_score
    estimator.fit(X_train, y_train, **fit_params)
  File "C:\Users\e_damas\anaconda3\envs\sklearn_rl\Lib\site-packages\sklearn\base.py", line 1365, in wrapper
    return fit_method(estimator, *args, **kwargs)
           ^^^^^^^^^^^^^^^^^^^^^^^^^^^^^^^^^^^^^^
  File "C:\Users\e_damas\anaconda3\envs\sklearn_rl\Lib\site-packages\sklearn\pipeline.py", line 663, in fit
    self._final_estimator.fit(Xt, y, **last_step_params["fit"])
  File "C:\Users\e_damas\anaconda3\envs\sklearn_rl\Lib\site-packages\sklearn\base.py", line 1358, in wrapper
    estimator._validate_params()
  File "C:\Users\e_damas\anaconda3\envs\sklearn_rl\Lib\site-packages\sklearn\base.py", line 471, in _validate_params
    validate_parameter_constraints(
  File "C:\Users\e_damas\anaconda3\envs\sklearn_rl\Lib\site-packages\sklearn\utils\_param_validation.py", line 98, in validate_parameter_constraints
    raise InvalidParameterError(
sklearn.utils._param_validation.InvalidParameterError: The 'solver' parameter of LogisticRegression must be a str among {'liblinear', 'newton-cg', 'saga', 'newton-cholesky', 'lbfgs', 'sag'}. Got 'auto' instead.


2025-09-10 11:54:08	EXCEPTION	Erro durante cross_val_score para o modelo LogisticRegression.	Traceback (most recent call last):
  File "D:\PROGRAMACAO\sklearn_rl\D_training\D1_training.py", line 133, in agent_training
    scores = cross_val_score(pipe, X_train, y_train, cv=3, scoring=scoring_metric)
             ^^^^^^^^^^^^^^^^^^^^^^^^^^^^^^^^^^^^^^^^^^^^^^^^^^^^^^^^^^^^^^^^^^^^^
  File "C:\Users\e_damas\anaconda3\envs\sklearn_rl\Lib\site-packages\sklearn\utils\_param_validation.py", line 218, in wrapper
    return func(*args, **kwargs)
           ^^^^^^^^^^^^^^^^^^^^^
  File "C:\Users\e_damas\anaconda3\envs\sklearn_rl\Lib\site-packages\sklearn\model_selection\_validation.py", line 677, in cross_val_score
    cv_results = cross_validate(
                 ^^^^^^^^^^^^^^^
  File "C:\Users\e_damas\anaconda3\envs\sklearn_rl\Lib\site-packages\sklearn\utils\_param_validation.py", line 218, in wrapper
    return func(*args, **kwargs)
           ^^^^^^^^^^^^^^^^^^^^^
  File "C:\Users\e_damas\anaconda3\envs\sklearn_rl\Lib\site-packages\sklearn\model_selection\_validation.py", line 419, in cross_validate
    _warn_or_raise_about_fit_failures(results, error_score)
  File "C:\Users\e_damas\anaconda3\envs\sklearn_rl\Lib\site-packages\sklearn\model_selection\_validation.py", line 505, in _warn_or_raise_about_fit_failures
    raise ValueError(all_fits_failed_message)
ValueError: 
All the 3 fits failed.
It is very likely that your model is misconfigured.
You can try to debug the error by setting error_score='raise'.

Below are more details about the failures:
--------------------------------------------------------------------------------
3 fits failed with the following error:
Traceback (most recent call last):
  File "C:\Users\e_damas\anaconda3\envs\sklearn_rl\Lib\site-packages\sklearn\model_selection\_validation.py", line 859, in _fit_and_score
    estimator.fit(X_train, y_train, **fit_params)
  File "C:\Users\e_damas\anaconda3\envs\sklearn_rl\Lib\site-packages\sklearn\base.py", line 1365, in wrapper
    return fit_method(estimator, *args, **kwargs)
           ^^^^^^^^^^^^^^^^^^^^^^^^^^^^^^^^^^^^^^
  File "C:\Users\e_damas\anaconda3\envs\sklearn_rl\Lib\site-packages\sklearn\pipeline.py", line 663, in fit
    self._final_estimator.fit(Xt, y, **last_step_params["fit"])
  File "C:\Users\e_damas\anaconda3\envs\sklearn_rl\Lib\site-packages\sklearn\base.py", line 1365, in wrapper
    return fit_method(estimator, *args, **kwargs)
           ^^^^^^^^^^^^^^^^^^^^^^^^^^^^^^^^^^^^^^
  File "C:\Users\e_damas\anaconda3\envs\sklearn_rl\Lib\site-packages\sklearn\linear_model\_logistic.py", line 1218, in fit
    solver = _check_solver(self.solver, self.penalty, self.dual)
             ^^^^^^^^^^^^^^^^^^^^^^^^^^^^^^^^^^^^^^^^^^^^^^^^^^^
  File "C:\Users\e_damas\anaconda3\envs\sklearn_rl\Lib\site-packages\sklearn\linear_model\_logistic.py", line 64, in _check_solver
    raise ValueError(
ValueError: Solver sag supports only 'l2' or None penalties, got l1 penalty.


2025-09-10 11:54:55	EXCEPTION	Erro durante cross_val_score para o modelo LogisticRegression.	Traceback (most recent call last):
  File "D:\PROGRAMACAO\sklearn_rl\D_training\D1_training.py", line 133, in agent_training
    scores = cross_val_score(pipe, X_train, y_train, cv=3, scoring=scoring_metric)
             ^^^^^^^^^^^^^^^^^^^^^^^^^^^^^^^^^^^^^^^^^^^^^^^^^^^^^^^^^^^^^^^^^^^^^
  File "C:\Users\e_damas\anaconda3\envs\sklearn_rl\Lib\site-packages\sklearn\utils\_param_validation.py", line 218, in wrapper
    return func(*args, **kwargs)
           ^^^^^^^^^^^^^^^^^^^^^
  File "C:\Users\e_damas\anaconda3\envs\sklearn_rl\Lib\site-packages\sklearn\model_selection\_validation.py", line 677, in cross_val_score
    cv_results = cross_validate(
                 ^^^^^^^^^^^^^^^
  File "C:\Users\e_damas\anaconda3\envs\sklearn_rl\Lib\site-packages\sklearn\utils\_param_validation.py", line 218, in wrapper
    return func(*args, **kwargs)
           ^^^^^^^^^^^^^^^^^^^^^
  File "C:\Users\e_damas\anaconda3\envs\sklearn_rl\Lib\site-packages\sklearn\model_selection\_validation.py", line 419, in cross_validate
    _warn_or_raise_about_fit_failures(results, error_score)
  File "C:\Users\e_damas\anaconda3\envs\sklearn_rl\Lib\site-packages\sklearn\model_selection\_validation.py", line 505, in _warn_or_raise_about_fit_failures
    raise ValueError(all_fits_failed_message)
ValueError: 
All the 3 fits failed.
It is very likely that your model is misconfigured.
You can try to debug the error by setting error_score='raise'.

Below are more details about the failures:
--------------------------------------------------------------------------------
3 fits failed with the following error:
Traceback (most recent call last):
  File "C:\Users\e_damas\anaconda3\envs\sklearn_rl\Lib\site-packages\sklearn\model_selection\_validation.py", line 859, in _fit_and_score
    estimator.fit(X_train, y_train, **fit_params)
  File "C:\Users\e_damas\anaconda3\envs\sklearn_rl\Lib\site-packages\sklearn\base.py", line 1365, in wrapper
    return fit_method(estimator, *args, **kwargs)
           ^^^^^^^^^^^^^^^^^^^^^^^^^^^^^^^^^^^^^^
  File "C:\Users\e_damas\anaconda3\envs\sklearn_rl\Lib\site-packages\sklearn\pipeline.py", line 663, in fit
    self._final_estimator.fit(Xt, y, **last_step_params["fit"])
  File "C:\Users\e_damas\anaconda3\envs\sklearn_rl\Lib\site-packages\sklearn\base.py", line 1358, in wrapper
    estimator._validate_params()
  File "C:\Users\e_damas\anaconda3\envs\sklearn_rl\Lib\site-packages\sklearn\base.py", line 471, in _validate_params
    validate_parameter_constraints(
  File "C:\Users\e_damas\anaconda3\envs\sklearn_rl\Lib\site-packages\sklearn\utils\_param_validation.py", line 98, in validate_parameter_constraints
    raise InvalidParameterError(
sklearn.utils._param_validation.InvalidParameterError: The 'solver' parameter of LogisticRegression must be a str among {'liblinear', 'newton-cg', 'saga', 'newton-cholesky', 'lbfgs', 'sag'}. Got 'sparse_cg' instead.


2025-09-10 11:54:55	EXCEPTION	Erro durante cross_val_score para o modelo LogisticRegression.	Traceback (most recent call last):
  File "D:\PROGRAMACAO\sklearn_rl\D_training\D1_training.py", line 133, in agent_training
    scores = cross_val_score(pipe, X_train, y_train, cv=3, scoring=scoring_metric)
             ^^^^^^^^^^^^^^^^^^^^^^^^^^^^^^^^^^^^^^^^^^^^^^^^^^^^^^^^^^^^^^^^^^^^^
  File "C:\Users\e_damas\anaconda3\envs\sklearn_rl\Lib\site-packages\sklearn\utils\_param_validation.py", line 218, in wrapper
    return func(*args, **kwargs)
           ^^^^^^^^^^^^^^^^^^^^^
  File "C:\Users\e_damas\anaconda3\envs\sklearn_rl\Lib\site-packages\sklearn\model_selection\_validation.py", line 677, in cross_val_score
    cv_results = cross_validate(
                 ^^^^^^^^^^^^^^^
  File "C:\Users\e_damas\anaconda3\envs\sklearn_rl\Lib\site-packages\sklearn\utils\_param_validation.py", line 218, in wrapper
    return func(*args, **kwargs)
           ^^^^^^^^^^^^^^^^^^^^^
  File "C:\Users\e_damas\anaconda3\envs\sklearn_rl\Lib\site-packages\sklearn\model_selection\_validation.py", line 419, in cross_validate
    _warn_or_raise_about_fit_failures(results, error_score)
  File "C:\Users\e_damas\anaconda3\envs\sklearn_rl\Lib\site-packages\sklearn\model_selection\_validation.py", line 505, in _warn_or_raise_about_fit_failures
    raise ValueError(all_fits_failed_message)
ValueError: 
All the 3 fits failed.
It is very likely that your model is misconfigured.
You can try to debug the error by setting error_score='raise'.

Below are more details about the failures:
--------------------------------------------------------------------------------
3 fits failed with the following error:
Traceback (most recent call last):
  File "C:\Users\e_damas\anaconda3\envs\sklearn_rl\Lib\site-packages\sklearn\model_selection\_validation.py", line 859, in _fit_and_score
    estimator.fit(X_train, y_train, **fit_params)
  File "C:\Users\e_damas\anaconda3\envs\sklearn_rl\Lib\site-packages\sklearn\base.py", line 1365, in wrapper
    return fit_method(estimator, *args, **kwargs)
           ^^^^^^^^^^^^^^^^^^^^^^^^^^^^^^^^^^^^^^
  File "C:\Users\e_damas\anaconda3\envs\sklearn_rl\Lib\site-packages\sklearn\pipeline.py", line 663, in fit
    self._final_estimator.fit(Xt, y, **last_step_params["fit"])
  File "C:\Users\e_damas\anaconda3\envs\sklearn_rl\Lib\site-packages\sklearn\base.py", line 1365, in wrapper
    return fit_method(estimator, *args, **kwargs)
           ^^^^^^^^^^^^^^^^^^^^^^^^^^^^^^^^^^^^^^
  File "C:\Users\e_damas\anaconda3\envs\sklearn_rl\Lib\site-packages\sklearn\linear_model\_logistic.py", line 1218, in fit
    solver = _check_solver(self.solver, self.penalty, self.dual)
             ^^^^^^^^^^^^^^^^^^^^^^^^^^^^^^^^^^^^^^^^^^^^^^^^^^^
  File "C:\Users\e_damas\anaconda3\envs\sklearn_rl\Lib\site-packages\sklearn\linear_model\_logistic.py", line 64, in _check_solver
    raise ValueError(
ValueError: Solver lbfgs supports only 'l2' or None penalties, got elasticnet penalty.


2025-09-10 11:55:19	EXCEPTION	Erro durante cross_val_score para o modelo LogisticRegression.	Traceback (most recent call last):
  File "D:\PROGRAMACAO\sklearn_rl\D_training\D1_training.py", line 133, in agent_training
    scores = cross_val_score(pipe, X_train, y_train, cv=3, scoring=scoring_metric)
             ^^^^^^^^^^^^^^^^^^^^^^^^^^^^^^^^^^^^^^^^^^^^^^^^^^^^^^^^^^^^^^^^^^^^^
  File "C:\Users\e_damas\anaconda3\envs\sklearn_rl\Lib\site-packages\sklearn\utils\_param_validation.py", line 218, in wrapper
    return func(*args, **kwargs)
           ^^^^^^^^^^^^^^^^^^^^^
  File "C:\Users\e_damas\anaconda3\envs\sklearn_rl\Lib\site-packages\sklearn\model_selection\_validation.py", line 677, in cross_val_score
    cv_results = cross_validate(
                 ^^^^^^^^^^^^^^^
  File "C:\Users\e_damas\anaconda3\envs\sklearn_rl\Lib\site-packages\sklearn\utils\_param_validation.py", line 218, in wrapper
    return func(*args, **kwargs)
           ^^^^^^^^^^^^^^^^^^^^^
  File "C:\Users\e_damas\anaconda3\envs\sklearn_rl\Lib\site-packages\sklearn\model_selection\_validation.py", line 419, in cross_validate
    _warn_or_raise_about_fit_failures(results, error_score)
  File "C:\Users\e_damas\anaconda3\envs\sklearn_rl\Lib\site-packages\sklearn\model_selection\_validation.py", line 505, in _warn_or_raise_about_fit_failures
    raise ValueError(all_fits_failed_message)
ValueError: 
All the 3 fits failed.
It is very likely that your model is misconfigured.
You can try to debug the error by setting error_score='raise'.

Below are more details about the failures:
--------------------------------------------------------------------------------
3 fits failed with the following error:
Traceback (most recent call last):
  File "C:\Users\e_damas\anaconda3\envs\sklearn_rl\Lib\site-packages\sklearn\model_selection\_validation.py", line 859, in _fit_and_score
    estimator.fit(X_train, y_train, **fit_params)
  File "C:\Users\e_damas\anaconda3\envs\sklearn_rl\Lib\site-packages\sklearn\base.py", line 1365, in wrapper
    return fit_method(estimator, *args, **kwargs)
           ^^^^^^^^^^^^^^^^^^^^^^^^^^^^^^^^^^^^^^
  File "C:\Users\e_damas\anaconda3\envs\sklearn_rl\Lib\site-packages\sklearn\pipeline.py", line 663, in fit
    self._final_estimator.fit(Xt, y, **last_step_params["fit"])
  File "C:\Users\e_damas\anaconda3\envs\sklearn_rl\Lib\site-packages\sklearn\base.py", line 1358, in wrapper
    estimator._validate_params()
  File "C:\Users\e_damas\anaconda3\envs\sklearn_rl\Lib\site-packages\sklearn\base.py", line 471, in _validate_params
    validate_parameter_constraints(
  File "C:\Users\e_damas\anaconda3\envs\sklearn_rl\Lib\site-packages\sklearn\utils\_param_validation.py", line 98, in validate_parameter_constraints
    raise InvalidParameterError(
sklearn.utils._param_validation.InvalidParameterError: The 'solver' parameter of LogisticRegression must be a str among {'liblinear', 'newton-cg', 'saga', 'newton-cholesky', 'lbfgs', 'sag'}. Got 'cholesky' instead.


2025-09-10 11:55:19	EXCEPTION	Erro durante cross_val_score para o modelo LogisticRegression.	Traceback (most recent call last):
  File "D:\PROGRAMACAO\sklearn_rl\D_training\D1_training.py", line 133, in agent_training
    scores = cross_val_score(pipe, X_train, y_train, cv=3, scoring=scoring_metric)
             ^^^^^^^^^^^^^^^^^^^^^^^^^^^^^^^^^^^^^^^^^^^^^^^^^^^^^^^^^^^^^^^^^^^^^
  File "C:\Users\e_damas\anaconda3\envs\sklearn_rl\Lib\site-packages\sklearn\utils\_param_validation.py", line 218, in wrapper
    return func(*args, **kwargs)
           ^^^^^^^^^^^^^^^^^^^^^
  File "C:\Users\e_damas\anaconda3\envs\sklearn_rl\Lib\site-packages\sklearn\model_selection\_validation.py", line 677, in cross_val_score
    cv_results = cross_validate(
                 ^^^^^^^^^^^^^^^
  File "C:\Users\e_damas\anaconda3\envs\sklearn_rl\Lib\site-packages\sklearn\utils\_param_validation.py", line 218, in wrapper
    return func(*args, **kwargs)
           ^^^^^^^^^^^^^^^^^^^^^
  File "C:\Users\e_damas\anaconda3\envs\sklearn_rl\Lib\site-packages\sklearn\model_selection\_validation.py", line 419, in cross_validate
    _warn_or_raise_about_fit_failures(results, error_score)
  File "C:\Users\e_damas\anaconda3\envs\sklearn_rl\Lib\site-packages\sklearn\model_selection\_validation.py", line 505, in _warn_or_raise_about_fit_failures
    raise ValueError(all_fits_failed_message)
ValueError: 
All the 3 fits failed.
It is very likely that your model is misconfigured.
You can try to debug the error by setting error_score='raise'.

Below are more details about the failures:
--------------------------------------------------------------------------------
3 fits failed with the following error:
Traceback (most recent call last):
  File "C:\Users\e_damas\anaconda3\envs\sklearn_rl\Lib\site-packages\sklearn\model_selection\_validation.py", line 859, in _fit_and_score
    estimator.fit(X_train, y_train, **fit_params)
  File "C:\Users\e_damas\anaconda3\envs\sklearn_rl\Lib\site-packages\sklearn\base.py", line 1365, in wrapper
    return fit_method(estimator, *args, **kwargs)
           ^^^^^^^^^^^^^^^^^^^^^^^^^^^^^^^^^^^^^^
  File "C:\Users\e_damas\anaconda3\envs\sklearn_rl\Lib\site-packages\sklearn\pipeline.py", line 663, in fit
    self._final_estimator.fit(Xt, y, **last_step_params["fit"])
  File "C:\Users\e_damas\anaconda3\envs\sklearn_rl\Lib\site-packages\sklearn\base.py", line 1358, in wrapper
    estimator._validate_params()
  File "C:\Users\e_damas\anaconda3\envs\sklearn_rl\Lib\site-packages\sklearn\base.py", line 471, in _validate_params
    validate_parameter_constraints(
  File "C:\Users\e_damas\anaconda3\envs\sklearn_rl\Lib\site-packages\sklearn\utils\_param_validation.py", line 98, in validate_parameter_constraints
    raise InvalidParameterError(
sklearn.utils._param_validation.InvalidParameterError: The 'solver' parameter of LogisticRegression must be a str among {'liblinear', 'newton-cg', 'saga', 'newton-cholesky', 'lbfgs', 'sag'}. Got 'svd' instead.


2025-09-10 11:55:19	EXCEPTION	Erro durante cross_val_score para o modelo LogisticRegression.	Traceback (most recent call last):
  File "D:\PROGRAMACAO\sklearn_rl\D_training\D1_training.py", line 133, in agent_training
    scores = cross_val_score(pipe, X_train, y_train, cv=3, scoring=scoring_metric)
             ^^^^^^^^^^^^^^^^^^^^^^^^^^^^^^^^^^^^^^^^^^^^^^^^^^^^^^^^^^^^^^^^^^^^^
  File "C:\Users\e_damas\anaconda3\envs\sklearn_rl\Lib\site-packages\sklearn\utils\_param_validation.py", line 218, in wrapper
    return func(*args, **kwargs)
           ^^^^^^^^^^^^^^^^^^^^^
  File "C:\Users\e_damas\anaconda3\envs\sklearn_rl\Lib\site-packages\sklearn\model_selection\_validation.py", line 677, in cross_val_score
    cv_results = cross_validate(
                 ^^^^^^^^^^^^^^^
  File "C:\Users\e_damas\anaconda3\envs\sklearn_rl\Lib\site-packages\sklearn\utils\_param_validation.py", line 218, in wrapper
    return func(*args, **kwargs)
           ^^^^^^^^^^^^^^^^^^^^^
  File "C:\Users\e_damas\anaconda3\envs\sklearn_rl\Lib\site-packages\sklearn\model_selection\_validation.py", line 419, in cross_validate
    _warn_or_raise_about_fit_failures(results, error_score)
  File "C:\Users\e_damas\anaconda3\envs\sklearn_rl\Lib\site-packages\sklearn\model_selection\_validation.py", line 505, in _warn_or_raise_about_fit_failures
    raise ValueError(all_fits_failed_message)
ValueError: 
All the 3 fits failed.
It is very likely that your model is misconfigured.
You can try to debug the error by setting error_score='raise'.

Below are more details about the failures:
--------------------------------------------------------------------------------
3 fits failed with the following error:
Traceback (most recent call last):
  File "C:\Users\e_damas\anaconda3\envs\sklearn_rl\Lib\site-packages\sklearn\model_selection\_validation.py", line 859, in _fit_and_score
    estimator.fit(X_train, y_train, **fit_params)
  File "C:\Users\e_damas\anaconda3\envs\sklearn_rl\Lib\site-packages\sklearn\base.py", line 1365, in wrapper
    return fit_method(estimator, *args, **kwargs)
           ^^^^^^^^^^^^^^^^^^^^^^^^^^^^^^^^^^^^^^
  File "C:\Users\e_damas\anaconda3\envs\sklearn_rl\Lib\site-packages\sklearn\pipeline.py", line 663, in fit
    self._final_estimator.fit(Xt, y, **last_step_params["fit"])
  File "C:\Users\e_damas\anaconda3\envs\sklearn_rl\Lib\site-packages\sklearn\base.py", line 1358, in wrapper
    estimator._validate_params()
  File "C:\Users\e_damas\anaconda3\envs\sklearn_rl\Lib\site-packages\sklearn\base.py", line 471, in _validate_params
    validate_parameter_constraints(
  File "C:\Users\e_damas\anaconda3\envs\sklearn_rl\Lib\site-packages\sklearn\utils\_param_validation.py", line 98, in validate_parameter_constraints
    raise InvalidParameterError(
sklearn.utils._param_validation.InvalidParameterError: The 'solver' parameter of LogisticRegression must be a str among {'liblinear', 'newton-cg', 'saga', 'newton-cholesky', 'lbfgs', 'sag'}. Got 'auto' instead.


2025-09-10 11:55:29	EXCEPTION	Erro durante cross_val_score para o modelo LogisticRegression.	Traceback (most recent call last):
  File "D:\PROGRAMACAO\sklearn_rl\D_training\D1_training.py", line 133, in agent_training
    scores = cross_val_score(pipe, X_train, y_train, cv=3, scoring=scoring_metric)
             ^^^^^^^^^^^^^^^^^^^^^^^^^^^^^^^^^^^^^^^^^^^^^^^^^^^^^^^^^^^^^^^^^^^^^
  File "C:\Users\e_damas\anaconda3\envs\sklearn_rl\Lib\site-packages\sklearn\utils\_param_validation.py", line 218, in wrapper
    return func(*args, **kwargs)
           ^^^^^^^^^^^^^^^^^^^^^
  File "C:\Users\e_damas\anaconda3\envs\sklearn_rl\Lib\site-packages\sklearn\model_selection\_validation.py", line 677, in cross_val_score
    cv_results = cross_validate(
                 ^^^^^^^^^^^^^^^
  File "C:\Users\e_damas\anaconda3\envs\sklearn_rl\Lib\site-packages\sklearn\utils\_param_validation.py", line 218, in wrapper
    return func(*args, **kwargs)
           ^^^^^^^^^^^^^^^^^^^^^
  File "C:\Users\e_damas\anaconda3\envs\sklearn_rl\Lib\site-packages\sklearn\model_selection\_validation.py", line 419, in cross_validate
    _warn_or_raise_about_fit_failures(results, error_score)
  File "C:\Users\e_damas\anaconda3\envs\sklearn_rl\Lib\site-packages\sklearn\model_selection\_validation.py", line 505, in _warn_or_raise_about_fit_failures
    raise ValueError(all_fits_failed_message)
ValueError: 
All the 3 fits failed.
It is very likely that your model is misconfigured.
You can try to debug the error by setting error_score='raise'.

Below are more details about the failures:
--------------------------------------------------------------------------------
3 fits failed with the following error:
Traceback (most recent call last):
  File "C:\Users\e_damas\anaconda3\envs\sklearn_rl\Lib\site-packages\sklearn\model_selection\_validation.py", line 859, in _fit_and_score
    estimator.fit(X_train, y_train, **fit_params)
  File "C:\Users\e_damas\anaconda3\envs\sklearn_rl\Lib\site-packages\sklearn\base.py", line 1365, in wrapper
    return fit_method(estimator, *args, **kwargs)
           ^^^^^^^^^^^^^^^^^^^^^^^^^^^^^^^^^^^^^^
  File "C:\Users\e_damas\anaconda3\envs\sklearn_rl\Lib\site-packages\sklearn\pipeline.py", line 663, in fit
    self._final_estimator.fit(Xt, y, **last_step_params["fit"])
  File "C:\Users\e_damas\anaconda3\envs\sklearn_rl\Lib\site-packages\sklearn\base.py", line 1358, in wrapper
    estimator._validate_params()
  File "C:\Users\e_damas\anaconda3\envs\sklearn_rl\Lib\site-packages\sklearn\base.py", line 471, in _validate_params
    validate_parameter_constraints(
  File "C:\Users\e_damas\anaconda3\envs\sklearn_rl\Lib\site-packages\sklearn\utils\_param_validation.py", line 98, in validate_parameter_constraints
    raise InvalidParameterError(
sklearn.utils._param_validation.InvalidParameterError: The 'solver' parameter of LogisticRegression must be a str among {'liblinear', 'newton-cg', 'saga', 'newton-cholesky', 'lbfgs', 'sag'}. Got 'auto' instead.


2025-09-10 11:55:55	EXCEPTION	Erro durante cross_val_score para o modelo LogisticRegression.	Traceback (most recent call last):
  File "D:\PROGRAMACAO\sklearn_rl\D_training\D1_training.py", line 133, in agent_training
    scores = cross_val_score(pipe, X_train, y_train, cv=3, scoring=scoring_metric)
             ^^^^^^^^^^^^^^^^^^^^^^^^^^^^^^^^^^^^^^^^^^^^^^^^^^^^^^^^^^^^^^^^^^^^^
  File "C:\Users\e_damas\anaconda3\envs\sklearn_rl\Lib\site-packages\sklearn\utils\_param_validation.py", line 218, in wrapper
    return func(*args, **kwargs)
           ^^^^^^^^^^^^^^^^^^^^^
  File "C:\Users\e_damas\anaconda3\envs\sklearn_rl\Lib\site-packages\sklearn\model_selection\_validation.py", line 677, in cross_val_score
    cv_results = cross_validate(
                 ^^^^^^^^^^^^^^^
  File "C:\Users\e_damas\anaconda3\envs\sklearn_rl\Lib\site-packages\sklearn\utils\_param_validation.py", line 218, in wrapper
    return func(*args, **kwargs)
           ^^^^^^^^^^^^^^^^^^^^^
  File "C:\Users\e_damas\anaconda3\envs\sklearn_rl\Lib\site-packages\sklearn\model_selection\_validation.py", line 419, in cross_validate
    _warn_or_raise_about_fit_failures(results, error_score)
  File "C:\Users\e_damas\anaconda3\envs\sklearn_rl\Lib\site-packages\sklearn\model_selection\_validation.py", line 505, in _warn_or_raise_about_fit_failures
    raise ValueError(all_fits_failed_message)
ValueError: 
All the 3 fits failed.
It is very likely that your model is misconfigured.
You can try to debug the error by setting error_score='raise'.

Below are more details about the failures:
--------------------------------------------------------------------------------
3 fits failed with the following error:
Traceback (most recent call last):
  File "C:\Users\e_damas\anaconda3\envs\sklearn_rl\Lib\site-packages\sklearn\model_selection\_validation.py", line 859, in _fit_and_score
    estimator.fit(X_train, y_train, **fit_params)
  File "C:\Users\e_damas\anaconda3\envs\sklearn_rl\Lib\site-packages\sklearn\base.py", line 1365, in wrapper
    return fit_method(estimator, *args, **kwargs)
           ^^^^^^^^^^^^^^^^^^^^^^^^^^^^^^^^^^^^^^
  File "C:\Users\e_damas\anaconda3\envs\sklearn_rl\Lib\site-packages\sklearn\pipeline.py", line 663, in fit
    self._final_estimator.fit(Xt, y, **last_step_params["fit"])
  File "C:\Users\e_damas\anaconda3\envs\sklearn_rl\Lib\site-packages\sklearn\base.py", line 1358, in wrapper
    estimator._validate_params()
  File "C:\Users\e_damas\anaconda3\envs\sklearn_rl\Lib\site-packages\sklearn\base.py", line 471, in _validate_params
    validate_parameter_constraints(
  File "C:\Users\e_damas\anaconda3\envs\sklearn_rl\Lib\site-packages\sklearn\utils\_param_validation.py", line 98, in validate_parameter_constraints
    raise InvalidParameterError(
sklearn.utils._param_validation.InvalidParameterError: The 'solver' parameter of LogisticRegression must be a str among {'liblinear', 'newton-cg', 'saga', 'newton-cholesky', 'lbfgs', 'sag'}. Got 'lsqr' instead.


2025-09-10 11:56:11	EXCEPTION	Erro durante cross_val_score para o modelo LogisticRegression.	Traceback (most recent call last):
  File "D:\PROGRAMACAO\sklearn_rl\D_training\D1_training.py", line 133, in agent_training
    scores = cross_val_score(pipe, X_train, y_train, cv=3, scoring=scoring_metric)
             ^^^^^^^^^^^^^^^^^^^^^^^^^^^^^^^^^^^^^^^^^^^^^^^^^^^^^^^^^^^^^^^^^^^^^
  File "C:\Users\e_damas\anaconda3\envs\sklearn_rl\Lib\site-packages\sklearn\utils\_param_validation.py", line 218, in wrapper
    return func(*args, **kwargs)
           ^^^^^^^^^^^^^^^^^^^^^
  File "C:\Users\e_damas\anaconda3\envs\sklearn_rl\Lib\site-packages\sklearn\model_selection\_validation.py", line 677, in cross_val_score
    cv_results = cross_validate(
                 ^^^^^^^^^^^^^^^
  File "C:\Users\e_damas\anaconda3\envs\sklearn_rl\Lib\site-packages\sklearn\utils\_param_validation.py", line 218, in wrapper
    return func(*args, **kwargs)
           ^^^^^^^^^^^^^^^^^^^^^
  File "C:\Users\e_damas\anaconda3\envs\sklearn_rl\Lib\site-packages\sklearn\model_selection\_validation.py", line 419, in cross_validate
    _warn_or_raise_about_fit_failures(results, error_score)
  File "C:\Users\e_damas\anaconda3\envs\sklearn_rl\Lib\site-packages\sklearn\model_selection\_validation.py", line 505, in _warn_or_raise_about_fit_failures
    raise ValueError(all_fits_failed_message)
ValueError: 
All the 3 fits failed.
It is very likely that your model is misconfigured.
You can try to debug the error by setting error_score='raise'.

Below are more details about the failures:
--------------------------------------------------------------------------------
3 fits failed with the following error:
Traceback (most recent call last):
  File "C:\Users\e_damas\anaconda3\envs\sklearn_rl\Lib\site-packages\sklearn\model_selection\_validation.py", line 859, in _fit_and_score
    estimator.fit(X_train, y_train, **fit_params)
  File "C:\Users\e_damas\anaconda3\envs\sklearn_rl\Lib\site-packages\sklearn\base.py", line 1365, in wrapper
    return fit_method(estimator, *args, **kwargs)
           ^^^^^^^^^^^^^^^^^^^^^^^^^^^^^^^^^^^^^^
  File "C:\Users\e_damas\anaconda3\envs\sklearn_rl\Lib\site-packages\sklearn\pipeline.py", line 663, in fit
    self._final_estimator.fit(Xt, y, **last_step_params["fit"])
  File "C:\Users\e_damas\anaconda3\envs\sklearn_rl\Lib\site-packages\sklearn\base.py", line 1365, in wrapper
    return fit_method(estimator, *args, **kwargs)
           ^^^^^^^^^^^^^^^^^^^^^^^^^^^^^^^^^^^^^^
  File "C:\Users\e_damas\anaconda3\envs\sklearn_rl\Lib\site-packages\sklearn\linear_model\_logistic.py", line 1218, in fit
    solver = _check_solver(self.solver, self.penalty, self.dual)
             ^^^^^^^^^^^^^^^^^^^^^^^^^^^^^^^^^^^^^^^^^^^^^^^^^^^
  File "C:\Users\e_damas\anaconda3\envs\sklearn_rl\Lib\site-packages\sklearn\linear_model\_logistic.py", line 64, in _check_solver
    raise ValueError(
ValueError: Solver lbfgs supports only 'l2' or None penalties, got l1 penalty.


2025-09-10 11:56:11	EXCEPTION	Erro durante cross_val_score para o modelo LogisticRegression.	Traceback (most recent call last):
  File "D:\PROGRAMACAO\sklearn_rl\D_training\D1_training.py", line 133, in agent_training
    scores = cross_val_score(pipe, X_train, y_train, cv=3, scoring=scoring_metric)
             ^^^^^^^^^^^^^^^^^^^^^^^^^^^^^^^^^^^^^^^^^^^^^^^^^^^^^^^^^^^^^^^^^^^^^
  File "C:\Users\e_damas\anaconda3\envs\sklearn_rl\Lib\site-packages\sklearn\utils\_param_validation.py", line 218, in wrapper
    return func(*args, **kwargs)
           ^^^^^^^^^^^^^^^^^^^^^
  File "C:\Users\e_damas\anaconda3\envs\sklearn_rl\Lib\site-packages\sklearn\model_selection\_validation.py", line 677, in cross_val_score
    cv_results = cross_validate(
                 ^^^^^^^^^^^^^^^
  File "C:\Users\e_damas\anaconda3\envs\sklearn_rl\Lib\site-packages\sklearn\utils\_param_validation.py", line 218, in wrapper
    return func(*args, **kwargs)
           ^^^^^^^^^^^^^^^^^^^^^
  File "C:\Users\e_damas\anaconda3\envs\sklearn_rl\Lib\site-packages\sklearn\model_selection\_validation.py", line 419, in cross_validate
    _warn_or_raise_about_fit_failures(results, error_score)
  File "C:\Users\e_damas\anaconda3\envs\sklearn_rl\Lib\site-packages\sklearn\model_selection\_validation.py", line 505, in _warn_or_raise_about_fit_failures
    raise ValueError(all_fits_failed_message)
ValueError: 
All the 3 fits failed.
It is very likely that your model is misconfigured.
You can try to debug the error by setting error_score='raise'.

Below are more details about the failures:
--------------------------------------------------------------------------------
3 fits failed with the following error:
Traceback (most recent call last):
  File "C:\Users\e_damas\anaconda3\envs\sklearn_rl\Lib\site-packages\sklearn\model_selection\_validation.py", line 859, in _fit_and_score
    estimator.fit(X_train, y_train, **fit_params)
  File "C:\Users\e_damas\anaconda3\envs\sklearn_rl\Lib\site-packages\sklearn\base.py", line 1365, in wrapper
    return fit_method(estimator, *args, **kwargs)
           ^^^^^^^^^^^^^^^^^^^^^^^^^^^^^^^^^^^^^^
  File "C:\Users\e_damas\anaconda3\envs\sklearn_rl\Lib\site-packages\sklearn\pipeline.py", line 663, in fit
    self._final_estimator.fit(Xt, y, **last_step_params["fit"])
  File "C:\Users\e_damas\anaconda3\envs\sklearn_rl\Lib\site-packages\sklearn\base.py", line 1358, in wrapper
    estimator._validate_params()
  File "C:\Users\e_damas\anaconda3\envs\sklearn_rl\Lib\site-packages\sklearn\base.py", line 471, in _validate_params
    validate_parameter_constraints(
  File "C:\Users\e_damas\anaconda3\envs\sklearn_rl\Lib\site-packages\sklearn\utils\_param_validation.py", line 98, in validate_parameter_constraints
    raise InvalidParameterError(
sklearn.utils._param_validation.InvalidParameterError: The 'solver' parameter of LogisticRegression must be a str among {'liblinear', 'newton-cg', 'saga', 'newton-cholesky', 'lbfgs', 'sag'}. Got 'cholesky' instead.


2025-09-10 11:56:28	EXCEPTION	Erro durante cross_val_score para o modelo LogisticRegression.	Traceback (most recent call last):
  File "D:\PROGRAMACAO\sklearn_rl\D_training\D1_training.py", line 133, in agent_training
    scores = cross_val_score(pipe, X_train, y_train, cv=3, scoring=scoring_metric)
             ^^^^^^^^^^^^^^^^^^^^^^^^^^^^^^^^^^^^^^^^^^^^^^^^^^^^^^^^^^^^^^^^^^^^^
  File "C:\Users\e_damas\anaconda3\envs\sklearn_rl\Lib\site-packages\sklearn\utils\_param_validation.py", line 218, in wrapper
    return func(*args, **kwargs)
           ^^^^^^^^^^^^^^^^^^^^^
  File "C:\Users\e_damas\anaconda3\envs\sklearn_rl\Lib\site-packages\sklearn\model_selection\_validation.py", line 677, in cross_val_score
    cv_results = cross_validate(
                 ^^^^^^^^^^^^^^^
  File "C:\Users\e_damas\anaconda3\envs\sklearn_rl\Lib\site-packages\sklearn\utils\_param_validation.py", line 218, in wrapper
    return func(*args, **kwargs)
           ^^^^^^^^^^^^^^^^^^^^^
  File "C:\Users\e_damas\anaconda3\envs\sklearn_rl\Lib\site-packages\sklearn\model_selection\_validation.py", line 419, in cross_validate
    _warn_or_raise_about_fit_failures(results, error_score)
  File "C:\Users\e_damas\anaconda3\envs\sklearn_rl\Lib\site-packages\sklearn\model_selection\_validation.py", line 505, in _warn_or_raise_about_fit_failures
    raise ValueError(all_fits_failed_message)
ValueError: 
All the 3 fits failed.
It is very likely that your model is misconfigured.
You can try to debug the error by setting error_score='raise'.

Below are more details about the failures:
--------------------------------------------------------------------------------
3 fits failed with the following error:
Traceback (most recent call last):
  File "C:\Users\e_damas\anaconda3\envs\sklearn_rl\Lib\site-packages\sklearn\model_selection\_validation.py", line 859, in _fit_and_score
    estimator.fit(X_train, y_train, **fit_params)
  File "C:\Users\e_damas\anaconda3\envs\sklearn_rl\Lib\site-packages\sklearn\base.py", line 1365, in wrapper
    return fit_method(estimator, *args, **kwargs)
           ^^^^^^^^^^^^^^^^^^^^^^^^^^^^^^^^^^^^^^
  File "C:\Users\e_damas\anaconda3\envs\sklearn_rl\Lib\site-packages\sklearn\pipeline.py", line 663, in fit
    self._final_estimator.fit(Xt, y, **last_step_params["fit"])
  File "C:\Users\e_damas\anaconda3\envs\sklearn_rl\Lib\site-packages\sklearn\base.py", line 1358, in wrapper
    estimator._validate_params()
  File "C:\Users\e_damas\anaconda3\envs\sklearn_rl\Lib\site-packages\sklearn\base.py", line 471, in _validate_params
    validate_parameter_constraints(
  File "C:\Users\e_damas\anaconda3\envs\sklearn_rl\Lib\site-packages\sklearn\utils\_param_validation.py", line 98, in validate_parameter_constraints
    raise InvalidParameterError(
sklearn.utils._param_validation.InvalidParameterError: The 'solver' parameter of LogisticRegression must be a str among {'liblinear', 'newton-cg', 'saga', 'newton-cholesky', 'lbfgs', 'sag'}. Got 'auto' instead.


2025-09-10 11:56:33	EXCEPTION	Erro durante cross_val_score para o modelo LogisticRegression.	Traceback (most recent call last):
  File "D:\PROGRAMACAO\sklearn_rl\D_training\D1_training.py", line 133, in agent_training
    scores = cross_val_score(pipe, X_train, y_train, cv=3, scoring=scoring_metric)
             ^^^^^^^^^^^^^^^^^^^^^^^^^^^^^^^^^^^^^^^^^^^^^^^^^^^^^^^^^^^^^^^^^^^^^
  File "C:\Users\e_damas\anaconda3\envs\sklearn_rl\Lib\site-packages\sklearn\utils\_param_validation.py", line 218, in wrapper
    return func(*args, **kwargs)
           ^^^^^^^^^^^^^^^^^^^^^
  File "C:\Users\e_damas\anaconda3\envs\sklearn_rl\Lib\site-packages\sklearn\model_selection\_validation.py", line 677, in cross_val_score
    cv_results = cross_validate(
                 ^^^^^^^^^^^^^^^
  File "C:\Users\e_damas\anaconda3\envs\sklearn_rl\Lib\site-packages\sklearn\utils\_param_validation.py", line 218, in wrapper
    return func(*args, **kwargs)
           ^^^^^^^^^^^^^^^^^^^^^
  File "C:\Users\e_damas\anaconda3\envs\sklearn_rl\Lib\site-packages\sklearn\model_selection\_validation.py", line 419, in cross_validate
    _warn_or_raise_about_fit_failures(results, error_score)
  File "C:\Users\e_damas\anaconda3\envs\sklearn_rl\Lib\site-packages\sklearn\model_selection\_validation.py", line 505, in _warn_or_raise_about_fit_failures
    raise ValueError(all_fits_failed_message)
ValueError: 
All the 3 fits failed.
It is very likely that your model is misconfigured.
You can try to debug the error by setting error_score='raise'.

Below are more details about the failures:
--------------------------------------------------------------------------------
3 fits failed with the following error:
Traceback (most recent call last):
  File "C:\Users\e_damas\anaconda3\envs\sklearn_rl\Lib\site-packages\sklearn\model_selection\_validation.py", line 859, in _fit_and_score
    estimator.fit(X_train, y_train, **fit_params)
  File "C:\Users\e_damas\anaconda3\envs\sklearn_rl\Lib\site-packages\sklearn\base.py", line 1365, in wrapper
    return fit_method(estimator, *args, **kwargs)
           ^^^^^^^^^^^^^^^^^^^^^^^^^^^^^^^^^^^^^^
  File "C:\Users\e_damas\anaconda3\envs\sklearn_rl\Lib\site-packages\sklearn\pipeline.py", line 663, in fit
    self._final_estimator.fit(Xt, y, **last_step_params["fit"])
  File "C:\Users\e_damas\anaconda3\envs\sklearn_rl\Lib\site-packages\sklearn\base.py", line 1358, in wrapper
    estimator._validate_params()
  File "C:\Users\e_damas\anaconda3\envs\sklearn_rl\Lib\site-packages\sklearn\base.py", line 471, in _validate_params
    validate_parameter_constraints(
  File "C:\Users\e_damas\anaconda3\envs\sklearn_rl\Lib\site-packages\sklearn\utils\_param_validation.py", line 98, in validate_parameter_constraints
    raise InvalidParameterError(
sklearn.utils._param_validation.InvalidParameterError: The 'solver' parameter of LogisticRegression must be a str among {'liblinear', 'newton-cg', 'saga', 'newton-cholesky', 'lbfgs', 'sag'}. Got 'sparse_cg' instead.


2025-09-10 11:56:33	EXCEPTION	Erro durante cross_val_score para o modelo LogisticRegression.	Traceback (most recent call last):
  File "D:\PROGRAMACAO\sklearn_rl\D_training\D1_training.py", line 133, in agent_training
    scores = cross_val_score(pipe, X_train, y_train, cv=3, scoring=scoring_metric)
             ^^^^^^^^^^^^^^^^^^^^^^^^^^^^^^^^^^^^^^^^^^^^^^^^^^^^^^^^^^^^^^^^^^^^^
  File "C:\Users\e_damas\anaconda3\envs\sklearn_rl\Lib\site-packages\sklearn\utils\_param_validation.py", line 218, in wrapper
    return func(*args, **kwargs)
           ^^^^^^^^^^^^^^^^^^^^^
  File "C:\Users\e_damas\anaconda3\envs\sklearn_rl\Lib\site-packages\sklearn\model_selection\_validation.py", line 677, in cross_val_score
    cv_results = cross_validate(
                 ^^^^^^^^^^^^^^^
  File "C:\Users\e_damas\anaconda3\envs\sklearn_rl\Lib\site-packages\sklearn\utils\_param_validation.py", line 218, in wrapper
    return func(*args, **kwargs)
           ^^^^^^^^^^^^^^^^^^^^^
  File "C:\Users\e_damas\anaconda3\envs\sklearn_rl\Lib\site-packages\sklearn\model_selection\_validation.py", line 419, in cross_validate
    _warn_or_raise_about_fit_failures(results, error_score)
  File "C:\Users\e_damas\anaconda3\envs\sklearn_rl\Lib\site-packages\sklearn\model_selection\_validation.py", line 505, in _warn_or_raise_about_fit_failures
    raise ValueError(all_fits_failed_message)
ValueError: 
All the 3 fits failed.
It is very likely that your model is misconfigured.
You can try to debug the error by setting error_score='raise'.

Below are more details about the failures:
--------------------------------------------------------------------------------
3 fits failed with the following error:
Traceback (most recent call last):
  File "C:\Users\e_damas\anaconda3\envs\sklearn_rl\Lib\site-packages\sklearn\model_selection\_validation.py", line 859, in _fit_and_score
    estimator.fit(X_train, y_train, **fit_params)
  File "C:\Users\e_damas\anaconda3\envs\sklearn_rl\Lib\site-packages\sklearn\base.py", line 1365, in wrapper
    return fit_method(estimator, *args, **kwargs)
           ^^^^^^^^^^^^^^^^^^^^^^^^^^^^^^^^^^^^^^
  File "C:\Users\e_damas\anaconda3\envs\sklearn_rl\Lib\site-packages\sklearn\pipeline.py", line 663, in fit
    self._final_estimator.fit(Xt, y, **last_step_params["fit"])
  File "C:\Users\e_damas\anaconda3\envs\sklearn_rl\Lib\site-packages\sklearn\base.py", line 1358, in wrapper
    estimator._validate_params()
  File "C:\Users\e_damas\anaconda3\envs\sklearn_rl\Lib\site-packages\sklearn\base.py", line 471, in _validate_params
    validate_parameter_constraints(
  File "C:\Users\e_damas\anaconda3\envs\sklearn_rl\Lib\site-packages\sklearn\utils\_param_validation.py", line 98, in validate_parameter_constraints
    raise InvalidParameterError(
sklearn.utils._param_validation.InvalidParameterError: The 'solver' parameter of LogisticRegression must be a str among {'liblinear', 'newton-cg', 'saga', 'newton-cholesky', 'lbfgs', 'sag'}. Got 'sparse_cg' instead.


2025-09-10 11:56:37	EXCEPTION	Erro durante cross_val_score para o modelo LogisticRegression.	Traceback (most recent call last):
  File "D:\PROGRAMACAO\sklearn_rl\D_training\D1_training.py", line 133, in agent_training
    scores = cross_val_score(pipe, X_train, y_train, cv=3, scoring=scoring_metric)
             ^^^^^^^^^^^^^^^^^^^^^^^^^^^^^^^^^^^^^^^^^^^^^^^^^^^^^^^^^^^^^^^^^^^^^
  File "C:\Users\e_damas\anaconda3\envs\sklearn_rl\Lib\site-packages\sklearn\utils\_param_validation.py", line 218, in wrapper
    return func(*args, **kwargs)
           ^^^^^^^^^^^^^^^^^^^^^
  File "C:\Users\e_damas\anaconda3\envs\sklearn_rl\Lib\site-packages\sklearn\model_selection\_validation.py", line 677, in cross_val_score
    cv_results = cross_validate(
                 ^^^^^^^^^^^^^^^
  File "C:\Users\e_damas\anaconda3\envs\sklearn_rl\Lib\site-packages\sklearn\utils\_param_validation.py", line 218, in wrapper
    return func(*args, **kwargs)
           ^^^^^^^^^^^^^^^^^^^^^
  File "C:\Users\e_damas\anaconda3\envs\sklearn_rl\Lib\site-packages\sklearn\model_selection\_validation.py", line 419, in cross_validate
    _warn_or_raise_about_fit_failures(results, error_score)
  File "C:\Users\e_damas\anaconda3\envs\sklearn_rl\Lib\site-packages\sklearn\model_selection\_validation.py", line 505, in _warn_or_raise_about_fit_failures
    raise ValueError(all_fits_failed_message)
ValueError: 
All the 3 fits failed.
It is very likely that your model is misconfigured.
You can try to debug the error by setting error_score='raise'.

Below are more details about the failures:
--------------------------------------------------------------------------------
3 fits failed with the following error:
Traceback (most recent call last):
  File "C:\Users\e_damas\anaconda3\envs\sklearn_rl\Lib\site-packages\sklearn\model_selection\_validation.py", line 859, in _fit_and_score
    estimator.fit(X_train, y_train, **fit_params)
  File "C:\Users\e_damas\anaconda3\envs\sklearn_rl\Lib\site-packages\sklearn\base.py", line 1365, in wrapper
    return fit_method(estimator, *args, **kwargs)
           ^^^^^^^^^^^^^^^^^^^^^^^^^^^^^^^^^^^^^^
  File "C:\Users\e_damas\anaconda3\envs\sklearn_rl\Lib\site-packages\sklearn\pipeline.py", line 663, in fit
    self._final_estimator.fit(Xt, y, **last_step_params["fit"])
  File "C:\Users\e_damas\anaconda3\envs\sklearn_rl\Lib\site-packages\sklearn\base.py", line 1358, in wrapper
    estimator._validate_params()
  File "C:\Users\e_damas\anaconda3\envs\sklearn_rl\Lib\site-packages\sklearn\base.py", line 471, in _validate_params
    validate_parameter_constraints(
  File "C:\Users\e_damas\anaconda3\envs\sklearn_rl\Lib\site-packages\sklearn\utils\_param_validation.py", line 98, in validate_parameter_constraints
    raise InvalidParameterError(
sklearn.utils._param_validation.InvalidParameterError: The 'solver' parameter of LogisticRegression must be a str among {'liblinear', 'newton-cg', 'saga', 'newton-cholesky', 'lbfgs', 'sag'}. Got 'cholesky' instead.


2025-09-10 11:56:49	EXCEPTION	Erro durante cross_val_score para o modelo LogisticRegression.	Traceback (most recent call last):
  File "D:\PROGRAMACAO\sklearn_rl\D_training\D1_training.py", line 133, in agent_training
    scores = cross_val_score(pipe, X_train, y_train, cv=3, scoring=scoring_metric)
             ^^^^^^^^^^^^^^^^^^^^^^^^^^^^^^^^^^^^^^^^^^^^^^^^^^^^^^^^^^^^^^^^^^^^^
  File "C:\Users\e_damas\anaconda3\envs\sklearn_rl\Lib\site-packages\sklearn\utils\_param_validation.py", line 218, in wrapper
    return func(*args, **kwargs)
           ^^^^^^^^^^^^^^^^^^^^^
  File "C:\Users\e_damas\anaconda3\envs\sklearn_rl\Lib\site-packages\sklearn\model_selection\_validation.py", line 677, in cross_val_score
    cv_results = cross_validate(
                 ^^^^^^^^^^^^^^^
  File "C:\Users\e_damas\anaconda3\envs\sklearn_rl\Lib\site-packages\sklearn\utils\_param_validation.py", line 218, in wrapper
    return func(*args, **kwargs)
           ^^^^^^^^^^^^^^^^^^^^^
  File "C:\Users\e_damas\anaconda3\envs\sklearn_rl\Lib\site-packages\sklearn\model_selection\_validation.py", line 419, in cross_validate
    _warn_or_raise_about_fit_failures(results, error_score)
  File "C:\Users\e_damas\anaconda3\envs\sklearn_rl\Lib\site-packages\sklearn\model_selection\_validation.py", line 505, in _warn_or_raise_about_fit_failures
    raise ValueError(all_fits_failed_message)
ValueError: 
All the 3 fits failed.
It is very likely that your model is misconfigured.
You can try to debug the error by setting error_score='raise'.

Below are more details about the failures:
--------------------------------------------------------------------------------
3 fits failed with the following error:
Traceback (most recent call last):
  File "C:\Users\e_damas\anaconda3\envs\sklearn_rl\Lib\site-packages\sklearn\model_selection\_validation.py", line 859, in _fit_and_score
    estimator.fit(X_train, y_train, **fit_params)
  File "C:\Users\e_damas\anaconda3\envs\sklearn_rl\Lib\site-packages\sklearn\base.py", line 1365, in wrapper
    return fit_method(estimator, *args, **kwargs)
           ^^^^^^^^^^^^^^^^^^^^^^^^^^^^^^^^^^^^^^
  File "C:\Users\e_damas\anaconda3\envs\sklearn_rl\Lib\site-packages\sklearn\pipeline.py", line 663, in fit
    self._final_estimator.fit(Xt, y, **last_step_params["fit"])
  File "C:\Users\e_damas\anaconda3\envs\sklearn_rl\Lib\site-packages\sklearn\base.py", line 1358, in wrapper
    estimator._validate_params()
  File "C:\Users\e_damas\anaconda3\envs\sklearn_rl\Lib\site-packages\sklearn\base.py", line 471, in _validate_params
    validate_parameter_constraints(
  File "C:\Users\e_damas\anaconda3\envs\sklearn_rl\Lib\site-packages\sklearn\utils\_param_validation.py", line 98, in validate_parameter_constraints
    raise InvalidParameterError(
sklearn.utils._param_validation.InvalidParameterError: The 'solver' parameter of LogisticRegression must be a str among {'liblinear', 'newton-cg', 'saga', 'newton-cholesky', 'lbfgs', 'sag'}. Got 'lsqr' instead.


2025-09-10 11:56:49	EXCEPTION	Erro durante cross_val_score para o modelo LogisticRegression.	Traceback (most recent call last):
  File "D:\PROGRAMACAO\sklearn_rl\D_training\D1_training.py", line 133, in agent_training
    scores = cross_val_score(pipe, X_train, y_train, cv=3, scoring=scoring_metric)
             ^^^^^^^^^^^^^^^^^^^^^^^^^^^^^^^^^^^^^^^^^^^^^^^^^^^^^^^^^^^^^^^^^^^^^
  File "C:\Users\e_damas\anaconda3\envs\sklearn_rl\Lib\site-packages\sklearn\utils\_param_validation.py", line 218, in wrapper
    return func(*args, **kwargs)
           ^^^^^^^^^^^^^^^^^^^^^
  File "C:\Users\e_damas\anaconda3\envs\sklearn_rl\Lib\site-packages\sklearn\model_selection\_validation.py", line 677, in cross_val_score
    cv_results = cross_validate(
                 ^^^^^^^^^^^^^^^
  File "C:\Users\e_damas\anaconda3\envs\sklearn_rl\Lib\site-packages\sklearn\utils\_param_validation.py", line 218, in wrapper
    return func(*args, **kwargs)
           ^^^^^^^^^^^^^^^^^^^^^
  File "C:\Users\e_damas\anaconda3\envs\sklearn_rl\Lib\site-packages\sklearn\model_selection\_validation.py", line 419, in cross_validate
    _warn_or_raise_about_fit_failures(results, error_score)
  File "C:\Users\e_damas\anaconda3\envs\sklearn_rl\Lib\site-packages\sklearn\model_selection\_validation.py", line 505, in _warn_or_raise_about_fit_failures
    raise ValueError(all_fits_failed_message)
ValueError: 
All the 3 fits failed.
It is very likely that your model is misconfigured.
You can try to debug the error by setting error_score='raise'.

Below are more details about the failures:
--------------------------------------------------------------------------------
3 fits failed with the following error:
Traceback (most recent call last):
  File "C:\Users\e_damas\anaconda3\envs\sklearn_rl\Lib\site-packages\sklearn\model_selection\_validation.py", line 859, in _fit_and_score
    estimator.fit(X_train, y_train, **fit_params)
  File "C:\Users\e_damas\anaconda3\envs\sklearn_rl\Lib\site-packages\sklearn\base.py", line 1365, in wrapper
    return fit_method(estimator, *args, **kwargs)
           ^^^^^^^^^^^^^^^^^^^^^^^^^^^^^^^^^^^^^^
  File "C:\Users\e_damas\anaconda3\envs\sklearn_rl\Lib\site-packages\sklearn\pipeline.py", line 663, in fit
    self._final_estimator.fit(Xt, y, **last_step_params["fit"])
  File "C:\Users\e_damas\anaconda3\envs\sklearn_rl\Lib\site-packages\sklearn\base.py", line 1358, in wrapper
    estimator._validate_params()
  File "C:\Users\e_damas\anaconda3\envs\sklearn_rl\Lib\site-packages\sklearn\base.py", line 471, in _validate_params
    validate_parameter_constraints(
  File "C:\Users\e_damas\anaconda3\envs\sklearn_rl\Lib\site-packages\sklearn\utils\_param_validation.py", line 98, in validate_parameter_constraints
    raise InvalidParameterError(
sklearn.utils._param_validation.InvalidParameterError: The 'solver' parameter of LogisticRegression must be a str among {'liblinear', 'newton-cg', 'saga', 'newton-cholesky', 'lbfgs', 'sag'}. Got 'sparse_cg' instead.


2025-09-10 11:56:49	EXCEPTION	Erro durante cross_val_score para o modelo LogisticRegression.	Traceback (most recent call last):
  File "D:\PROGRAMACAO\sklearn_rl\D_training\D1_training.py", line 133, in agent_training
    scores = cross_val_score(pipe, X_train, y_train, cv=3, scoring=scoring_metric)
             ^^^^^^^^^^^^^^^^^^^^^^^^^^^^^^^^^^^^^^^^^^^^^^^^^^^^^^^^^^^^^^^^^^^^^
  File "C:\Users\e_damas\anaconda3\envs\sklearn_rl\Lib\site-packages\sklearn\utils\_param_validation.py", line 218, in wrapper
    return func(*args, **kwargs)
           ^^^^^^^^^^^^^^^^^^^^^
  File "C:\Users\e_damas\anaconda3\envs\sklearn_rl\Lib\site-packages\sklearn\model_selection\_validation.py", line 677, in cross_val_score
    cv_results = cross_validate(
                 ^^^^^^^^^^^^^^^
  File "C:\Users\e_damas\anaconda3\envs\sklearn_rl\Lib\site-packages\sklearn\utils\_param_validation.py", line 218, in wrapper
    return func(*args, **kwargs)
           ^^^^^^^^^^^^^^^^^^^^^
  File "C:\Users\e_damas\anaconda3\envs\sklearn_rl\Lib\site-packages\sklearn\model_selection\_validation.py", line 419, in cross_validate
    _warn_or_raise_about_fit_failures(results, error_score)
  File "C:\Users\e_damas\anaconda3\envs\sklearn_rl\Lib\site-packages\sklearn\model_selection\_validation.py", line 505, in _warn_or_raise_about_fit_failures
    raise ValueError(all_fits_failed_message)
ValueError: 
All the 3 fits failed.
It is very likely that your model is misconfigured.
You can try to debug the error by setting error_score='raise'.

Below are more details about the failures:
--------------------------------------------------------------------------------
3 fits failed with the following error:
Traceback (most recent call last):
  File "C:\Users\e_damas\anaconda3\envs\sklearn_rl\Lib\site-packages\sklearn\model_selection\_validation.py", line 859, in _fit_and_score
    estimator.fit(X_train, y_train, **fit_params)
  File "C:\Users\e_damas\anaconda3\envs\sklearn_rl\Lib\site-packages\sklearn\base.py", line 1365, in wrapper
    return fit_method(estimator, *args, **kwargs)
           ^^^^^^^^^^^^^^^^^^^^^^^^^^^^^^^^^^^^^^
  File "C:\Users\e_damas\anaconda3\envs\sklearn_rl\Lib\site-packages\sklearn\pipeline.py", line 663, in fit
    self._final_estimator.fit(Xt, y, **last_step_params["fit"])
  File "C:\Users\e_damas\anaconda3\envs\sklearn_rl\Lib\site-packages\sklearn\base.py", line 1365, in wrapper
    return fit_method(estimator, *args, **kwargs)
           ^^^^^^^^^^^^^^^^^^^^^^^^^^^^^^^^^^^^^^
  File "C:\Users\e_damas\anaconda3\envs\sklearn_rl\Lib\site-packages\sklearn\linear_model\_logistic.py", line 1218, in fit
    solver = _check_solver(self.solver, self.penalty, self.dual)
             ^^^^^^^^^^^^^^^^^^^^^^^^^^^^^^^^^^^^^^^^^^^^^^^^^^^
  File "C:\Users\e_damas\anaconda3\envs\sklearn_rl\Lib\site-packages\sklearn\linear_model\_logistic.py", line 64, in _check_solver
    raise ValueError(
ValueError: Solver sag supports only 'l2' or None penalties, got elasticnet penalty.


2025-09-10 11:56:49	EXCEPTION	Erro durante cross_val_score para o modelo LogisticRegression.	Traceback (most recent call last):
  File "D:\PROGRAMACAO\sklearn_rl\D_training\D1_training.py", line 133, in agent_training
    scores = cross_val_score(pipe, X_train, y_train, cv=3, scoring=scoring_metric)
             ^^^^^^^^^^^^^^^^^^^^^^^^^^^^^^^^^^^^^^^^^^^^^^^^^^^^^^^^^^^^^^^^^^^^^
  File "C:\Users\e_damas\anaconda3\envs\sklearn_rl\Lib\site-packages\sklearn\utils\_param_validation.py", line 218, in wrapper
    return func(*args, **kwargs)
           ^^^^^^^^^^^^^^^^^^^^^
  File "C:\Users\e_damas\anaconda3\envs\sklearn_rl\Lib\site-packages\sklearn\model_selection\_validation.py", line 677, in cross_val_score
    cv_results = cross_validate(
                 ^^^^^^^^^^^^^^^
  File "C:\Users\e_damas\anaconda3\envs\sklearn_rl\Lib\site-packages\sklearn\utils\_param_validation.py", line 218, in wrapper
    return func(*args, **kwargs)
           ^^^^^^^^^^^^^^^^^^^^^
  File "C:\Users\e_damas\anaconda3\envs\sklearn_rl\Lib\site-packages\sklearn\model_selection\_validation.py", line 419, in cross_validate
    _warn_or_raise_about_fit_failures(results, error_score)
  File "C:\Users\e_damas\anaconda3\envs\sklearn_rl\Lib\site-packages\sklearn\model_selection\_validation.py", line 505, in _warn_or_raise_about_fit_failures
    raise ValueError(all_fits_failed_message)
ValueError: 
All the 3 fits failed.
It is very likely that your model is misconfigured.
You can try to debug the error by setting error_score='raise'.

Below are more details about the failures:
--------------------------------------------------------------------------------
3 fits failed with the following error:
Traceback (most recent call last):
  File "C:\Users\e_damas\anaconda3\envs\sklearn_rl\Lib\site-packages\sklearn\model_selection\_validation.py", line 859, in _fit_and_score
    estimator.fit(X_train, y_train, **fit_params)
  File "C:\Users\e_damas\anaconda3\envs\sklearn_rl\Lib\site-packages\sklearn\base.py", line 1365, in wrapper
    return fit_method(estimator, *args, **kwargs)
           ^^^^^^^^^^^^^^^^^^^^^^^^^^^^^^^^^^^^^^
  File "C:\Users\e_damas\anaconda3\envs\sklearn_rl\Lib\site-packages\sklearn\pipeline.py", line 663, in fit
    self._final_estimator.fit(Xt, y, **last_step_params["fit"])
  File "C:\Users\e_damas\anaconda3\envs\sklearn_rl\Lib\site-packages\sklearn\base.py", line 1358, in wrapper
    estimator._validate_params()
  File "C:\Users\e_damas\anaconda3\envs\sklearn_rl\Lib\site-packages\sklearn\base.py", line 471, in _validate_params
    validate_parameter_constraints(
  File "C:\Users\e_damas\anaconda3\envs\sklearn_rl\Lib\site-packages\sklearn\utils\_param_validation.py", line 98, in validate_parameter_constraints
    raise InvalidParameterError(
sklearn.utils._param_validation.InvalidParameterError: The 'solver' parameter of LogisticRegression must be a str among {'liblinear', 'newton-cg', 'saga', 'newton-cholesky', 'lbfgs', 'sag'}. Got 'svd' instead.


2025-09-10 11:57:03	EXCEPTION	Erro durante cross_val_score para o modelo LogisticRegression.	Traceback (most recent call last):
  File "D:\PROGRAMACAO\sklearn_rl\D_training\D1_training.py", line 133, in agent_training
    scores = cross_val_score(pipe, X_train, y_train, cv=3, scoring=scoring_metric)
             ^^^^^^^^^^^^^^^^^^^^^^^^^^^^^^^^^^^^^^^^^^^^^^^^^^^^^^^^^^^^^^^^^^^^^
  File "C:\Users\e_damas\anaconda3\envs\sklearn_rl\Lib\site-packages\sklearn\utils\_param_validation.py", line 218, in wrapper
    return func(*args, **kwargs)
           ^^^^^^^^^^^^^^^^^^^^^
  File "C:\Users\e_damas\anaconda3\envs\sklearn_rl\Lib\site-packages\sklearn\model_selection\_validation.py", line 677, in cross_val_score
    cv_results = cross_validate(
                 ^^^^^^^^^^^^^^^
  File "C:\Users\e_damas\anaconda3\envs\sklearn_rl\Lib\site-packages\sklearn\utils\_param_validation.py", line 218, in wrapper
    return func(*args, **kwargs)
           ^^^^^^^^^^^^^^^^^^^^^
  File "C:\Users\e_damas\anaconda3\envs\sklearn_rl\Lib\site-packages\sklearn\model_selection\_validation.py", line 419, in cross_validate
    _warn_or_raise_about_fit_failures(results, error_score)
  File "C:\Users\e_damas\anaconda3\envs\sklearn_rl\Lib\site-packages\sklearn\model_selection\_validation.py", line 505, in _warn_or_raise_about_fit_failures
    raise ValueError(all_fits_failed_message)
ValueError: 
All the 3 fits failed.
It is very likely that your model is misconfigured.
You can try to debug the error by setting error_score='raise'.

Below are more details about the failures:
--------------------------------------------------------------------------------
3 fits failed with the following error:
Traceback (most recent call last):
  File "C:\Users\e_damas\anaconda3\envs\sklearn_rl\Lib\site-packages\sklearn\model_selection\_validation.py", line 859, in _fit_and_score
    estimator.fit(X_train, y_train, **fit_params)
  File "C:\Users\e_damas\anaconda3\envs\sklearn_rl\Lib\site-packages\sklearn\base.py", line 1365, in wrapper
    return fit_method(estimator, *args, **kwargs)
           ^^^^^^^^^^^^^^^^^^^^^^^^^^^^^^^^^^^^^^
  File "C:\Users\e_damas\anaconda3\envs\sklearn_rl\Lib\site-packages\sklearn\pipeline.py", line 663, in fit
    self._final_estimator.fit(Xt, y, **last_step_params["fit"])
  File "C:\Users\e_damas\anaconda3\envs\sklearn_rl\Lib\site-packages\sklearn\base.py", line 1358, in wrapper
    estimator._validate_params()
  File "C:\Users\e_damas\anaconda3\envs\sklearn_rl\Lib\site-packages\sklearn\base.py", line 471, in _validate_params
    validate_parameter_constraints(
  File "C:\Users\e_damas\anaconda3\envs\sklearn_rl\Lib\site-packages\sklearn\utils\_param_validation.py", line 98, in validate_parameter_constraints
    raise InvalidParameterError(
sklearn.utils._param_validation.InvalidParameterError: The 'solver' parameter of LogisticRegression must be a str among {'liblinear', 'newton-cg', 'saga', 'newton-cholesky', 'lbfgs', 'sag'}. Got 'cholesky' instead.


2025-09-10 11:57:05	EXCEPTION	Erro durante cross_val_score para o modelo LogisticRegression.	Traceback (most recent call last):
  File "D:\PROGRAMACAO\sklearn_rl\D_training\D1_training.py", line 133, in agent_training
    scores = cross_val_score(pipe, X_train, y_train, cv=3, scoring=scoring_metric)
             ^^^^^^^^^^^^^^^^^^^^^^^^^^^^^^^^^^^^^^^^^^^^^^^^^^^^^^^^^^^^^^^^^^^^^
  File "C:\Users\e_damas\anaconda3\envs\sklearn_rl\Lib\site-packages\sklearn\utils\_param_validation.py", line 218, in wrapper
    return func(*args, **kwargs)
           ^^^^^^^^^^^^^^^^^^^^^
  File "C:\Users\e_damas\anaconda3\envs\sklearn_rl\Lib\site-packages\sklearn\model_selection\_validation.py", line 677, in cross_val_score
    cv_results = cross_validate(
                 ^^^^^^^^^^^^^^^
  File "C:\Users\e_damas\anaconda3\envs\sklearn_rl\Lib\site-packages\sklearn\utils\_param_validation.py", line 218, in wrapper
    return func(*args, **kwargs)
           ^^^^^^^^^^^^^^^^^^^^^
  File "C:\Users\e_damas\anaconda3\envs\sklearn_rl\Lib\site-packages\sklearn\model_selection\_validation.py", line 419, in cross_validate
    _warn_or_raise_about_fit_failures(results, error_score)
  File "C:\Users\e_damas\anaconda3\envs\sklearn_rl\Lib\site-packages\sklearn\model_selection\_validation.py", line 505, in _warn_or_raise_about_fit_failures
    raise ValueError(all_fits_failed_message)
ValueError: 
All the 3 fits failed.
It is very likely that your model is misconfigured.
You can try to debug the error by setting error_score='raise'.

Below are more details about the failures:
--------------------------------------------------------------------------------
3 fits failed with the following error:
Traceback (most recent call last):
  File "C:\Users\e_damas\anaconda3\envs\sklearn_rl\Lib\site-packages\sklearn\model_selection\_validation.py", line 859, in _fit_and_score
    estimator.fit(X_train, y_train, **fit_params)
  File "C:\Users\e_damas\anaconda3\envs\sklearn_rl\Lib\site-packages\sklearn\base.py", line 1365, in wrapper
    return fit_method(estimator, *args, **kwargs)
           ^^^^^^^^^^^^^^^^^^^^^^^^^^^^^^^^^^^^^^
  File "C:\Users\e_damas\anaconda3\envs\sklearn_rl\Lib\site-packages\sklearn\pipeline.py", line 663, in fit
    self._final_estimator.fit(Xt, y, **last_step_params["fit"])
  File "C:\Users\e_damas\anaconda3\envs\sklearn_rl\Lib\site-packages\sklearn\base.py", line 1358, in wrapper
    estimator._validate_params()
  File "C:\Users\e_damas\anaconda3\envs\sklearn_rl\Lib\site-packages\sklearn\base.py", line 471, in _validate_params
    validate_parameter_constraints(
  File "C:\Users\e_damas\anaconda3\envs\sklearn_rl\Lib\site-packages\sklearn\utils\_param_validation.py", line 98, in validate_parameter_constraints
    raise InvalidParameterError(
sklearn.utils._param_validation.InvalidParameterError: The 'solver' parameter of LogisticRegression must be a str among {'liblinear', 'newton-cg', 'saga', 'newton-cholesky', 'lbfgs', 'sag'}. Got 'sparse_cg' instead.


2025-09-10 11:57:13	EXCEPTION	Erro durante cross_val_score para o modelo LogisticRegression.	Traceback (most recent call last):
  File "D:\PROGRAMACAO\sklearn_rl\D_training\D1_training.py", line 133, in agent_training
    scores = cross_val_score(pipe, X_train, y_train, cv=3, scoring=scoring_metric)
             ^^^^^^^^^^^^^^^^^^^^^^^^^^^^^^^^^^^^^^^^^^^^^^^^^^^^^^^^^^^^^^^^^^^^^
  File "C:\Users\e_damas\anaconda3\envs\sklearn_rl\Lib\site-packages\sklearn\utils\_param_validation.py", line 218, in wrapper
    return func(*args, **kwargs)
           ^^^^^^^^^^^^^^^^^^^^^
  File "C:\Users\e_damas\anaconda3\envs\sklearn_rl\Lib\site-packages\sklearn\model_selection\_validation.py", line 677, in cross_val_score
    cv_results = cross_validate(
                 ^^^^^^^^^^^^^^^
  File "C:\Users\e_damas\anaconda3\envs\sklearn_rl\Lib\site-packages\sklearn\utils\_param_validation.py", line 218, in wrapper
    return func(*args, **kwargs)
           ^^^^^^^^^^^^^^^^^^^^^
  File "C:\Users\e_damas\anaconda3\envs\sklearn_rl\Lib\site-packages\sklearn\model_selection\_validation.py", line 419, in cross_validate
    _warn_or_raise_about_fit_failures(results, error_score)
  File "C:\Users\e_damas\anaconda3\envs\sklearn_rl\Lib\site-packages\sklearn\model_selection\_validation.py", line 505, in _warn_or_raise_about_fit_failures
    raise ValueError(all_fits_failed_message)
ValueError: 
All the 3 fits failed.
It is very likely that your model is misconfigured.
You can try to debug the error by setting error_score='raise'.

Below are more details about the failures:
--------------------------------------------------------------------------------
3 fits failed with the following error:
Traceback (most recent call last):
  File "C:\Users\e_damas\anaconda3\envs\sklearn_rl\Lib\site-packages\sklearn\model_selection\_validation.py", line 859, in _fit_and_score
    estimator.fit(X_train, y_train, **fit_params)
  File "C:\Users\e_damas\anaconda3\envs\sklearn_rl\Lib\site-packages\sklearn\base.py", line 1365, in wrapper
    return fit_method(estimator, *args, **kwargs)
           ^^^^^^^^^^^^^^^^^^^^^^^^^^^^^^^^^^^^^^
  File "C:\Users\e_damas\anaconda3\envs\sklearn_rl\Lib\site-packages\sklearn\pipeline.py", line 663, in fit
    self._final_estimator.fit(Xt, y, **last_step_params["fit"])
  File "C:\Users\e_damas\anaconda3\envs\sklearn_rl\Lib\site-packages\sklearn\base.py", line 1358, in wrapper
    estimator._validate_params()
  File "C:\Users\e_damas\anaconda3\envs\sklearn_rl\Lib\site-packages\sklearn\base.py", line 471, in _validate_params
    validate_parameter_constraints(
  File "C:\Users\e_damas\anaconda3\envs\sklearn_rl\Lib\site-packages\sklearn\utils\_param_validation.py", line 98, in validate_parameter_constraints
    raise InvalidParameterError(
sklearn.utils._param_validation.InvalidParameterError: The 'solver' parameter of LogisticRegression must be a str among {'liblinear', 'newton-cg', 'saga', 'newton-cholesky', 'lbfgs', 'sag'}. Got 'cholesky' instead.


2025-09-10 11:57:14	EXCEPTION	Erro durante cross_val_score para o modelo LogisticRegression.	Traceback (most recent call last):
  File "D:\PROGRAMACAO\sklearn_rl\D_training\D1_training.py", line 133, in agent_training
    scores = cross_val_score(pipe, X_train, y_train, cv=3, scoring=scoring_metric)
             ^^^^^^^^^^^^^^^^^^^^^^^^^^^^^^^^^^^^^^^^^^^^^^^^^^^^^^^^^^^^^^^^^^^^^
  File "C:\Users\e_damas\anaconda3\envs\sklearn_rl\Lib\site-packages\sklearn\utils\_param_validation.py", line 218, in wrapper
    return func(*args, **kwargs)
           ^^^^^^^^^^^^^^^^^^^^^
  File "C:\Users\e_damas\anaconda3\envs\sklearn_rl\Lib\site-packages\sklearn\model_selection\_validation.py", line 677, in cross_val_score
    cv_results = cross_validate(
                 ^^^^^^^^^^^^^^^
  File "C:\Users\e_damas\anaconda3\envs\sklearn_rl\Lib\site-packages\sklearn\utils\_param_validation.py", line 218, in wrapper
    return func(*args, **kwargs)
           ^^^^^^^^^^^^^^^^^^^^^
  File "C:\Users\e_damas\anaconda3\envs\sklearn_rl\Lib\site-packages\sklearn\model_selection\_validation.py", line 419, in cross_validate
    _warn_or_raise_about_fit_failures(results, error_score)
  File "C:\Users\e_damas\anaconda3\envs\sklearn_rl\Lib\site-packages\sklearn\model_selection\_validation.py", line 505, in _warn_or_raise_about_fit_failures
    raise ValueError(all_fits_failed_message)
ValueError: 
All the 3 fits failed.
It is very likely that your model is misconfigured.
You can try to debug the error by setting error_score='raise'.

Below are more details about the failures:
--------------------------------------------------------------------------------
3 fits failed with the following error:
Traceback (most recent call last):
  File "C:\Users\e_damas\anaconda3\envs\sklearn_rl\Lib\site-packages\sklearn\model_selection\_validation.py", line 859, in _fit_and_score
    estimator.fit(X_train, y_train, **fit_params)
  File "C:\Users\e_damas\anaconda3\envs\sklearn_rl\Lib\site-packages\sklearn\base.py", line 1365, in wrapper
    return fit_method(estimator, *args, **kwargs)
           ^^^^^^^^^^^^^^^^^^^^^^^^^^^^^^^^^^^^^^
  File "C:\Users\e_damas\anaconda3\envs\sklearn_rl\Lib\site-packages\sklearn\pipeline.py", line 663, in fit
    self._final_estimator.fit(Xt, y, **last_step_params["fit"])
  File "C:\Users\e_damas\anaconda3\envs\sklearn_rl\Lib\site-packages\sklearn\base.py", line 1358, in wrapper
    estimator._validate_params()
  File "C:\Users\e_damas\anaconda3\envs\sklearn_rl\Lib\site-packages\sklearn\base.py", line 471, in _validate_params
    validate_parameter_constraints(
  File "C:\Users\e_damas\anaconda3\envs\sklearn_rl\Lib\site-packages\sklearn\utils\_param_validation.py", line 98, in validate_parameter_constraints
    raise InvalidParameterError(
sklearn.utils._param_validation.InvalidParameterError: The 'solver' parameter of LogisticRegression must be a str among {'liblinear', 'newton-cg', 'saga', 'newton-cholesky', 'lbfgs', 'sag'}. Got 'lsqr' instead.


2025-09-10 11:57:14	EXCEPTION	Erro durante cross_val_score para o modelo LogisticRegression.	Traceback (most recent call last):
  File "D:\PROGRAMACAO\sklearn_rl\D_training\D1_training.py", line 133, in agent_training
    scores = cross_val_score(pipe, X_train, y_train, cv=3, scoring=scoring_metric)
             ^^^^^^^^^^^^^^^^^^^^^^^^^^^^^^^^^^^^^^^^^^^^^^^^^^^^^^^^^^^^^^^^^^^^^
  File "C:\Users\e_damas\anaconda3\envs\sklearn_rl\Lib\site-packages\sklearn\utils\_param_validation.py", line 218, in wrapper
    return func(*args, **kwargs)
           ^^^^^^^^^^^^^^^^^^^^^
  File "C:\Users\e_damas\anaconda3\envs\sklearn_rl\Lib\site-packages\sklearn\model_selection\_validation.py", line 677, in cross_val_score
    cv_results = cross_validate(
                 ^^^^^^^^^^^^^^^
  File "C:\Users\e_damas\anaconda3\envs\sklearn_rl\Lib\site-packages\sklearn\utils\_param_validation.py", line 218, in wrapper
    return func(*args, **kwargs)
           ^^^^^^^^^^^^^^^^^^^^^
  File "C:\Users\e_damas\anaconda3\envs\sklearn_rl\Lib\site-packages\sklearn\model_selection\_validation.py", line 419, in cross_validate
    _warn_or_raise_about_fit_failures(results, error_score)
  File "C:\Users\e_damas\anaconda3\envs\sklearn_rl\Lib\site-packages\sklearn\model_selection\_validation.py", line 505, in _warn_or_raise_about_fit_failures
    raise ValueError(all_fits_failed_message)
ValueError: 
All the 3 fits failed.
It is very likely that your model is misconfigured.
You can try to debug the error by setting error_score='raise'.

Below are more details about the failures:
--------------------------------------------------------------------------------
3 fits failed with the following error:
Traceback (most recent call last):
  File "C:\Users\e_damas\anaconda3\envs\sklearn_rl\Lib\site-packages\sklearn\model_selection\_validation.py", line 859, in _fit_and_score
    estimator.fit(X_train, y_train, **fit_params)
  File "C:\Users\e_damas\anaconda3\envs\sklearn_rl\Lib\site-packages\sklearn\base.py", line 1365, in wrapper
    return fit_method(estimator, *args, **kwargs)
           ^^^^^^^^^^^^^^^^^^^^^^^^^^^^^^^^^^^^^^
  File "C:\Users\e_damas\anaconda3\envs\sklearn_rl\Lib\site-packages\sklearn\pipeline.py", line 663, in fit
    self._final_estimator.fit(Xt, y, **last_step_params["fit"])
  File "C:\Users\e_damas\anaconda3\envs\sklearn_rl\Lib\site-packages\sklearn\base.py", line 1358, in wrapper
    estimator._validate_params()
  File "C:\Users\e_damas\anaconda3\envs\sklearn_rl\Lib\site-packages\sklearn\base.py", line 471, in _validate_params
    validate_parameter_constraints(
  File "C:\Users\e_damas\anaconda3\envs\sklearn_rl\Lib\site-packages\sklearn\utils\_param_validation.py", line 98, in validate_parameter_constraints
    raise InvalidParameterError(
sklearn.utils._param_validation.InvalidParameterError: The 'solver' parameter of LogisticRegression must be a str among {'liblinear', 'newton-cg', 'saga', 'newton-cholesky', 'lbfgs', 'sag'}. Got 'auto' instead.


2025-09-10 11:57:14	EXCEPTION	Erro durante cross_val_score para o modelo LogisticRegression.	Traceback (most recent call last):
  File "D:\PROGRAMACAO\sklearn_rl\D_training\D1_training.py", line 133, in agent_training
    scores = cross_val_score(pipe, X_train, y_train, cv=3, scoring=scoring_metric)
             ^^^^^^^^^^^^^^^^^^^^^^^^^^^^^^^^^^^^^^^^^^^^^^^^^^^^^^^^^^^^^^^^^^^^^
  File "C:\Users\e_damas\anaconda3\envs\sklearn_rl\Lib\site-packages\sklearn\utils\_param_validation.py", line 218, in wrapper
    return func(*args, **kwargs)
           ^^^^^^^^^^^^^^^^^^^^^
  File "C:\Users\e_damas\anaconda3\envs\sklearn_rl\Lib\site-packages\sklearn\model_selection\_validation.py", line 677, in cross_val_score
    cv_results = cross_validate(
                 ^^^^^^^^^^^^^^^
  File "C:\Users\e_damas\anaconda3\envs\sklearn_rl\Lib\site-packages\sklearn\utils\_param_validation.py", line 218, in wrapper
    return func(*args, **kwargs)
           ^^^^^^^^^^^^^^^^^^^^^
  File "C:\Users\e_damas\anaconda3\envs\sklearn_rl\Lib\site-packages\sklearn\model_selection\_validation.py", line 419, in cross_validate
    _warn_or_raise_about_fit_failures(results, error_score)
  File "C:\Users\e_damas\anaconda3\envs\sklearn_rl\Lib\site-packages\sklearn\model_selection\_validation.py", line 505, in _warn_or_raise_about_fit_failures
    raise ValueError(all_fits_failed_message)
ValueError: 
All the 3 fits failed.
It is very likely that your model is misconfigured.
You can try to debug the error by setting error_score='raise'.

Below are more details about the failures:
--------------------------------------------------------------------------------
3 fits failed with the following error:
Traceback (most recent call last):
  File "C:\Users\e_damas\anaconda3\envs\sklearn_rl\Lib\site-packages\sklearn\model_selection\_validation.py", line 859, in _fit_and_score
    estimator.fit(X_train, y_train, **fit_params)
  File "C:\Users\e_damas\anaconda3\envs\sklearn_rl\Lib\site-packages\sklearn\base.py", line 1365, in wrapper
    return fit_method(estimator, *args, **kwargs)
           ^^^^^^^^^^^^^^^^^^^^^^^^^^^^^^^^^^^^^^
  File "C:\Users\e_damas\anaconda3\envs\sklearn_rl\Lib\site-packages\sklearn\pipeline.py", line 663, in fit
    self._final_estimator.fit(Xt, y, **last_step_params["fit"])
  File "C:\Users\e_damas\anaconda3\envs\sklearn_rl\Lib\site-packages\sklearn\base.py", line 1365, in wrapper
    return fit_method(estimator, *args, **kwargs)
           ^^^^^^^^^^^^^^^^^^^^^^^^^^^^^^^^^^^^^^
  File "C:\Users\e_damas\anaconda3\envs\sklearn_rl\Lib\site-packages\sklearn\linear_model\_logistic.py", line 1218, in fit
    solver = _check_solver(self.solver, self.penalty, self.dual)
             ^^^^^^^^^^^^^^^^^^^^^^^^^^^^^^^^^^^^^^^^^^^^^^^^^^^
  File "C:\Users\e_damas\anaconda3\envs\sklearn_rl\Lib\site-packages\sklearn\linear_model\_logistic.py", line 64, in _check_solver
    raise ValueError(
ValueError: Solver sag supports only 'l2' or None penalties, got l1 penalty.


2025-09-10 11:57:18	EXCEPTION	Erro durante cross_val_score para o modelo LogisticRegression.	Traceback (most recent call last):
  File "D:\PROGRAMACAO\sklearn_rl\D_training\D1_training.py", line 133, in agent_training
    scores = cross_val_score(pipe, X_train, y_train, cv=3, scoring=scoring_metric)
             ^^^^^^^^^^^^^^^^^^^^^^^^^^^^^^^^^^^^^^^^^^^^^^^^^^^^^^^^^^^^^^^^^^^^^
  File "C:\Users\e_damas\anaconda3\envs\sklearn_rl\Lib\site-packages\sklearn\utils\_param_validation.py", line 218, in wrapper
    return func(*args, **kwargs)
           ^^^^^^^^^^^^^^^^^^^^^
  File "C:\Users\e_damas\anaconda3\envs\sklearn_rl\Lib\site-packages\sklearn\model_selection\_validation.py", line 677, in cross_val_score
    cv_results = cross_validate(
                 ^^^^^^^^^^^^^^^
  File "C:\Users\e_damas\anaconda3\envs\sklearn_rl\Lib\site-packages\sklearn\utils\_param_validation.py", line 218, in wrapper
    return func(*args, **kwargs)
           ^^^^^^^^^^^^^^^^^^^^^
  File "C:\Users\e_damas\anaconda3\envs\sklearn_rl\Lib\site-packages\sklearn\model_selection\_validation.py", line 419, in cross_validate
    _warn_or_raise_about_fit_failures(results, error_score)
  File "C:\Users\e_damas\anaconda3\envs\sklearn_rl\Lib\site-packages\sklearn\model_selection\_validation.py", line 505, in _warn_or_raise_about_fit_failures
    raise ValueError(all_fits_failed_message)
ValueError: 
All the 3 fits failed.
It is very likely that your model is misconfigured.
You can try to debug the error by setting error_score='raise'.

Below are more details about the failures:
--------------------------------------------------------------------------------
3 fits failed with the following error:
Traceback (most recent call last):
  File "C:\Users\e_damas\anaconda3\envs\sklearn_rl\Lib\site-packages\sklearn\model_selection\_validation.py", line 859, in _fit_and_score
    estimator.fit(X_train, y_train, **fit_params)
  File "C:\Users\e_damas\anaconda3\envs\sklearn_rl\Lib\site-packages\sklearn\base.py", line 1365, in wrapper
    return fit_method(estimator, *args, **kwargs)
           ^^^^^^^^^^^^^^^^^^^^^^^^^^^^^^^^^^^^^^
  File "C:\Users\e_damas\anaconda3\envs\sklearn_rl\Lib\site-packages\sklearn\pipeline.py", line 663, in fit
    self._final_estimator.fit(Xt, y, **last_step_params["fit"])
  File "C:\Users\e_damas\anaconda3\envs\sklearn_rl\Lib\site-packages\sklearn\base.py", line 1365, in wrapper
    return fit_method(estimator, *args, **kwargs)
           ^^^^^^^^^^^^^^^^^^^^^^^^^^^^^^^^^^^^^^
  File "C:\Users\e_damas\anaconda3\envs\sklearn_rl\Lib\site-packages\sklearn\linear_model\_logistic.py", line 1218, in fit
    solver = _check_solver(self.solver, self.penalty, self.dual)
             ^^^^^^^^^^^^^^^^^^^^^^^^^^^^^^^^^^^^^^^^^^^^^^^^^^^
  File "C:\Users\e_damas\anaconda3\envs\sklearn_rl\Lib\site-packages\sklearn\linear_model\_logistic.py", line 64, in _check_solver
    raise ValueError(
ValueError: Solver sag supports only 'l2' or None penalties, got l1 penalty.


2025-09-10 11:57:59	EXCEPTION	Erro durante cross_val_score para o modelo LogisticRegression.	Traceback (most recent call last):
  File "D:\PROGRAMACAO\sklearn_rl\D_training\D1_training.py", line 133, in agent_training
    scores = cross_val_score(pipe, X_train, y_train, cv=3, scoring=scoring_metric)
             ^^^^^^^^^^^^^^^^^^^^^^^^^^^^^^^^^^^^^^^^^^^^^^^^^^^^^^^^^^^^^^^^^^^^^
  File "C:\Users\e_damas\anaconda3\envs\sklearn_rl\Lib\site-packages\sklearn\utils\_param_validation.py", line 218, in wrapper
    return func(*args, **kwargs)
           ^^^^^^^^^^^^^^^^^^^^^
  File "C:\Users\e_damas\anaconda3\envs\sklearn_rl\Lib\site-packages\sklearn\model_selection\_validation.py", line 677, in cross_val_score
    cv_results = cross_validate(
                 ^^^^^^^^^^^^^^^
  File "C:\Users\e_damas\anaconda3\envs\sklearn_rl\Lib\site-packages\sklearn\utils\_param_validation.py", line 218, in wrapper
    return func(*args, **kwargs)
           ^^^^^^^^^^^^^^^^^^^^^
  File "C:\Users\e_damas\anaconda3\envs\sklearn_rl\Lib\site-packages\sklearn\model_selection\_validation.py", line 419, in cross_validate
    _warn_or_raise_about_fit_failures(results, error_score)
  File "C:\Users\e_damas\anaconda3\envs\sklearn_rl\Lib\site-packages\sklearn\model_selection\_validation.py", line 505, in _warn_or_raise_about_fit_failures
    raise ValueError(all_fits_failed_message)
ValueError: 
All the 3 fits failed.
It is very likely that your model is misconfigured.
You can try to debug the error by setting error_score='raise'.

Below are more details about the failures:
--------------------------------------------------------------------------------
3 fits failed with the following error:
Traceback (most recent call last):
  File "C:\Users\e_damas\anaconda3\envs\sklearn_rl\Lib\site-packages\sklearn\model_selection\_validation.py", line 859, in _fit_and_score
    estimator.fit(X_train, y_train, **fit_params)
  File "C:\Users\e_damas\anaconda3\envs\sklearn_rl\Lib\site-packages\sklearn\base.py", line 1365, in wrapper
    return fit_method(estimator, *args, **kwargs)
           ^^^^^^^^^^^^^^^^^^^^^^^^^^^^^^^^^^^^^^
  File "C:\Users\e_damas\anaconda3\envs\sklearn_rl\Lib\site-packages\sklearn\pipeline.py", line 663, in fit
    self._final_estimator.fit(Xt, y, **last_step_params["fit"])
  File "C:\Users\e_damas\anaconda3\envs\sklearn_rl\Lib\site-packages\sklearn\base.py", line 1365, in wrapper
    return fit_method(estimator, *args, **kwargs)
           ^^^^^^^^^^^^^^^^^^^^^^^^^^^^^^^^^^^^^^
  File "C:\Users\e_damas\anaconda3\envs\sklearn_rl\Lib\site-packages\sklearn\linear_model\_logistic.py", line 1218, in fit
    solver = _check_solver(self.solver, self.penalty, self.dual)
             ^^^^^^^^^^^^^^^^^^^^^^^^^^^^^^^^^^^^^^^^^^^^^^^^^^^
  File "C:\Users\e_damas\anaconda3\envs\sklearn_rl\Lib\site-packages\sklearn\linear_model\_logistic.py", line 64, in _check_solver
    raise ValueError(
ValueError: Solver lbfgs supports only 'l2' or None penalties, got l1 penalty.


2025-09-10 11:58:39	EXCEPTION	Erro durante cross_val_score para o modelo LogisticRegression.	Traceback (most recent call last):
  File "D:\PROGRAMACAO\sklearn_rl\D_training\D1_training.py", line 133, in agent_training
    scores = cross_val_score(pipe, X_train, y_train, cv=3, scoring=scoring_metric)
             ^^^^^^^^^^^^^^^^^^^^^^^^^^^^^^^^^^^^^^^^^^^^^^^^^^^^^^^^^^^^^^^^^^^^^
  File "C:\Users\e_damas\anaconda3\envs\sklearn_rl\Lib\site-packages\sklearn\utils\_param_validation.py", line 218, in wrapper
    return func(*args, **kwargs)
           ^^^^^^^^^^^^^^^^^^^^^
  File "C:\Users\e_damas\anaconda3\envs\sklearn_rl\Lib\site-packages\sklearn\model_selection\_validation.py", line 677, in cross_val_score
    cv_results = cross_validate(
                 ^^^^^^^^^^^^^^^
  File "C:\Users\e_damas\anaconda3\envs\sklearn_rl\Lib\site-packages\sklearn\utils\_param_validation.py", line 218, in wrapper
    return func(*args, **kwargs)
           ^^^^^^^^^^^^^^^^^^^^^
  File "C:\Users\e_damas\anaconda3\envs\sklearn_rl\Lib\site-packages\sklearn\model_selection\_validation.py", line 419, in cross_validate
    _warn_or_raise_about_fit_failures(results, error_score)
  File "C:\Users\e_damas\anaconda3\envs\sklearn_rl\Lib\site-packages\sklearn\model_selection\_validation.py", line 505, in _warn_or_raise_about_fit_failures
    raise ValueError(all_fits_failed_message)
ValueError: 
All the 3 fits failed.
It is very likely that your model is misconfigured.
You can try to debug the error by setting error_score='raise'.

Below are more details about the failures:
--------------------------------------------------------------------------------
3 fits failed with the following error:
Traceback (most recent call last):
  File "C:\Users\e_damas\anaconda3\envs\sklearn_rl\Lib\site-packages\sklearn\model_selection\_validation.py", line 859, in _fit_and_score
    estimator.fit(X_train, y_train, **fit_params)
  File "C:\Users\e_damas\anaconda3\envs\sklearn_rl\Lib\site-packages\sklearn\base.py", line 1365, in wrapper
    return fit_method(estimator, *args, **kwargs)
           ^^^^^^^^^^^^^^^^^^^^^^^^^^^^^^^^^^^^^^
  File "C:\Users\e_damas\anaconda3\envs\sklearn_rl\Lib\site-packages\sklearn\pipeline.py", line 663, in fit
    self._final_estimator.fit(Xt, y, **last_step_params["fit"])
  File "C:\Users\e_damas\anaconda3\envs\sklearn_rl\Lib\site-packages\sklearn\base.py", line 1358, in wrapper
    estimator._validate_params()
  File "C:\Users\e_damas\anaconda3\envs\sklearn_rl\Lib\site-packages\sklearn\base.py", line 471, in _validate_params
    validate_parameter_constraints(
  File "C:\Users\e_damas\anaconda3\envs\sklearn_rl\Lib\site-packages\sklearn\utils\_param_validation.py", line 98, in validate_parameter_constraints
    raise InvalidParameterError(
sklearn.utils._param_validation.InvalidParameterError: The 'solver' parameter of LogisticRegression must be a str among {'liblinear', 'newton-cg', 'saga', 'newton-cholesky', 'lbfgs', 'sag'}. Got 'svd' instead.


2025-09-10 11:58:43	EXCEPTION	Erro durante cross_val_score para o modelo LogisticRegression.	Traceback (most recent call last):
  File "D:\PROGRAMACAO\sklearn_rl\D_training\D1_training.py", line 133, in agent_training
    scores = cross_val_score(pipe, X_train, y_train, cv=3, scoring=scoring_metric)
             ^^^^^^^^^^^^^^^^^^^^^^^^^^^^^^^^^^^^^^^^^^^^^^^^^^^^^^^^^^^^^^^^^^^^^
  File "C:\Users\e_damas\anaconda3\envs\sklearn_rl\Lib\site-packages\sklearn\utils\_param_validation.py", line 218, in wrapper
    return func(*args, **kwargs)
           ^^^^^^^^^^^^^^^^^^^^^
  File "C:\Users\e_damas\anaconda3\envs\sklearn_rl\Lib\site-packages\sklearn\model_selection\_validation.py", line 677, in cross_val_score
    cv_results = cross_validate(
                 ^^^^^^^^^^^^^^^
  File "C:\Users\e_damas\anaconda3\envs\sklearn_rl\Lib\site-packages\sklearn\utils\_param_validation.py", line 218, in wrapper
    return func(*args, **kwargs)
           ^^^^^^^^^^^^^^^^^^^^^
  File "C:\Users\e_damas\anaconda3\envs\sklearn_rl\Lib\site-packages\sklearn\model_selection\_validation.py", line 419, in cross_validate
    _warn_or_raise_about_fit_failures(results, error_score)
  File "C:\Users\e_damas\anaconda3\envs\sklearn_rl\Lib\site-packages\sklearn\model_selection\_validation.py", line 505, in _warn_or_raise_about_fit_failures
    raise ValueError(all_fits_failed_message)
ValueError: 
All the 3 fits failed.
It is very likely that your model is misconfigured.
You can try to debug the error by setting error_score='raise'.

Below are more details about the failures:
--------------------------------------------------------------------------------
3 fits failed with the following error:
Traceback (most recent call last):
  File "C:\Users\e_damas\anaconda3\envs\sklearn_rl\Lib\site-packages\sklearn\model_selection\_validation.py", line 859, in _fit_and_score
    estimator.fit(X_train, y_train, **fit_params)
  File "C:\Users\e_damas\anaconda3\envs\sklearn_rl\Lib\site-packages\sklearn\base.py", line 1365, in wrapper
    return fit_method(estimator, *args, **kwargs)
           ^^^^^^^^^^^^^^^^^^^^^^^^^^^^^^^^^^^^^^
  File "C:\Users\e_damas\anaconda3\envs\sklearn_rl\Lib\site-packages\sklearn\pipeline.py", line 663, in fit
    self._final_estimator.fit(Xt, y, **last_step_params["fit"])
  File "C:\Users\e_damas\anaconda3\envs\sklearn_rl\Lib\site-packages\sklearn\base.py", line 1358, in wrapper
    estimator._validate_params()
  File "C:\Users\e_damas\anaconda3\envs\sklearn_rl\Lib\site-packages\sklearn\base.py", line 471, in _validate_params
    validate_parameter_constraints(
  File "C:\Users\e_damas\anaconda3\envs\sklearn_rl\Lib\site-packages\sklearn\utils\_param_validation.py", line 98, in validate_parameter_constraints
    raise InvalidParameterError(
sklearn.utils._param_validation.InvalidParameterError: The 'solver' parameter of LogisticRegression must be a str among {'liblinear', 'newton-cg', 'saga', 'newton-cholesky', 'lbfgs', 'sag'}. Got 'cholesky' instead.


2025-09-10 11:59:18	EXCEPTION	Erro durante cross_val_score para o modelo LogisticRegression.	Traceback (most recent call last):
  File "D:\PROGRAMACAO\sklearn_rl\D_training\D1_training.py", line 133, in agent_training
    scores = cross_val_score(pipe, X_train, y_train, cv=3, scoring=scoring_metric)
             ^^^^^^^^^^^^^^^^^^^^^^^^^^^^^^^^^^^^^^^^^^^^^^^^^^^^^^^^^^^^^^^^^^^^^
  File "C:\Users\e_damas\anaconda3\envs\sklearn_rl\Lib\site-packages\sklearn\utils\_param_validation.py", line 218, in wrapper
    return func(*args, **kwargs)
           ^^^^^^^^^^^^^^^^^^^^^
  File "C:\Users\e_damas\anaconda3\envs\sklearn_rl\Lib\site-packages\sklearn\model_selection\_validation.py", line 677, in cross_val_score
    cv_results = cross_validate(
                 ^^^^^^^^^^^^^^^
  File "C:\Users\e_damas\anaconda3\envs\sklearn_rl\Lib\site-packages\sklearn\utils\_param_validation.py", line 218, in wrapper
    return func(*args, **kwargs)
           ^^^^^^^^^^^^^^^^^^^^^
  File "C:\Users\e_damas\anaconda3\envs\sklearn_rl\Lib\site-packages\sklearn\model_selection\_validation.py", line 419, in cross_validate
    _warn_or_raise_about_fit_failures(results, error_score)
  File "C:\Users\e_damas\anaconda3\envs\sklearn_rl\Lib\site-packages\sklearn\model_selection\_validation.py", line 505, in _warn_or_raise_about_fit_failures
    raise ValueError(all_fits_failed_message)
ValueError: 
All the 3 fits failed.
It is very likely that your model is misconfigured.
You can try to debug the error by setting error_score='raise'.

Below are more details about the failures:
--------------------------------------------------------------------------------
3 fits failed with the following error:
Traceback (most recent call last):
  File "C:\Users\e_damas\anaconda3\envs\sklearn_rl\Lib\site-packages\sklearn\model_selection\_validation.py", line 859, in _fit_and_score
    estimator.fit(X_train, y_train, **fit_params)
  File "C:\Users\e_damas\anaconda3\envs\sklearn_rl\Lib\site-packages\sklearn\base.py", line 1365, in wrapper
    return fit_method(estimator, *args, **kwargs)
           ^^^^^^^^^^^^^^^^^^^^^^^^^^^^^^^^^^^^^^
  File "C:\Users\e_damas\anaconda3\envs\sklearn_rl\Lib\site-packages\sklearn\pipeline.py", line 663, in fit
    self._final_estimator.fit(Xt, y, **last_step_params["fit"])
  File "C:\Users\e_damas\anaconda3\envs\sklearn_rl\Lib\site-packages\sklearn\base.py", line 1358, in wrapper
    estimator._validate_params()
  File "C:\Users\e_damas\anaconda3\envs\sklearn_rl\Lib\site-packages\sklearn\base.py", line 471, in _validate_params
    validate_parameter_constraints(
  File "C:\Users\e_damas\anaconda3\envs\sklearn_rl\Lib\site-packages\sklearn\utils\_param_validation.py", line 98, in validate_parameter_constraints
    raise InvalidParameterError(
sklearn.utils._param_validation.InvalidParameterError: The 'solver' parameter of LogisticRegression must be a str among {'liblinear', 'newton-cg', 'saga', 'newton-cholesky', 'lbfgs', 'sag'}. Got 'svd' instead.


2025-09-10 11:59:26	EXCEPTION	Erro durante cross_val_score para o modelo LogisticRegression.	Traceback (most recent call last):
  File "D:\PROGRAMACAO\sklearn_rl\D_training\D1_training.py", line 133, in agent_training
    scores = cross_val_score(pipe, X_train, y_train, cv=3, scoring=scoring_metric)
             ^^^^^^^^^^^^^^^^^^^^^^^^^^^^^^^^^^^^^^^^^^^^^^^^^^^^^^^^^^^^^^^^^^^^^
  File "C:\Users\e_damas\anaconda3\envs\sklearn_rl\Lib\site-packages\sklearn\utils\_param_validation.py", line 218, in wrapper
    return func(*args, **kwargs)
           ^^^^^^^^^^^^^^^^^^^^^
  File "C:\Users\e_damas\anaconda3\envs\sklearn_rl\Lib\site-packages\sklearn\model_selection\_validation.py", line 677, in cross_val_score
    cv_results = cross_validate(
                 ^^^^^^^^^^^^^^^
  File "C:\Users\e_damas\anaconda3\envs\sklearn_rl\Lib\site-packages\sklearn\utils\_param_validation.py", line 218, in wrapper
    return func(*args, **kwargs)
           ^^^^^^^^^^^^^^^^^^^^^
  File "C:\Users\e_damas\anaconda3\envs\sklearn_rl\Lib\site-packages\sklearn\model_selection\_validation.py", line 419, in cross_validate
    _warn_or_raise_about_fit_failures(results, error_score)
  File "C:\Users\e_damas\anaconda3\envs\sklearn_rl\Lib\site-packages\sklearn\model_selection\_validation.py", line 505, in _warn_or_raise_about_fit_failures
    raise ValueError(all_fits_failed_message)
ValueError: 
All the 3 fits failed.
It is very likely that your model is misconfigured.
You can try to debug the error by setting error_score='raise'.

Below are more details about the failures:
--------------------------------------------------------------------------------
3 fits failed with the following error:
Traceback (most recent call last):
  File "C:\Users\e_damas\anaconda3\envs\sklearn_rl\Lib\site-packages\sklearn\model_selection\_validation.py", line 859, in _fit_and_score
    estimator.fit(X_train, y_train, **fit_params)
  File "C:\Users\e_damas\anaconda3\envs\sklearn_rl\Lib\site-packages\sklearn\base.py", line 1365, in wrapper
    return fit_method(estimator, *args, **kwargs)
           ^^^^^^^^^^^^^^^^^^^^^^^^^^^^^^^^^^^^^^
  File "C:\Users\e_damas\anaconda3\envs\sklearn_rl\Lib\site-packages\sklearn\pipeline.py", line 663, in fit
    self._final_estimator.fit(Xt, y, **last_step_params["fit"])
  File "C:\Users\e_damas\anaconda3\envs\sklearn_rl\Lib\site-packages\sklearn\base.py", line 1358, in wrapper
    estimator._validate_params()
  File "C:\Users\e_damas\anaconda3\envs\sklearn_rl\Lib\site-packages\sklearn\base.py", line 471, in _validate_params
    validate_parameter_constraints(
  File "C:\Users\e_damas\anaconda3\envs\sklearn_rl\Lib\site-packages\sklearn\utils\_param_validation.py", line 98, in validate_parameter_constraints
    raise InvalidParameterError(
sklearn.utils._param_validation.InvalidParameterError: The 'solver' parameter of LogisticRegression must be a str among {'liblinear', 'newton-cg', 'saga', 'newton-cholesky', 'lbfgs', 'sag'}. Got 'cholesky' instead.


2025-09-10 11:59:26	EXCEPTION	Erro durante cross_val_score para o modelo LogisticRegression.	Traceback (most recent call last):
  File "D:\PROGRAMACAO\sklearn_rl\D_training\D1_training.py", line 133, in agent_training
    scores = cross_val_score(pipe, X_train, y_train, cv=3, scoring=scoring_metric)
             ^^^^^^^^^^^^^^^^^^^^^^^^^^^^^^^^^^^^^^^^^^^^^^^^^^^^^^^^^^^^^^^^^^^^^
  File "C:\Users\e_damas\anaconda3\envs\sklearn_rl\Lib\site-packages\sklearn\utils\_param_validation.py", line 218, in wrapper
    return func(*args, **kwargs)
           ^^^^^^^^^^^^^^^^^^^^^
  File "C:\Users\e_damas\anaconda3\envs\sklearn_rl\Lib\site-packages\sklearn\model_selection\_validation.py", line 677, in cross_val_score
    cv_results = cross_validate(
                 ^^^^^^^^^^^^^^^
  File "C:\Users\e_damas\anaconda3\envs\sklearn_rl\Lib\site-packages\sklearn\utils\_param_validation.py", line 218, in wrapper
    return func(*args, **kwargs)
           ^^^^^^^^^^^^^^^^^^^^^
  File "C:\Users\e_damas\anaconda3\envs\sklearn_rl\Lib\site-packages\sklearn\model_selection\_validation.py", line 419, in cross_validate
    _warn_or_raise_about_fit_failures(results, error_score)
  File "C:\Users\e_damas\anaconda3\envs\sklearn_rl\Lib\site-packages\sklearn\model_selection\_validation.py", line 505, in _warn_or_raise_about_fit_failures
    raise ValueError(all_fits_failed_message)
ValueError: 
All the 3 fits failed.
It is very likely that your model is misconfigured.
You can try to debug the error by setting error_score='raise'.

Below are more details about the failures:
--------------------------------------------------------------------------------
3 fits failed with the following error:
Traceback (most recent call last):
  File "C:\Users\e_damas\anaconda3\envs\sklearn_rl\Lib\site-packages\sklearn\model_selection\_validation.py", line 859, in _fit_and_score
    estimator.fit(X_train, y_train, **fit_params)
  File "C:\Users\e_damas\anaconda3\envs\sklearn_rl\Lib\site-packages\sklearn\base.py", line 1365, in wrapper
    return fit_method(estimator, *args, **kwargs)
           ^^^^^^^^^^^^^^^^^^^^^^^^^^^^^^^^^^^^^^
  File "C:\Users\e_damas\anaconda3\envs\sklearn_rl\Lib\site-packages\sklearn\pipeline.py", line 663, in fit
    self._final_estimator.fit(Xt, y, **last_step_params["fit"])
  File "C:\Users\e_damas\anaconda3\envs\sklearn_rl\Lib\site-packages\sklearn\base.py", line 1358, in wrapper
    estimator._validate_params()
  File "C:\Users\e_damas\anaconda3\envs\sklearn_rl\Lib\site-packages\sklearn\base.py", line 471, in _validate_params
    validate_parameter_constraints(
  File "C:\Users\e_damas\anaconda3\envs\sklearn_rl\Lib\site-packages\sklearn\utils\_param_validation.py", line 98, in validate_parameter_constraints
    raise InvalidParameterError(
sklearn.utils._param_validation.InvalidParameterError: The 'solver' parameter of LogisticRegression must be a str among {'liblinear', 'newton-cg', 'saga', 'newton-cholesky', 'lbfgs', 'sag'}. Got 'auto' instead.


2025-09-10 11:59:26	EXCEPTION	Erro durante cross_val_score para o modelo LogisticRegression.	Traceback (most recent call last):
  File "D:\PROGRAMACAO\sklearn_rl\D_training\D1_training.py", line 133, in agent_training
    scores = cross_val_score(pipe, X_train, y_train, cv=3, scoring=scoring_metric)
             ^^^^^^^^^^^^^^^^^^^^^^^^^^^^^^^^^^^^^^^^^^^^^^^^^^^^^^^^^^^^^^^^^^^^^
  File "C:\Users\e_damas\anaconda3\envs\sklearn_rl\Lib\site-packages\sklearn\utils\_param_validation.py", line 218, in wrapper
    return func(*args, **kwargs)
           ^^^^^^^^^^^^^^^^^^^^^
  File "C:\Users\e_damas\anaconda3\envs\sklearn_rl\Lib\site-packages\sklearn\model_selection\_validation.py", line 677, in cross_val_score
    cv_results = cross_validate(
                 ^^^^^^^^^^^^^^^
  File "C:\Users\e_damas\anaconda3\envs\sklearn_rl\Lib\site-packages\sklearn\utils\_param_validation.py", line 218, in wrapper
    return func(*args, **kwargs)
           ^^^^^^^^^^^^^^^^^^^^^
  File "C:\Users\e_damas\anaconda3\envs\sklearn_rl\Lib\site-packages\sklearn\model_selection\_validation.py", line 419, in cross_validate
    _warn_or_raise_about_fit_failures(results, error_score)
  File "C:\Users\e_damas\anaconda3\envs\sklearn_rl\Lib\site-packages\sklearn\model_selection\_validation.py", line 505, in _warn_or_raise_about_fit_failures
    raise ValueError(all_fits_failed_message)
ValueError: 
All the 3 fits failed.
It is very likely that your model is misconfigured.
You can try to debug the error by setting error_score='raise'.

Below are more details about the failures:
--------------------------------------------------------------------------------
3 fits failed with the following error:
Traceback (most recent call last):
  File "C:\Users\e_damas\anaconda3\envs\sklearn_rl\Lib\site-packages\sklearn\model_selection\_validation.py", line 859, in _fit_and_score
    estimator.fit(X_train, y_train, **fit_params)
  File "C:\Users\e_damas\anaconda3\envs\sklearn_rl\Lib\site-packages\sklearn\base.py", line 1365, in wrapper
    return fit_method(estimator, *args, **kwargs)
           ^^^^^^^^^^^^^^^^^^^^^^^^^^^^^^^^^^^^^^
  File "C:\Users\e_damas\anaconda3\envs\sklearn_rl\Lib\site-packages\sklearn\pipeline.py", line 663, in fit
    self._final_estimator.fit(Xt, y, **last_step_params["fit"])
  File "C:\Users\e_damas\anaconda3\envs\sklearn_rl\Lib\site-packages\sklearn\base.py", line 1358, in wrapper
    estimator._validate_params()
  File "C:\Users\e_damas\anaconda3\envs\sklearn_rl\Lib\site-packages\sklearn\base.py", line 471, in _validate_params
    validate_parameter_constraints(
  File "C:\Users\e_damas\anaconda3\envs\sklearn_rl\Lib\site-packages\sklearn\utils\_param_validation.py", line 98, in validate_parameter_constraints
    raise InvalidParameterError(
sklearn.utils._param_validation.InvalidParameterError: The 'solver' parameter of LogisticRegression must be a str among {'liblinear', 'newton-cg', 'saga', 'newton-cholesky', 'lbfgs', 'sag'}. Got 'auto' instead.


2025-09-10 11:59:26	EXCEPTION	Erro durante cross_val_score para o modelo LogisticRegression.	Traceback (most recent call last):
  File "D:\PROGRAMACAO\sklearn_rl\D_training\D1_training.py", line 133, in agent_training
    scores = cross_val_score(pipe, X_train, y_train, cv=3, scoring=scoring_metric)
             ^^^^^^^^^^^^^^^^^^^^^^^^^^^^^^^^^^^^^^^^^^^^^^^^^^^^^^^^^^^^^^^^^^^^^
  File "C:\Users\e_damas\anaconda3\envs\sklearn_rl\Lib\site-packages\sklearn\utils\_param_validation.py", line 218, in wrapper
    return func(*args, **kwargs)
           ^^^^^^^^^^^^^^^^^^^^^
  File "C:\Users\e_damas\anaconda3\envs\sklearn_rl\Lib\site-packages\sklearn\model_selection\_validation.py", line 677, in cross_val_score
    cv_results = cross_validate(
                 ^^^^^^^^^^^^^^^
  File "C:\Users\e_damas\anaconda3\envs\sklearn_rl\Lib\site-packages\sklearn\utils\_param_validation.py", line 218, in wrapper
    return func(*args, **kwargs)
           ^^^^^^^^^^^^^^^^^^^^^
  File "C:\Users\e_damas\anaconda3\envs\sklearn_rl\Lib\site-packages\sklearn\model_selection\_validation.py", line 419, in cross_validate
    _warn_or_raise_about_fit_failures(results, error_score)
  File "C:\Users\e_damas\anaconda3\envs\sklearn_rl\Lib\site-packages\sklearn\model_selection\_validation.py", line 505, in _warn_or_raise_about_fit_failures
    raise ValueError(all_fits_failed_message)
ValueError: 
All the 3 fits failed.
It is very likely that your model is misconfigured.
You can try to debug the error by setting error_score='raise'.

Below are more details about the failures:
--------------------------------------------------------------------------------
3 fits failed with the following error:
Traceback (most recent call last):
  File "C:\Users\e_damas\anaconda3\envs\sklearn_rl\Lib\site-packages\sklearn\model_selection\_validation.py", line 859, in _fit_and_score
    estimator.fit(X_train, y_train, **fit_params)
  File "C:\Users\e_damas\anaconda3\envs\sklearn_rl\Lib\site-packages\sklearn\base.py", line 1365, in wrapper
    return fit_method(estimator, *args, **kwargs)
           ^^^^^^^^^^^^^^^^^^^^^^^^^^^^^^^^^^^^^^
  File "C:\Users\e_damas\anaconda3\envs\sklearn_rl\Lib\site-packages\sklearn\pipeline.py", line 663, in fit
    self._final_estimator.fit(Xt, y, **last_step_params["fit"])
  File "C:\Users\e_damas\anaconda3\envs\sklearn_rl\Lib\site-packages\sklearn\base.py", line 1365, in wrapper
    return fit_method(estimator, *args, **kwargs)
           ^^^^^^^^^^^^^^^^^^^^^^^^^^^^^^^^^^^^^^
  File "C:\Users\e_damas\anaconda3\envs\sklearn_rl\Lib\site-packages\sklearn\linear_model\_logistic.py", line 1218, in fit
    solver = _check_solver(self.solver, self.penalty, self.dual)
             ^^^^^^^^^^^^^^^^^^^^^^^^^^^^^^^^^^^^^^^^^^^^^^^^^^^
  File "C:\Users\e_damas\anaconda3\envs\sklearn_rl\Lib\site-packages\sklearn\linear_model\_logistic.py", line 64, in _check_solver
    raise ValueError(
ValueError: Solver lbfgs supports only 'l2' or None penalties, got l1 penalty.


2025-09-10 11:59:26	EXCEPTION	Erro durante cross_val_score para o modelo LogisticRegression.	Traceback (most recent call last):
  File "D:\PROGRAMACAO\sklearn_rl\D_training\D1_training.py", line 133, in agent_training
    scores = cross_val_score(pipe, X_train, y_train, cv=3, scoring=scoring_metric)
             ^^^^^^^^^^^^^^^^^^^^^^^^^^^^^^^^^^^^^^^^^^^^^^^^^^^^^^^^^^^^^^^^^^^^^
  File "C:\Users\e_damas\anaconda3\envs\sklearn_rl\Lib\site-packages\sklearn\utils\_param_validation.py", line 218, in wrapper
    return func(*args, **kwargs)
           ^^^^^^^^^^^^^^^^^^^^^
  File "C:\Users\e_damas\anaconda3\envs\sklearn_rl\Lib\site-packages\sklearn\model_selection\_validation.py", line 677, in cross_val_score
    cv_results = cross_validate(
                 ^^^^^^^^^^^^^^^
  File "C:\Users\e_damas\anaconda3\envs\sklearn_rl\Lib\site-packages\sklearn\utils\_param_validation.py", line 218, in wrapper
    return func(*args, **kwargs)
           ^^^^^^^^^^^^^^^^^^^^^
  File "C:\Users\e_damas\anaconda3\envs\sklearn_rl\Lib\site-packages\sklearn\model_selection\_validation.py", line 419, in cross_validate
    _warn_or_raise_about_fit_failures(results, error_score)
  File "C:\Users\e_damas\anaconda3\envs\sklearn_rl\Lib\site-packages\sklearn\model_selection\_validation.py", line 505, in _warn_or_raise_about_fit_failures
    raise ValueError(all_fits_failed_message)
ValueError: 
All the 3 fits failed.
It is very likely that your model is misconfigured.
You can try to debug the error by setting error_score='raise'.

Below are more details about the failures:
--------------------------------------------------------------------------------
3 fits failed with the following error:
Traceback (most recent call last):
  File "C:\Users\e_damas\anaconda3\envs\sklearn_rl\Lib\site-packages\sklearn\model_selection\_validation.py", line 859, in _fit_and_score
    estimator.fit(X_train, y_train, **fit_params)
  File "C:\Users\e_damas\anaconda3\envs\sklearn_rl\Lib\site-packages\sklearn\base.py", line 1365, in wrapper
    return fit_method(estimator, *args, **kwargs)
           ^^^^^^^^^^^^^^^^^^^^^^^^^^^^^^^^^^^^^^
  File "C:\Users\e_damas\anaconda3\envs\sklearn_rl\Lib\site-packages\sklearn\pipeline.py", line 663, in fit
    self._final_estimator.fit(Xt, y, **last_step_params["fit"])
  File "C:\Users\e_damas\anaconda3\envs\sklearn_rl\Lib\site-packages\sklearn\base.py", line 1365, in wrapper
    return fit_method(estimator, *args, **kwargs)
           ^^^^^^^^^^^^^^^^^^^^^^^^^^^^^^^^^^^^^^
  File "C:\Users\e_damas\anaconda3\envs\sklearn_rl\Lib\site-packages\sklearn\linear_model\_logistic.py", line 1218, in fit
    solver = _check_solver(self.solver, self.penalty, self.dual)
             ^^^^^^^^^^^^^^^^^^^^^^^^^^^^^^^^^^^^^^^^^^^^^^^^^^^
  File "C:\Users\e_damas\anaconda3\envs\sklearn_rl\Lib\site-packages\sklearn\linear_model\_logistic.py", line 64, in _check_solver
    raise ValueError(
ValueError: Solver sag supports only 'l2' or None penalties, got elasticnet penalty.


2025-09-10 11:59:27	EXCEPTION	Erro durante cross_val_score para o modelo LogisticRegression.	Traceback (most recent call last):
  File "D:\PROGRAMACAO\sklearn_rl\D_training\D1_training.py", line 133, in agent_training
    scores = cross_val_score(pipe, X_train, y_train, cv=3, scoring=scoring_metric)
             ^^^^^^^^^^^^^^^^^^^^^^^^^^^^^^^^^^^^^^^^^^^^^^^^^^^^^^^^^^^^^^^^^^^^^
  File "C:\Users\e_damas\anaconda3\envs\sklearn_rl\Lib\site-packages\sklearn\utils\_param_validation.py", line 218, in wrapper
    return func(*args, **kwargs)
           ^^^^^^^^^^^^^^^^^^^^^
  File "C:\Users\e_damas\anaconda3\envs\sklearn_rl\Lib\site-packages\sklearn\model_selection\_validation.py", line 677, in cross_val_score
    cv_results = cross_validate(
                 ^^^^^^^^^^^^^^^
  File "C:\Users\e_damas\anaconda3\envs\sklearn_rl\Lib\site-packages\sklearn\utils\_param_validation.py", line 218, in wrapper
    return func(*args, **kwargs)
           ^^^^^^^^^^^^^^^^^^^^^
  File "C:\Users\e_damas\anaconda3\envs\sklearn_rl\Lib\site-packages\sklearn\model_selection\_validation.py", line 419, in cross_validate
    _warn_or_raise_about_fit_failures(results, error_score)
  File "C:\Users\e_damas\anaconda3\envs\sklearn_rl\Lib\site-packages\sklearn\model_selection\_validation.py", line 505, in _warn_or_raise_about_fit_failures
    raise ValueError(all_fits_failed_message)
ValueError: 
All the 3 fits failed.
It is very likely that your model is misconfigured.
You can try to debug the error by setting error_score='raise'.

Below are more details about the failures:
--------------------------------------------------------------------------------
3 fits failed with the following error:
Traceback (most recent call last):
  File "C:\Users\e_damas\anaconda3\envs\sklearn_rl\Lib\site-packages\sklearn\model_selection\_validation.py", line 859, in _fit_and_score
    estimator.fit(X_train, y_train, **fit_params)
  File "C:\Users\e_damas\anaconda3\envs\sklearn_rl\Lib\site-packages\sklearn\base.py", line 1365, in wrapper
    return fit_method(estimator, *args, **kwargs)
           ^^^^^^^^^^^^^^^^^^^^^^^^^^^^^^^^^^^^^^
  File "C:\Users\e_damas\anaconda3\envs\sklearn_rl\Lib\site-packages\sklearn\pipeline.py", line 663, in fit
    self._final_estimator.fit(Xt, y, **last_step_params["fit"])
  File "C:\Users\e_damas\anaconda3\envs\sklearn_rl\Lib\site-packages\sklearn\base.py", line 1358, in wrapper
    estimator._validate_params()
  File "C:\Users\e_damas\anaconda3\envs\sklearn_rl\Lib\site-packages\sklearn\base.py", line 471, in _validate_params
    validate_parameter_constraints(
  File "C:\Users\e_damas\anaconda3\envs\sklearn_rl\Lib\site-packages\sklearn\utils\_param_validation.py", line 98, in validate_parameter_constraints
    raise InvalidParameterError(
sklearn.utils._param_validation.InvalidParameterError: The 'solver' parameter of LogisticRegression must be a str among {'liblinear', 'newton-cg', 'saga', 'newton-cholesky', 'lbfgs', 'sag'}. Got 'lsqr' instead.


2025-09-10 11:59:36	EXCEPTION	Erro durante cross_val_score para o modelo LogisticRegression.	Traceback (most recent call last):
  File "D:\PROGRAMACAO\sklearn_rl\D_training\D1_training.py", line 133, in agent_training
    scores = cross_val_score(pipe, X_train, y_train, cv=3, scoring=scoring_metric)
             ^^^^^^^^^^^^^^^^^^^^^^^^^^^^^^^^^^^^^^^^^^^^^^^^^^^^^^^^^^^^^^^^^^^^^
  File "C:\Users\e_damas\anaconda3\envs\sklearn_rl\Lib\site-packages\sklearn\utils\_param_validation.py", line 218, in wrapper
    return func(*args, **kwargs)
           ^^^^^^^^^^^^^^^^^^^^^
  File "C:\Users\e_damas\anaconda3\envs\sklearn_rl\Lib\site-packages\sklearn\model_selection\_validation.py", line 677, in cross_val_score
    cv_results = cross_validate(
                 ^^^^^^^^^^^^^^^
  File "C:\Users\e_damas\anaconda3\envs\sklearn_rl\Lib\site-packages\sklearn\utils\_param_validation.py", line 218, in wrapper
    return func(*args, **kwargs)
           ^^^^^^^^^^^^^^^^^^^^^
  File "C:\Users\e_damas\anaconda3\envs\sklearn_rl\Lib\site-packages\sklearn\model_selection\_validation.py", line 419, in cross_validate
    _warn_or_raise_about_fit_failures(results, error_score)
  File "C:\Users\e_damas\anaconda3\envs\sklearn_rl\Lib\site-packages\sklearn\model_selection\_validation.py", line 505, in _warn_or_raise_about_fit_failures
    raise ValueError(all_fits_failed_message)
ValueError: 
All the 3 fits failed.
It is very likely that your model is misconfigured.
You can try to debug the error by setting error_score='raise'.

Below are more details about the failures:
--------------------------------------------------------------------------------
3 fits failed with the following error:
Traceback (most recent call last):
  File "C:\Users\e_damas\anaconda3\envs\sklearn_rl\Lib\site-packages\sklearn\model_selection\_validation.py", line 859, in _fit_and_score
    estimator.fit(X_train, y_train, **fit_params)
  File "C:\Users\e_damas\anaconda3\envs\sklearn_rl\Lib\site-packages\sklearn\base.py", line 1365, in wrapper
    return fit_method(estimator, *args, **kwargs)
           ^^^^^^^^^^^^^^^^^^^^^^^^^^^^^^^^^^^^^^
  File "C:\Users\e_damas\anaconda3\envs\sklearn_rl\Lib\site-packages\sklearn\pipeline.py", line 663, in fit
    self._final_estimator.fit(Xt, y, **last_step_params["fit"])
  File "C:\Users\e_damas\anaconda3\envs\sklearn_rl\Lib\site-packages\sklearn\base.py", line 1358, in wrapper
    estimator._validate_params()
  File "C:\Users\e_damas\anaconda3\envs\sklearn_rl\Lib\site-packages\sklearn\base.py", line 471, in _validate_params
    validate_parameter_constraints(
  File "C:\Users\e_damas\anaconda3\envs\sklearn_rl\Lib\site-packages\sklearn\utils\_param_validation.py", line 98, in validate_parameter_constraints
    raise InvalidParameterError(
sklearn.utils._param_validation.InvalidParameterError: The 'solver' parameter of LogisticRegression must be a str among {'liblinear', 'newton-cg', 'saga', 'newton-cholesky', 'lbfgs', 'sag'}. Got 'cholesky' instead.


2025-09-10 11:59:36	EXCEPTION	Erro durante cross_val_score para o modelo LogisticRegression.	Traceback (most recent call last):
  File "D:\PROGRAMACAO\sklearn_rl\D_training\D1_training.py", line 133, in agent_training
    scores = cross_val_score(pipe, X_train, y_train, cv=3, scoring=scoring_metric)
             ^^^^^^^^^^^^^^^^^^^^^^^^^^^^^^^^^^^^^^^^^^^^^^^^^^^^^^^^^^^^^^^^^^^^^
  File "C:\Users\e_damas\anaconda3\envs\sklearn_rl\Lib\site-packages\sklearn\utils\_param_validation.py", line 218, in wrapper
    return func(*args, **kwargs)
           ^^^^^^^^^^^^^^^^^^^^^
  File "C:\Users\e_damas\anaconda3\envs\sklearn_rl\Lib\site-packages\sklearn\model_selection\_validation.py", line 677, in cross_val_score
    cv_results = cross_validate(
                 ^^^^^^^^^^^^^^^
  File "C:\Users\e_damas\anaconda3\envs\sklearn_rl\Lib\site-packages\sklearn\utils\_param_validation.py", line 218, in wrapper
    return func(*args, **kwargs)
           ^^^^^^^^^^^^^^^^^^^^^
  File "C:\Users\e_damas\anaconda3\envs\sklearn_rl\Lib\site-packages\sklearn\model_selection\_validation.py", line 419, in cross_validate
    _warn_or_raise_about_fit_failures(results, error_score)
  File "C:\Users\e_damas\anaconda3\envs\sklearn_rl\Lib\site-packages\sklearn\model_selection\_validation.py", line 505, in _warn_or_raise_about_fit_failures
    raise ValueError(all_fits_failed_message)
ValueError: 
All the 3 fits failed.
It is very likely that your model is misconfigured.
You can try to debug the error by setting error_score='raise'.

Below are more details about the failures:
--------------------------------------------------------------------------------
3 fits failed with the following error:
Traceback (most recent call last):
  File "C:\Users\e_damas\anaconda3\envs\sklearn_rl\Lib\site-packages\sklearn\model_selection\_validation.py", line 859, in _fit_and_score
    estimator.fit(X_train, y_train, **fit_params)
  File "C:\Users\e_damas\anaconda3\envs\sklearn_rl\Lib\site-packages\sklearn\base.py", line 1365, in wrapper
    return fit_method(estimator, *args, **kwargs)
           ^^^^^^^^^^^^^^^^^^^^^^^^^^^^^^^^^^^^^^
  File "C:\Users\e_damas\anaconda3\envs\sklearn_rl\Lib\site-packages\sklearn\pipeline.py", line 663, in fit
    self._final_estimator.fit(Xt, y, **last_step_params["fit"])
  File "C:\Users\e_damas\anaconda3\envs\sklearn_rl\Lib\site-packages\sklearn\base.py", line 1358, in wrapper
    estimator._validate_params()
  File "C:\Users\e_damas\anaconda3\envs\sklearn_rl\Lib\site-packages\sklearn\base.py", line 471, in _validate_params
    validate_parameter_constraints(
  File "C:\Users\e_damas\anaconda3\envs\sklearn_rl\Lib\site-packages\sklearn\utils\_param_validation.py", line 98, in validate_parameter_constraints
    raise InvalidParameterError(
sklearn.utils._param_validation.InvalidParameterError: The 'solver' parameter of LogisticRegression must be a str among {'liblinear', 'newton-cg', 'saga', 'newton-cholesky', 'lbfgs', 'sag'}. Got 'lsqr' instead.


2025-09-10 11:59:36	EXCEPTION	Erro durante cross_val_score para o modelo LogisticRegression.	Traceback (most recent call last):
  File "D:\PROGRAMACAO\sklearn_rl\D_training\D1_training.py", line 133, in agent_training
    scores = cross_val_score(pipe, X_train, y_train, cv=3, scoring=scoring_metric)
             ^^^^^^^^^^^^^^^^^^^^^^^^^^^^^^^^^^^^^^^^^^^^^^^^^^^^^^^^^^^^^^^^^^^^^
  File "C:\Users\e_damas\anaconda3\envs\sklearn_rl\Lib\site-packages\sklearn\utils\_param_validation.py", line 218, in wrapper
    return func(*args, **kwargs)
           ^^^^^^^^^^^^^^^^^^^^^
  File "C:\Users\e_damas\anaconda3\envs\sklearn_rl\Lib\site-packages\sklearn\model_selection\_validation.py", line 677, in cross_val_score
    cv_results = cross_validate(
                 ^^^^^^^^^^^^^^^
  File "C:\Users\e_damas\anaconda3\envs\sklearn_rl\Lib\site-packages\sklearn\utils\_param_validation.py", line 218, in wrapper
    return func(*args, **kwargs)
           ^^^^^^^^^^^^^^^^^^^^^
  File "C:\Users\e_damas\anaconda3\envs\sklearn_rl\Lib\site-packages\sklearn\model_selection\_validation.py", line 419, in cross_validate
    _warn_or_raise_about_fit_failures(results, error_score)
  File "C:\Users\e_damas\anaconda3\envs\sklearn_rl\Lib\site-packages\sklearn\model_selection\_validation.py", line 505, in _warn_or_raise_about_fit_failures
    raise ValueError(all_fits_failed_message)
ValueError: 
All the 3 fits failed.
It is very likely that your model is misconfigured.
You can try to debug the error by setting error_score='raise'.

Below are more details about the failures:
--------------------------------------------------------------------------------
3 fits failed with the following error:
Traceback (most recent call last):
  File "C:\Users\e_damas\anaconda3\envs\sklearn_rl\Lib\site-packages\sklearn\model_selection\_validation.py", line 859, in _fit_and_score
    estimator.fit(X_train, y_train, **fit_params)
  File "C:\Users\e_damas\anaconda3\envs\sklearn_rl\Lib\site-packages\sklearn\base.py", line 1365, in wrapper
    return fit_method(estimator, *args, **kwargs)
           ^^^^^^^^^^^^^^^^^^^^^^^^^^^^^^^^^^^^^^
  File "C:\Users\e_damas\anaconda3\envs\sklearn_rl\Lib\site-packages\sklearn\pipeline.py", line 663, in fit
    self._final_estimator.fit(Xt, y, **last_step_params["fit"])
  File "C:\Users\e_damas\anaconda3\envs\sklearn_rl\Lib\site-packages\sklearn\base.py", line 1358, in wrapper
    estimator._validate_params()
  File "C:\Users\e_damas\anaconda3\envs\sklearn_rl\Lib\site-packages\sklearn\base.py", line 471, in _validate_params
    validate_parameter_constraints(
  File "C:\Users\e_damas\anaconda3\envs\sklearn_rl\Lib\site-packages\sklearn\utils\_param_validation.py", line 98, in validate_parameter_constraints
    raise InvalidParameterError(
sklearn.utils._param_validation.InvalidParameterError: The 'solver' parameter of LogisticRegression must be a str among {'liblinear', 'newton-cg', 'saga', 'newton-cholesky', 'lbfgs', 'sag'}. Got 'sparse_cg' instead.


2025-09-10 12:00:00	EXCEPTION	Erro durante cross_val_score para o modelo LogisticRegression.	Traceback (most recent call last):
  File "D:\PROGRAMACAO\sklearn_rl\D_training\D1_training.py", line 133, in agent_training
    scores = cross_val_score(pipe, X_train, y_train, cv=3, scoring=scoring_metric)
             ^^^^^^^^^^^^^^^^^^^^^^^^^^^^^^^^^^^^^^^^^^^^^^^^^^^^^^^^^^^^^^^^^^^^^
  File "C:\Users\e_damas\anaconda3\envs\sklearn_rl\Lib\site-packages\sklearn\utils\_param_validation.py", line 218, in wrapper
    return func(*args, **kwargs)
           ^^^^^^^^^^^^^^^^^^^^^
  File "C:\Users\e_damas\anaconda3\envs\sklearn_rl\Lib\site-packages\sklearn\model_selection\_validation.py", line 677, in cross_val_score
    cv_results = cross_validate(
                 ^^^^^^^^^^^^^^^
  File "C:\Users\e_damas\anaconda3\envs\sklearn_rl\Lib\site-packages\sklearn\utils\_param_validation.py", line 218, in wrapper
    return func(*args, **kwargs)
           ^^^^^^^^^^^^^^^^^^^^^
  File "C:\Users\e_damas\anaconda3\envs\sklearn_rl\Lib\site-packages\sklearn\model_selection\_validation.py", line 419, in cross_validate
    _warn_or_raise_about_fit_failures(results, error_score)
  File "C:\Users\e_damas\anaconda3\envs\sklearn_rl\Lib\site-packages\sklearn\model_selection\_validation.py", line 505, in _warn_or_raise_about_fit_failures
    raise ValueError(all_fits_failed_message)
ValueError: 
All the 3 fits failed.
It is very likely that your model is misconfigured.
You can try to debug the error by setting error_score='raise'.

Below are more details about the failures:
--------------------------------------------------------------------------------
3 fits failed with the following error:
Traceback (most recent call last):
  File "C:\Users\e_damas\anaconda3\envs\sklearn_rl\Lib\site-packages\sklearn\model_selection\_validation.py", line 859, in _fit_and_score
    estimator.fit(X_train, y_train, **fit_params)
  File "C:\Users\e_damas\anaconda3\envs\sklearn_rl\Lib\site-packages\sklearn\base.py", line 1365, in wrapper
    return fit_method(estimator, *args, **kwargs)
           ^^^^^^^^^^^^^^^^^^^^^^^^^^^^^^^^^^^^^^
  File "C:\Users\e_damas\anaconda3\envs\sklearn_rl\Lib\site-packages\sklearn\pipeline.py", line 663, in fit
    self._final_estimator.fit(Xt, y, **last_step_params["fit"])
  File "C:\Users\e_damas\anaconda3\envs\sklearn_rl\Lib\site-packages\sklearn\base.py", line 1358, in wrapper
    estimator._validate_params()
  File "C:\Users\e_damas\anaconda3\envs\sklearn_rl\Lib\site-packages\sklearn\base.py", line 471, in _validate_params
    validate_parameter_constraints(
  File "C:\Users\e_damas\anaconda3\envs\sklearn_rl\Lib\site-packages\sklearn\utils\_param_validation.py", line 98, in validate_parameter_constraints
    raise InvalidParameterError(
sklearn.utils._param_validation.InvalidParameterError: The 'solver' parameter of LogisticRegression must be a str among {'liblinear', 'newton-cg', 'saga', 'newton-cholesky', 'lbfgs', 'sag'}. Got 'sparse_cg' instead.


2025-09-10 12:00:47	EXCEPTION	Erro durante cross_val_score para o modelo LogisticRegression.	Traceback (most recent call last):
  File "D:\PROGRAMACAO\sklearn_rl\D_training\D1_training.py", line 133, in agent_training
    scores = cross_val_score(pipe, X_train, y_train, cv=3, scoring=scoring_metric)
             ^^^^^^^^^^^^^^^^^^^^^^^^^^^^^^^^^^^^^^^^^^^^^^^^^^^^^^^^^^^^^^^^^^^^^
  File "C:\Users\e_damas\anaconda3\envs\sklearn_rl\Lib\site-packages\sklearn\utils\_param_validation.py", line 218, in wrapper
    return func(*args, **kwargs)
           ^^^^^^^^^^^^^^^^^^^^^
  File "C:\Users\e_damas\anaconda3\envs\sklearn_rl\Lib\site-packages\sklearn\model_selection\_validation.py", line 677, in cross_val_score
    cv_results = cross_validate(
                 ^^^^^^^^^^^^^^^
  File "C:\Users\e_damas\anaconda3\envs\sklearn_rl\Lib\site-packages\sklearn\utils\_param_validation.py", line 218, in wrapper
    return func(*args, **kwargs)
           ^^^^^^^^^^^^^^^^^^^^^
  File "C:\Users\e_damas\anaconda3\envs\sklearn_rl\Lib\site-packages\sklearn\model_selection\_validation.py", line 419, in cross_validate
    _warn_or_raise_about_fit_failures(results, error_score)
  File "C:\Users\e_damas\anaconda3\envs\sklearn_rl\Lib\site-packages\sklearn\model_selection\_validation.py", line 505, in _warn_or_raise_about_fit_failures
    raise ValueError(all_fits_failed_message)
ValueError: 
All the 3 fits failed.
It is very likely that your model is misconfigured.
You can try to debug the error by setting error_score='raise'.

Below are more details about the failures:
--------------------------------------------------------------------------------
3 fits failed with the following error:
Traceback (most recent call last):
  File "C:\Users\e_damas\anaconda3\envs\sklearn_rl\Lib\site-packages\sklearn\model_selection\_validation.py", line 859, in _fit_and_score
    estimator.fit(X_train, y_train, **fit_params)
  File "C:\Users\e_damas\anaconda3\envs\sklearn_rl\Lib\site-packages\sklearn\base.py", line 1365, in wrapper
    return fit_method(estimator, *args, **kwargs)
           ^^^^^^^^^^^^^^^^^^^^^^^^^^^^^^^^^^^^^^
  File "C:\Users\e_damas\anaconda3\envs\sklearn_rl\Lib\site-packages\sklearn\pipeline.py", line 663, in fit
    self._final_estimator.fit(Xt, y, **last_step_params["fit"])
  File "C:\Users\e_damas\anaconda3\envs\sklearn_rl\Lib\site-packages\sklearn\base.py", line 1358, in wrapper
    estimator._validate_params()
  File "C:\Users\e_damas\anaconda3\envs\sklearn_rl\Lib\site-packages\sklearn\base.py", line 471, in _validate_params
    validate_parameter_constraints(
  File "C:\Users\e_damas\anaconda3\envs\sklearn_rl\Lib\site-packages\sklearn\utils\_param_validation.py", line 98, in validate_parameter_constraints
    raise InvalidParameterError(
sklearn.utils._param_validation.InvalidParameterError: The 'solver' parameter of LogisticRegression must be a str among {'liblinear', 'newton-cg', 'saga', 'newton-cholesky', 'lbfgs', 'sag'}. Got 'svd' instead.


2025-09-10 12:00:47	EXCEPTION	Erro durante cross_val_score para o modelo LogisticRegression.	Traceback (most recent call last):
  File "D:\PROGRAMACAO\sklearn_rl\D_training\D1_training.py", line 133, in agent_training
    scores = cross_val_score(pipe, X_train, y_train, cv=3, scoring=scoring_metric)
             ^^^^^^^^^^^^^^^^^^^^^^^^^^^^^^^^^^^^^^^^^^^^^^^^^^^^^^^^^^^^^^^^^^^^^
  File "C:\Users\e_damas\anaconda3\envs\sklearn_rl\Lib\site-packages\sklearn\utils\_param_validation.py", line 218, in wrapper
    return func(*args, **kwargs)
           ^^^^^^^^^^^^^^^^^^^^^
  File "C:\Users\e_damas\anaconda3\envs\sklearn_rl\Lib\site-packages\sklearn\model_selection\_validation.py", line 677, in cross_val_score
    cv_results = cross_validate(
                 ^^^^^^^^^^^^^^^
  File "C:\Users\e_damas\anaconda3\envs\sklearn_rl\Lib\site-packages\sklearn\utils\_param_validation.py", line 218, in wrapper
    return func(*args, **kwargs)
           ^^^^^^^^^^^^^^^^^^^^^
  File "C:\Users\e_damas\anaconda3\envs\sklearn_rl\Lib\site-packages\sklearn\model_selection\_validation.py", line 419, in cross_validate
    _warn_or_raise_about_fit_failures(results, error_score)
  File "C:\Users\e_damas\anaconda3\envs\sklearn_rl\Lib\site-packages\sklearn\model_selection\_validation.py", line 505, in _warn_or_raise_about_fit_failures
    raise ValueError(all_fits_failed_message)
ValueError: 
All the 3 fits failed.
It is very likely that your model is misconfigured.
You can try to debug the error by setting error_score='raise'.

Below are more details about the failures:
--------------------------------------------------------------------------------
3 fits failed with the following error:
Traceback (most recent call last):
  File "C:\Users\e_damas\anaconda3\envs\sklearn_rl\Lib\site-packages\sklearn\model_selection\_validation.py", line 859, in _fit_and_score
    estimator.fit(X_train, y_train, **fit_params)
  File "C:\Users\e_damas\anaconda3\envs\sklearn_rl\Lib\site-packages\sklearn\base.py", line 1365, in wrapper
    return fit_method(estimator, *args, **kwargs)
           ^^^^^^^^^^^^^^^^^^^^^^^^^^^^^^^^^^^^^^
  File "C:\Users\e_damas\anaconda3\envs\sklearn_rl\Lib\site-packages\sklearn\pipeline.py", line 663, in fit
    self._final_estimator.fit(Xt, y, **last_step_params["fit"])
  File "C:\Users\e_damas\anaconda3\envs\sklearn_rl\Lib\site-packages\sklearn\base.py", line 1365, in wrapper
    return fit_method(estimator, *args, **kwargs)
           ^^^^^^^^^^^^^^^^^^^^^^^^^^^^^^^^^^^^^^
  File "C:\Users\e_damas\anaconda3\envs\sklearn_rl\Lib\site-packages\sklearn\linear_model\_logistic.py", line 1218, in fit
    solver = _check_solver(self.solver, self.penalty, self.dual)
             ^^^^^^^^^^^^^^^^^^^^^^^^^^^^^^^^^^^^^^^^^^^^^^^^^^^
  File "C:\Users\e_damas\anaconda3\envs\sklearn_rl\Lib\site-packages\sklearn\linear_model\_logistic.py", line 64, in _check_solver
    raise ValueError(
ValueError: Solver sag supports only 'l2' or None penalties, got l1 penalty.


2025-09-10 12:00:48	EXCEPTION	Erro durante cross_val_score para o modelo LogisticRegression.	Traceback (most recent call last):
  File "D:\PROGRAMACAO\sklearn_rl\D_training\D1_training.py", line 133, in agent_training
    scores = cross_val_score(pipe, X_train, y_train, cv=3, scoring=scoring_metric)
             ^^^^^^^^^^^^^^^^^^^^^^^^^^^^^^^^^^^^^^^^^^^^^^^^^^^^^^^^^^^^^^^^^^^^^
  File "C:\Users\e_damas\anaconda3\envs\sklearn_rl\Lib\site-packages\sklearn\utils\_param_validation.py", line 218, in wrapper
    return func(*args, **kwargs)
           ^^^^^^^^^^^^^^^^^^^^^
  File "C:\Users\e_damas\anaconda3\envs\sklearn_rl\Lib\site-packages\sklearn\model_selection\_validation.py", line 677, in cross_val_score
    cv_results = cross_validate(
                 ^^^^^^^^^^^^^^^
  File "C:\Users\e_damas\anaconda3\envs\sklearn_rl\Lib\site-packages\sklearn\utils\_param_validation.py", line 218, in wrapper
    return func(*args, **kwargs)
           ^^^^^^^^^^^^^^^^^^^^^
  File "C:\Users\e_damas\anaconda3\envs\sklearn_rl\Lib\site-packages\sklearn\model_selection\_validation.py", line 419, in cross_validate
    _warn_or_raise_about_fit_failures(results, error_score)
  File "C:\Users\e_damas\anaconda3\envs\sklearn_rl\Lib\site-packages\sklearn\model_selection\_validation.py", line 505, in _warn_or_raise_about_fit_failures
    raise ValueError(all_fits_failed_message)
ValueError: 
All the 3 fits failed.
It is very likely that your model is misconfigured.
You can try to debug the error by setting error_score='raise'.

Below are more details about the failures:
--------------------------------------------------------------------------------
3 fits failed with the following error:
Traceback (most recent call last):
  File "C:\Users\e_damas\anaconda3\envs\sklearn_rl\Lib\site-packages\sklearn\model_selection\_validation.py", line 859, in _fit_and_score
    estimator.fit(X_train, y_train, **fit_params)
  File "C:\Users\e_damas\anaconda3\envs\sklearn_rl\Lib\site-packages\sklearn\base.py", line 1365, in wrapper
    return fit_method(estimator, *args, **kwargs)
           ^^^^^^^^^^^^^^^^^^^^^^^^^^^^^^^^^^^^^^
  File "C:\Users\e_damas\anaconda3\envs\sklearn_rl\Lib\site-packages\sklearn\pipeline.py", line 663, in fit
    self._final_estimator.fit(Xt, y, **last_step_params["fit"])
  File "C:\Users\e_damas\anaconda3\envs\sklearn_rl\Lib\site-packages\sklearn\base.py", line 1358, in wrapper
    estimator._validate_params()
  File "C:\Users\e_damas\anaconda3\envs\sklearn_rl\Lib\site-packages\sklearn\base.py", line 471, in _validate_params
    validate_parameter_constraints(
  File "C:\Users\e_damas\anaconda3\envs\sklearn_rl\Lib\site-packages\sklearn\utils\_param_validation.py", line 98, in validate_parameter_constraints
    raise InvalidParameterError(
sklearn.utils._param_validation.InvalidParameterError: The 'solver' parameter of LogisticRegression must be a str among {'liblinear', 'newton-cg', 'saga', 'newton-cholesky', 'lbfgs', 'sag'}. Got 'auto' instead.


2025-09-10 12:00:48	EXCEPTION	Erro durante cross_val_score para o modelo LogisticRegression.	Traceback (most recent call last):
  File "D:\PROGRAMACAO\sklearn_rl\D_training\D1_training.py", line 133, in agent_training
    scores = cross_val_score(pipe, X_train, y_train, cv=3, scoring=scoring_metric)
             ^^^^^^^^^^^^^^^^^^^^^^^^^^^^^^^^^^^^^^^^^^^^^^^^^^^^^^^^^^^^^^^^^^^^^
  File "C:\Users\e_damas\anaconda3\envs\sklearn_rl\Lib\site-packages\sklearn\utils\_param_validation.py", line 218, in wrapper
    return func(*args, **kwargs)
           ^^^^^^^^^^^^^^^^^^^^^
  File "C:\Users\e_damas\anaconda3\envs\sklearn_rl\Lib\site-packages\sklearn\model_selection\_validation.py", line 677, in cross_val_score
    cv_results = cross_validate(
                 ^^^^^^^^^^^^^^^
  File "C:\Users\e_damas\anaconda3\envs\sklearn_rl\Lib\site-packages\sklearn\utils\_param_validation.py", line 218, in wrapper
    return func(*args, **kwargs)
           ^^^^^^^^^^^^^^^^^^^^^
  File "C:\Users\e_damas\anaconda3\envs\sklearn_rl\Lib\site-packages\sklearn\model_selection\_validation.py", line 419, in cross_validate
    _warn_or_raise_about_fit_failures(results, error_score)
  File "C:\Users\e_damas\anaconda3\envs\sklearn_rl\Lib\site-packages\sklearn\model_selection\_validation.py", line 505, in _warn_or_raise_about_fit_failures
    raise ValueError(all_fits_failed_message)
ValueError: 
All the 3 fits failed.
It is very likely that your model is misconfigured.
You can try to debug the error by setting error_score='raise'.

Below are more details about the failures:
--------------------------------------------------------------------------------
3 fits failed with the following error:
Traceback (most recent call last):
  File "C:\Users\e_damas\anaconda3\envs\sklearn_rl\Lib\site-packages\sklearn\model_selection\_validation.py", line 859, in _fit_and_score
    estimator.fit(X_train, y_train, **fit_params)
  File "C:\Users\e_damas\anaconda3\envs\sklearn_rl\Lib\site-packages\sklearn\base.py", line 1365, in wrapper
    return fit_method(estimator, *args, **kwargs)
           ^^^^^^^^^^^^^^^^^^^^^^^^^^^^^^^^^^^^^^
  File "C:\Users\e_damas\anaconda3\envs\sklearn_rl\Lib\site-packages\sklearn\pipeline.py", line 663, in fit
    self._final_estimator.fit(Xt, y, **last_step_params["fit"])
  File "C:\Users\e_damas\anaconda3\envs\sklearn_rl\Lib\site-packages\sklearn\base.py", line 1358, in wrapper
    estimator._validate_params()
  File "C:\Users\e_damas\anaconda3\envs\sklearn_rl\Lib\site-packages\sklearn\base.py", line 471, in _validate_params
    validate_parameter_constraints(
  File "C:\Users\e_damas\anaconda3\envs\sklearn_rl\Lib\site-packages\sklearn\utils\_param_validation.py", line 98, in validate_parameter_constraints
    raise InvalidParameterError(
sklearn.utils._param_validation.InvalidParameterError: The 'solver' parameter of LogisticRegression must be a str among {'liblinear', 'newton-cg', 'saga', 'newton-cholesky', 'lbfgs', 'sag'}. Got 'sparse_cg' instead.


2025-09-10 12:00:56	EXCEPTION	Erro durante cross_val_score para o modelo LogisticRegression.	Traceback (most recent call last):
  File "D:\PROGRAMACAO\sklearn_rl\D_training\D1_training.py", line 133, in agent_training
    scores = cross_val_score(pipe, X_train, y_train, cv=3, scoring=scoring_metric)
             ^^^^^^^^^^^^^^^^^^^^^^^^^^^^^^^^^^^^^^^^^^^^^^^^^^^^^^^^^^^^^^^^^^^^^
  File "C:\Users\e_damas\anaconda3\envs\sklearn_rl\Lib\site-packages\sklearn\utils\_param_validation.py", line 218, in wrapper
    return func(*args, **kwargs)
           ^^^^^^^^^^^^^^^^^^^^^
  File "C:\Users\e_damas\anaconda3\envs\sklearn_rl\Lib\site-packages\sklearn\model_selection\_validation.py", line 677, in cross_val_score
    cv_results = cross_validate(
                 ^^^^^^^^^^^^^^^
  File "C:\Users\e_damas\anaconda3\envs\sklearn_rl\Lib\site-packages\sklearn\utils\_param_validation.py", line 218, in wrapper
    return func(*args, **kwargs)
           ^^^^^^^^^^^^^^^^^^^^^
  File "C:\Users\e_damas\anaconda3\envs\sklearn_rl\Lib\site-packages\sklearn\model_selection\_validation.py", line 419, in cross_validate
    _warn_or_raise_about_fit_failures(results, error_score)
  File "C:\Users\e_damas\anaconda3\envs\sklearn_rl\Lib\site-packages\sklearn\model_selection\_validation.py", line 505, in _warn_or_raise_about_fit_failures
    raise ValueError(all_fits_failed_message)
ValueError: 
All the 3 fits failed.
It is very likely that your model is misconfigured.
You can try to debug the error by setting error_score='raise'.

Below are more details about the failures:
--------------------------------------------------------------------------------
3 fits failed with the following error:
Traceback (most recent call last):
  File "C:\Users\e_damas\anaconda3\envs\sklearn_rl\Lib\site-packages\sklearn\model_selection\_validation.py", line 859, in _fit_and_score
    estimator.fit(X_train, y_train, **fit_params)
  File "C:\Users\e_damas\anaconda3\envs\sklearn_rl\Lib\site-packages\sklearn\base.py", line 1365, in wrapper
    return fit_method(estimator, *args, **kwargs)
           ^^^^^^^^^^^^^^^^^^^^^^^^^^^^^^^^^^^^^^
  File "C:\Users\e_damas\anaconda3\envs\sklearn_rl\Lib\site-packages\sklearn\pipeline.py", line 663, in fit
    self._final_estimator.fit(Xt, y, **last_step_params["fit"])
  File "C:\Users\e_damas\anaconda3\envs\sklearn_rl\Lib\site-packages\sklearn\base.py", line 1358, in wrapper
    estimator._validate_params()
  File "C:\Users\e_damas\anaconda3\envs\sklearn_rl\Lib\site-packages\sklearn\base.py", line 471, in _validate_params
    validate_parameter_constraints(
  File "C:\Users\e_damas\anaconda3\envs\sklearn_rl\Lib\site-packages\sklearn\utils\_param_validation.py", line 98, in validate_parameter_constraints
    raise InvalidParameterError(
sklearn.utils._param_validation.InvalidParameterError: The 'solver' parameter of LogisticRegression must be a str among {'liblinear', 'newton-cg', 'saga', 'newton-cholesky', 'lbfgs', 'sag'}. Got 'sparse_cg' instead.


2025-09-10 12:01:33	EXCEPTION	Erro durante cross_val_score para o modelo LogisticRegression.	Traceback (most recent call last):
  File "D:\PROGRAMACAO\sklearn_rl\D_training\D1_training.py", line 133, in agent_training
    scores = cross_val_score(pipe, X_train, y_train, cv=3, scoring=scoring_metric)
             ^^^^^^^^^^^^^^^^^^^^^^^^^^^^^^^^^^^^^^^^^^^^^^^^^^^^^^^^^^^^^^^^^^^^^
  File "C:\Users\e_damas\anaconda3\envs\sklearn_rl\Lib\site-packages\sklearn\utils\_param_validation.py", line 218, in wrapper
    return func(*args, **kwargs)
           ^^^^^^^^^^^^^^^^^^^^^
  File "C:\Users\e_damas\anaconda3\envs\sklearn_rl\Lib\site-packages\sklearn\model_selection\_validation.py", line 677, in cross_val_score
    cv_results = cross_validate(
                 ^^^^^^^^^^^^^^^
  File "C:\Users\e_damas\anaconda3\envs\sklearn_rl\Lib\site-packages\sklearn\utils\_param_validation.py", line 218, in wrapper
    return func(*args, **kwargs)
           ^^^^^^^^^^^^^^^^^^^^^
  File "C:\Users\e_damas\anaconda3\envs\sklearn_rl\Lib\site-packages\sklearn\model_selection\_validation.py", line 419, in cross_validate
    _warn_or_raise_about_fit_failures(results, error_score)
  File "C:\Users\e_damas\anaconda3\envs\sklearn_rl\Lib\site-packages\sklearn\model_selection\_validation.py", line 505, in _warn_or_raise_about_fit_failures
    raise ValueError(all_fits_failed_message)
ValueError: 
All the 3 fits failed.
It is very likely that your model is misconfigured.
You can try to debug the error by setting error_score='raise'.

Below are more details about the failures:
--------------------------------------------------------------------------------
3 fits failed with the following error:
Traceback (most recent call last):
  File "C:\Users\e_damas\anaconda3\envs\sklearn_rl\Lib\site-packages\sklearn\model_selection\_validation.py", line 859, in _fit_and_score
    estimator.fit(X_train, y_train, **fit_params)
  File "C:\Users\e_damas\anaconda3\envs\sklearn_rl\Lib\site-packages\sklearn\base.py", line 1365, in wrapper
    return fit_method(estimator, *args, **kwargs)
           ^^^^^^^^^^^^^^^^^^^^^^^^^^^^^^^^^^^^^^
  File "C:\Users\e_damas\anaconda3\envs\sklearn_rl\Lib\site-packages\sklearn\pipeline.py", line 663, in fit
    self._final_estimator.fit(Xt, y, **last_step_params["fit"])
  File "C:\Users\e_damas\anaconda3\envs\sklearn_rl\Lib\site-packages\sklearn\base.py", line 1358, in wrapper
    estimator._validate_params()
  File "C:\Users\e_damas\anaconda3\envs\sklearn_rl\Lib\site-packages\sklearn\base.py", line 471, in _validate_params
    validate_parameter_constraints(
  File "C:\Users\e_damas\anaconda3\envs\sklearn_rl\Lib\site-packages\sklearn\utils\_param_validation.py", line 98, in validate_parameter_constraints
    raise InvalidParameterError(
sklearn.utils._param_validation.InvalidParameterError: The 'solver' parameter of LogisticRegression must be a str among {'liblinear', 'newton-cg', 'saga', 'newton-cholesky', 'lbfgs', 'sag'}. Got 'svd' instead.


2025-09-10 12:02:22	EXCEPTION	Erro durante cross_val_score para o modelo LogisticRegression.	Traceback (most recent call last):
  File "D:\PROGRAMACAO\sklearn_rl\D_training\D1_training.py", line 133, in agent_training
    scores = cross_val_score(pipe, X_train, y_train, cv=3, scoring=scoring_metric)
             ^^^^^^^^^^^^^^^^^^^^^^^^^^^^^^^^^^^^^^^^^^^^^^^^^^^^^^^^^^^^^^^^^^^^^
  File "C:\Users\e_damas\anaconda3\envs\sklearn_rl\Lib\site-packages\sklearn\utils\_param_validation.py", line 218, in wrapper
    return func(*args, **kwargs)
           ^^^^^^^^^^^^^^^^^^^^^
  File "C:\Users\e_damas\anaconda3\envs\sklearn_rl\Lib\site-packages\sklearn\model_selection\_validation.py", line 677, in cross_val_score
    cv_results = cross_validate(
                 ^^^^^^^^^^^^^^^
  File "C:\Users\e_damas\anaconda3\envs\sklearn_rl\Lib\site-packages\sklearn\utils\_param_validation.py", line 218, in wrapper
    return func(*args, **kwargs)
           ^^^^^^^^^^^^^^^^^^^^^
  File "C:\Users\e_damas\anaconda3\envs\sklearn_rl\Lib\site-packages\sklearn\model_selection\_validation.py", line 419, in cross_validate
    _warn_or_raise_about_fit_failures(results, error_score)
  File "C:\Users\e_damas\anaconda3\envs\sklearn_rl\Lib\site-packages\sklearn\model_selection\_validation.py", line 505, in _warn_or_raise_about_fit_failures
    raise ValueError(all_fits_failed_message)
ValueError: 
All the 3 fits failed.
It is very likely that your model is misconfigured.
You can try to debug the error by setting error_score='raise'.

Below are more details about the failures:
--------------------------------------------------------------------------------
3 fits failed with the following error:
Traceback (most recent call last):
  File "C:\Users\e_damas\anaconda3\envs\sklearn_rl\Lib\site-packages\sklearn\model_selection\_validation.py", line 859, in _fit_and_score
    estimator.fit(X_train, y_train, **fit_params)
  File "C:\Users\e_damas\anaconda3\envs\sklearn_rl\Lib\site-packages\sklearn\base.py", line 1365, in wrapper
    return fit_method(estimator, *args, **kwargs)
           ^^^^^^^^^^^^^^^^^^^^^^^^^^^^^^^^^^^^^^
  File "C:\Users\e_damas\anaconda3\envs\sklearn_rl\Lib\site-packages\sklearn\pipeline.py", line 663, in fit
    self._final_estimator.fit(Xt, y, **last_step_params["fit"])
  File "C:\Users\e_damas\anaconda3\envs\sklearn_rl\Lib\site-packages\sklearn\base.py", line 1358, in wrapper
    estimator._validate_params()
  File "C:\Users\e_damas\anaconda3\envs\sklearn_rl\Lib\site-packages\sklearn\base.py", line 471, in _validate_params
    validate_parameter_constraints(
  File "C:\Users\e_damas\anaconda3\envs\sklearn_rl\Lib\site-packages\sklearn\utils\_param_validation.py", line 98, in validate_parameter_constraints
    raise InvalidParameterError(
sklearn.utils._param_validation.InvalidParameterError: The 'solver' parameter of LogisticRegression must be a str among {'liblinear', 'newton-cg', 'saga', 'newton-cholesky', 'lbfgs', 'sag'}. Got 'cholesky' instead.


2025-09-10 12:02:29	EXCEPTION	Erro durante cross_val_score para o modelo LogisticRegression.	Traceback (most recent call last):
  File "D:\PROGRAMACAO\sklearn_rl\D_training\D1_training.py", line 133, in agent_training
    scores = cross_val_score(pipe, X_train, y_train, cv=3, scoring=scoring_metric)
             ^^^^^^^^^^^^^^^^^^^^^^^^^^^^^^^^^^^^^^^^^^^^^^^^^^^^^^^^^^^^^^^^^^^^^
  File "C:\Users\e_damas\anaconda3\envs\sklearn_rl\Lib\site-packages\sklearn\utils\_param_validation.py", line 218, in wrapper
    return func(*args, **kwargs)
           ^^^^^^^^^^^^^^^^^^^^^
  File "C:\Users\e_damas\anaconda3\envs\sklearn_rl\Lib\site-packages\sklearn\model_selection\_validation.py", line 677, in cross_val_score
    cv_results = cross_validate(
                 ^^^^^^^^^^^^^^^
  File "C:\Users\e_damas\anaconda3\envs\sklearn_rl\Lib\site-packages\sklearn\utils\_param_validation.py", line 218, in wrapper
    return func(*args, **kwargs)
           ^^^^^^^^^^^^^^^^^^^^^
  File "C:\Users\e_damas\anaconda3\envs\sklearn_rl\Lib\site-packages\sklearn\model_selection\_validation.py", line 419, in cross_validate
    _warn_or_raise_about_fit_failures(results, error_score)
  File "C:\Users\e_damas\anaconda3\envs\sklearn_rl\Lib\site-packages\sklearn\model_selection\_validation.py", line 505, in _warn_or_raise_about_fit_failures
    raise ValueError(all_fits_failed_message)
ValueError: 
All the 3 fits failed.
It is very likely that your model is misconfigured.
You can try to debug the error by setting error_score='raise'.

Below are more details about the failures:
--------------------------------------------------------------------------------
3 fits failed with the following error:
Traceback (most recent call last):
  File "C:\Users\e_damas\anaconda3\envs\sklearn_rl\Lib\site-packages\sklearn\model_selection\_validation.py", line 859, in _fit_and_score
    estimator.fit(X_train, y_train, **fit_params)
  File "C:\Users\e_damas\anaconda3\envs\sklearn_rl\Lib\site-packages\sklearn\base.py", line 1365, in wrapper
    return fit_method(estimator, *args, **kwargs)
           ^^^^^^^^^^^^^^^^^^^^^^^^^^^^^^^^^^^^^^
  File "C:\Users\e_damas\anaconda3\envs\sklearn_rl\Lib\site-packages\sklearn\pipeline.py", line 663, in fit
    self._final_estimator.fit(Xt, y, **last_step_params["fit"])
  File "C:\Users\e_damas\anaconda3\envs\sklearn_rl\Lib\site-packages\sklearn\base.py", line 1358, in wrapper
    estimator._validate_params()
  File "C:\Users\e_damas\anaconda3\envs\sklearn_rl\Lib\site-packages\sklearn\base.py", line 471, in _validate_params
    validate_parameter_constraints(
  File "C:\Users\e_damas\anaconda3\envs\sklearn_rl\Lib\site-packages\sklearn\utils\_param_validation.py", line 98, in validate_parameter_constraints
    raise InvalidParameterError(
sklearn.utils._param_validation.InvalidParameterError: The 'solver' parameter of LogisticRegression must be a str among {'liblinear', 'newton-cg', 'saga', 'newton-cholesky', 'lbfgs', 'sag'}. Got 'lsqr' instead.


2025-09-10 12:03:14	EXCEPTION	Erro durante cross_val_score para o modelo LogisticRegression.	Traceback (most recent call last):
  File "D:\PROGRAMACAO\sklearn_rl\D_training\D1_training.py", line 133, in agent_training
    scores = cross_val_score(pipe, X_train, y_train, cv=3, scoring=scoring_metric)
             ^^^^^^^^^^^^^^^^^^^^^^^^^^^^^^^^^^^^^^^^^^^^^^^^^^^^^^^^^^^^^^^^^^^^^
  File "C:\Users\e_damas\anaconda3\envs\sklearn_rl\Lib\site-packages\sklearn\utils\_param_validation.py", line 218, in wrapper
    return func(*args, **kwargs)
           ^^^^^^^^^^^^^^^^^^^^^
  File "C:\Users\e_damas\anaconda3\envs\sklearn_rl\Lib\site-packages\sklearn\model_selection\_validation.py", line 677, in cross_val_score
    cv_results = cross_validate(
                 ^^^^^^^^^^^^^^^
  File "C:\Users\e_damas\anaconda3\envs\sklearn_rl\Lib\site-packages\sklearn\utils\_param_validation.py", line 218, in wrapper
    return func(*args, **kwargs)
           ^^^^^^^^^^^^^^^^^^^^^
  File "C:\Users\e_damas\anaconda3\envs\sklearn_rl\Lib\site-packages\sklearn\model_selection\_validation.py", line 419, in cross_validate
    _warn_or_raise_about_fit_failures(results, error_score)
  File "C:\Users\e_damas\anaconda3\envs\sklearn_rl\Lib\site-packages\sklearn\model_selection\_validation.py", line 505, in _warn_or_raise_about_fit_failures
    raise ValueError(all_fits_failed_message)
ValueError: 
All the 3 fits failed.
It is very likely that your model is misconfigured.
You can try to debug the error by setting error_score='raise'.

Below are more details about the failures:
--------------------------------------------------------------------------------
3 fits failed with the following error:
Traceback (most recent call last):
  File "C:\Users\e_damas\anaconda3\envs\sklearn_rl\Lib\site-packages\sklearn\model_selection\_validation.py", line 859, in _fit_and_score
    estimator.fit(X_train, y_train, **fit_params)
  File "C:\Users\e_damas\anaconda3\envs\sklearn_rl\Lib\site-packages\sklearn\base.py", line 1365, in wrapper
    return fit_method(estimator, *args, **kwargs)
           ^^^^^^^^^^^^^^^^^^^^^^^^^^^^^^^^^^^^^^
  File "C:\Users\e_damas\anaconda3\envs\sklearn_rl\Lib\site-packages\sklearn\pipeline.py", line 663, in fit
    self._final_estimator.fit(Xt, y, **last_step_params["fit"])
  File "C:\Users\e_damas\anaconda3\envs\sklearn_rl\Lib\site-packages\sklearn\base.py", line 1358, in wrapper
    estimator._validate_params()
  File "C:\Users\e_damas\anaconda3\envs\sklearn_rl\Lib\site-packages\sklearn\base.py", line 471, in _validate_params
    validate_parameter_constraints(
  File "C:\Users\e_damas\anaconda3\envs\sklearn_rl\Lib\site-packages\sklearn\utils\_param_validation.py", line 98, in validate_parameter_constraints
    raise InvalidParameterError(
sklearn.utils._param_validation.InvalidParameterError: The 'solver' parameter of LogisticRegression must be a str among {'liblinear', 'newton-cg', 'saga', 'newton-cholesky', 'lbfgs', 'sag'}. Got 'sparse_cg' instead.


2025-09-10 12:03:34	EXCEPTION	Erro durante cross_val_score para o modelo LogisticRegression.	Traceback (most recent call last):
  File "D:\PROGRAMACAO\sklearn_rl\D_training\D1_training.py", line 133, in agent_training
    scores = cross_val_score(pipe, X_train, y_train, cv=3, scoring=scoring_metric)
             ^^^^^^^^^^^^^^^^^^^^^^^^^^^^^^^^^^^^^^^^^^^^^^^^^^^^^^^^^^^^^^^^^^^^^
  File "C:\Users\e_damas\anaconda3\envs\sklearn_rl\Lib\site-packages\sklearn\utils\_param_validation.py", line 218, in wrapper
    return func(*args, **kwargs)
           ^^^^^^^^^^^^^^^^^^^^^
  File "C:\Users\e_damas\anaconda3\envs\sklearn_rl\Lib\site-packages\sklearn\model_selection\_validation.py", line 677, in cross_val_score
    cv_results = cross_validate(
                 ^^^^^^^^^^^^^^^
  File "C:\Users\e_damas\anaconda3\envs\sklearn_rl\Lib\site-packages\sklearn\utils\_param_validation.py", line 218, in wrapper
    return func(*args, **kwargs)
           ^^^^^^^^^^^^^^^^^^^^^
  File "C:\Users\e_damas\anaconda3\envs\sklearn_rl\Lib\site-packages\sklearn\model_selection\_validation.py", line 419, in cross_validate
    _warn_or_raise_about_fit_failures(results, error_score)
  File "C:\Users\e_damas\anaconda3\envs\sklearn_rl\Lib\site-packages\sklearn\model_selection\_validation.py", line 505, in _warn_or_raise_about_fit_failures
    raise ValueError(all_fits_failed_message)
ValueError: 
All the 3 fits failed.
It is very likely that your model is misconfigured.
You can try to debug the error by setting error_score='raise'.

Below are more details about the failures:
--------------------------------------------------------------------------------
3 fits failed with the following error:
Traceback (most recent call last):
  File "C:\Users\e_damas\anaconda3\envs\sklearn_rl\Lib\site-packages\sklearn\model_selection\_validation.py", line 859, in _fit_and_score
    estimator.fit(X_train, y_train, **fit_params)
  File "C:\Users\e_damas\anaconda3\envs\sklearn_rl\Lib\site-packages\sklearn\base.py", line 1365, in wrapper
    return fit_method(estimator, *args, **kwargs)
           ^^^^^^^^^^^^^^^^^^^^^^^^^^^^^^^^^^^^^^
  File "C:\Users\e_damas\anaconda3\envs\sklearn_rl\Lib\site-packages\sklearn\pipeline.py", line 663, in fit
    self._final_estimator.fit(Xt, y, **last_step_params["fit"])
  File "C:\Users\e_damas\anaconda3\envs\sklearn_rl\Lib\site-packages\sklearn\base.py", line 1358, in wrapper
    estimator._validate_params()
  File "C:\Users\e_damas\anaconda3\envs\sklearn_rl\Lib\site-packages\sklearn\base.py", line 471, in _validate_params
    validate_parameter_constraints(
  File "C:\Users\e_damas\anaconda3\envs\sklearn_rl\Lib\site-packages\sklearn\utils\_param_validation.py", line 98, in validate_parameter_constraints
    raise InvalidParameterError(
sklearn.utils._param_validation.InvalidParameterError: The 'solver' parameter of LogisticRegression must be a str among {'liblinear', 'newton-cg', 'saga', 'newton-cholesky', 'lbfgs', 'sag'}. Got 'sparse_cg' instead.


2025-09-10 12:04:07	EXCEPTION	Erro durante cross_val_score para o modelo LogisticRegression.	Traceback (most recent call last):
  File "D:\PROGRAMACAO\sklearn_rl\D_training\D1_training.py", line 133, in agent_training
    scores = cross_val_score(pipe, X_train, y_train, cv=3, scoring=scoring_metric)
             ^^^^^^^^^^^^^^^^^^^^^^^^^^^^^^^^^^^^^^^^^^^^^^^^^^^^^^^^^^^^^^^^^^^^^
  File "C:\Users\e_damas\anaconda3\envs\sklearn_rl\Lib\site-packages\sklearn\utils\_param_validation.py", line 218, in wrapper
    return func(*args, **kwargs)
           ^^^^^^^^^^^^^^^^^^^^^
  File "C:\Users\e_damas\anaconda3\envs\sklearn_rl\Lib\site-packages\sklearn\model_selection\_validation.py", line 677, in cross_val_score
    cv_results = cross_validate(
                 ^^^^^^^^^^^^^^^
  File "C:\Users\e_damas\anaconda3\envs\sklearn_rl\Lib\site-packages\sklearn\utils\_param_validation.py", line 218, in wrapper
    return func(*args, **kwargs)
           ^^^^^^^^^^^^^^^^^^^^^
  File "C:\Users\e_damas\anaconda3\envs\sklearn_rl\Lib\site-packages\sklearn\model_selection\_validation.py", line 419, in cross_validate
    _warn_or_raise_about_fit_failures(results, error_score)
  File "C:\Users\e_damas\anaconda3\envs\sklearn_rl\Lib\site-packages\sklearn\model_selection\_validation.py", line 505, in _warn_or_raise_about_fit_failures
    raise ValueError(all_fits_failed_message)
ValueError: 
All the 3 fits failed.
It is very likely that your model is misconfigured.
You can try to debug the error by setting error_score='raise'.

Below are more details about the failures:
--------------------------------------------------------------------------------
3 fits failed with the following error:
Traceback (most recent call last):
  File "C:\Users\e_damas\anaconda3\envs\sklearn_rl\Lib\site-packages\sklearn\model_selection\_validation.py", line 859, in _fit_and_score
    estimator.fit(X_train, y_train, **fit_params)
  File "C:\Users\e_damas\anaconda3\envs\sklearn_rl\Lib\site-packages\sklearn\base.py", line 1365, in wrapper
    return fit_method(estimator, *args, **kwargs)
           ^^^^^^^^^^^^^^^^^^^^^^^^^^^^^^^^^^^^^^
  File "C:\Users\e_damas\anaconda3\envs\sklearn_rl\Lib\site-packages\sklearn\pipeline.py", line 663, in fit
    self._final_estimator.fit(Xt, y, **last_step_params["fit"])
  File "C:\Users\e_damas\anaconda3\envs\sklearn_rl\Lib\site-packages\sklearn\base.py", line 1358, in wrapper
    estimator._validate_params()
  File "C:\Users\e_damas\anaconda3\envs\sklearn_rl\Lib\site-packages\sklearn\base.py", line 471, in _validate_params
    validate_parameter_constraints(
  File "C:\Users\e_damas\anaconda3\envs\sklearn_rl\Lib\site-packages\sklearn\utils\_param_validation.py", line 98, in validate_parameter_constraints
    raise InvalidParameterError(
sklearn.utils._param_validation.InvalidParameterError: The 'solver' parameter of LogisticRegression must be a str among {'liblinear', 'newton-cg', 'saga', 'newton-cholesky', 'lbfgs', 'sag'}. Got 'lsqr' instead.


2025-09-10 12:04:27	EXCEPTION	Erro durante cross_val_score para o modelo LogisticRegression.	Traceback (most recent call last):
  File "D:\PROGRAMACAO\sklearn_rl\D_training\D1_training.py", line 133, in agent_training
    scores = cross_val_score(pipe, X_train, y_train, cv=3, scoring=scoring_metric)
             ^^^^^^^^^^^^^^^^^^^^^^^^^^^^^^^^^^^^^^^^^^^^^^^^^^^^^^^^^^^^^^^^^^^^^
  File "C:\Users\e_damas\anaconda3\envs\sklearn_rl\Lib\site-packages\sklearn\utils\_param_validation.py", line 218, in wrapper
    return func(*args, **kwargs)
           ^^^^^^^^^^^^^^^^^^^^^
  File "C:\Users\e_damas\anaconda3\envs\sklearn_rl\Lib\site-packages\sklearn\model_selection\_validation.py", line 677, in cross_val_score
    cv_results = cross_validate(
                 ^^^^^^^^^^^^^^^
  File "C:\Users\e_damas\anaconda3\envs\sklearn_rl\Lib\site-packages\sklearn\utils\_param_validation.py", line 218, in wrapper
    return func(*args, **kwargs)
           ^^^^^^^^^^^^^^^^^^^^^
  File "C:\Users\e_damas\anaconda3\envs\sklearn_rl\Lib\site-packages\sklearn\model_selection\_validation.py", line 419, in cross_validate
    _warn_or_raise_about_fit_failures(results, error_score)
  File "C:\Users\e_damas\anaconda3\envs\sklearn_rl\Lib\site-packages\sklearn\model_selection\_validation.py", line 505, in _warn_or_raise_about_fit_failures
    raise ValueError(all_fits_failed_message)
ValueError: 
All the 3 fits failed.
It is very likely that your model is misconfigured.
You can try to debug the error by setting error_score='raise'.

Below are more details about the failures:
--------------------------------------------------------------------------------
3 fits failed with the following error:
Traceback (most recent call last):
  File "C:\Users\e_damas\anaconda3\envs\sklearn_rl\Lib\site-packages\sklearn\model_selection\_validation.py", line 859, in _fit_and_score
    estimator.fit(X_train, y_train, **fit_params)
  File "C:\Users\e_damas\anaconda3\envs\sklearn_rl\Lib\site-packages\sklearn\base.py", line 1365, in wrapper
    return fit_method(estimator, *args, **kwargs)
           ^^^^^^^^^^^^^^^^^^^^^^^^^^^^^^^^^^^^^^
  File "C:\Users\e_damas\anaconda3\envs\sklearn_rl\Lib\site-packages\sklearn\pipeline.py", line 663, in fit
    self._final_estimator.fit(Xt, y, **last_step_params["fit"])
  File "C:\Users\e_damas\anaconda3\envs\sklearn_rl\Lib\site-packages\sklearn\base.py", line 1358, in wrapper
    estimator._validate_params()
  File "C:\Users\e_damas\anaconda3\envs\sklearn_rl\Lib\site-packages\sklearn\base.py", line 471, in _validate_params
    validate_parameter_constraints(
  File "C:\Users\e_damas\anaconda3\envs\sklearn_rl\Lib\site-packages\sklearn\utils\_param_validation.py", line 98, in validate_parameter_constraints
    raise InvalidParameterError(
sklearn.utils._param_validation.InvalidParameterError: The 'solver' parameter of LogisticRegression must be a str among {'liblinear', 'newton-cg', 'saga', 'newton-cholesky', 'lbfgs', 'sag'}. Got 'lsqr' instead.


2025-09-10 12:05:01	EXCEPTION	Erro durante cross_val_score para o modelo LogisticRegression.	Traceback (most recent call last):
  File "D:\PROGRAMACAO\sklearn_rl\D_training\D1_training.py", line 133, in agent_training
    scores = cross_val_score(pipe, X_train, y_train, cv=3, scoring=scoring_metric)
             ^^^^^^^^^^^^^^^^^^^^^^^^^^^^^^^^^^^^^^^^^^^^^^^^^^^^^^^^^^^^^^^^^^^^^
  File "C:\Users\e_damas\anaconda3\envs\sklearn_rl\Lib\site-packages\sklearn\utils\_param_validation.py", line 218, in wrapper
    return func(*args, **kwargs)
           ^^^^^^^^^^^^^^^^^^^^^
  File "C:\Users\e_damas\anaconda3\envs\sklearn_rl\Lib\site-packages\sklearn\model_selection\_validation.py", line 677, in cross_val_score
    cv_results = cross_validate(
                 ^^^^^^^^^^^^^^^
  File "C:\Users\e_damas\anaconda3\envs\sklearn_rl\Lib\site-packages\sklearn\utils\_param_validation.py", line 218, in wrapper
    return func(*args, **kwargs)
           ^^^^^^^^^^^^^^^^^^^^^
  File "C:\Users\e_damas\anaconda3\envs\sklearn_rl\Lib\site-packages\sklearn\model_selection\_validation.py", line 419, in cross_validate
    _warn_or_raise_about_fit_failures(results, error_score)
  File "C:\Users\e_damas\anaconda3\envs\sklearn_rl\Lib\site-packages\sklearn\model_selection\_validation.py", line 505, in _warn_or_raise_about_fit_failures
    raise ValueError(all_fits_failed_message)
ValueError: 
All the 3 fits failed.
It is very likely that your model is misconfigured.
You can try to debug the error by setting error_score='raise'.

Below are more details about the failures:
--------------------------------------------------------------------------------
3 fits failed with the following error:
Traceback (most recent call last):
  File "C:\Users\e_damas\anaconda3\envs\sklearn_rl\Lib\site-packages\sklearn\model_selection\_validation.py", line 859, in _fit_and_score
    estimator.fit(X_train, y_train, **fit_params)
  File "C:\Users\e_damas\anaconda3\envs\sklearn_rl\Lib\site-packages\sklearn\base.py", line 1365, in wrapper
    return fit_method(estimator, *args, **kwargs)
           ^^^^^^^^^^^^^^^^^^^^^^^^^^^^^^^^^^^^^^
  File "C:\Users\e_damas\anaconda3\envs\sklearn_rl\Lib\site-packages\sklearn\pipeline.py", line 663, in fit
    self._final_estimator.fit(Xt, y, **last_step_params["fit"])
  File "C:\Users\e_damas\anaconda3\envs\sklearn_rl\Lib\site-packages\sklearn\base.py", line 1358, in wrapper
    estimator._validate_params()
  File "C:\Users\e_damas\anaconda3\envs\sklearn_rl\Lib\site-packages\sklearn\base.py", line 471, in _validate_params
    validate_parameter_constraints(
  File "C:\Users\e_damas\anaconda3\envs\sklearn_rl\Lib\site-packages\sklearn\utils\_param_validation.py", line 98, in validate_parameter_constraints
    raise InvalidParameterError(
sklearn.utils._param_validation.InvalidParameterError: The 'solver' parameter of LogisticRegression must be a str among {'liblinear', 'newton-cg', 'saga', 'newton-cholesky', 'lbfgs', 'sag'}. Got 'auto' instead.


2025-09-10 12:05:11	EXCEPTION	Erro durante cross_val_score para o modelo LogisticRegression.	Traceback (most recent call last):
  File "D:\PROGRAMACAO\sklearn_rl\D_training\D1_training.py", line 133, in agent_training
    scores = cross_val_score(pipe, X_train, y_train, cv=3, scoring=scoring_metric)
             ^^^^^^^^^^^^^^^^^^^^^^^^^^^^^^^^^^^^^^^^^^^^^^^^^^^^^^^^^^^^^^^^^^^^^
  File "C:\Users\e_damas\anaconda3\envs\sklearn_rl\Lib\site-packages\sklearn\utils\_param_validation.py", line 218, in wrapper
    return func(*args, **kwargs)
           ^^^^^^^^^^^^^^^^^^^^^
  File "C:\Users\e_damas\anaconda3\envs\sklearn_rl\Lib\site-packages\sklearn\model_selection\_validation.py", line 677, in cross_val_score
    cv_results = cross_validate(
                 ^^^^^^^^^^^^^^^
  File "C:\Users\e_damas\anaconda3\envs\sklearn_rl\Lib\site-packages\sklearn\utils\_param_validation.py", line 218, in wrapper
    return func(*args, **kwargs)
           ^^^^^^^^^^^^^^^^^^^^^
  File "C:\Users\e_damas\anaconda3\envs\sklearn_rl\Lib\site-packages\sklearn\model_selection\_validation.py", line 419, in cross_validate
    _warn_or_raise_about_fit_failures(results, error_score)
  File "C:\Users\e_damas\anaconda3\envs\sklearn_rl\Lib\site-packages\sklearn\model_selection\_validation.py", line 505, in _warn_or_raise_about_fit_failures
    raise ValueError(all_fits_failed_message)
ValueError: 
All the 3 fits failed.
It is very likely that your model is misconfigured.
You can try to debug the error by setting error_score='raise'.

Below are more details about the failures:
--------------------------------------------------------------------------------
3 fits failed with the following error:
Traceback (most recent call last):
  File "C:\Users\e_damas\anaconda3\envs\sklearn_rl\Lib\site-packages\sklearn\model_selection\_validation.py", line 859, in _fit_and_score
    estimator.fit(X_train, y_train, **fit_params)
  File "C:\Users\e_damas\anaconda3\envs\sklearn_rl\Lib\site-packages\sklearn\base.py", line 1365, in wrapper
    return fit_method(estimator, *args, **kwargs)
           ^^^^^^^^^^^^^^^^^^^^^^^^^^^^^^^^^^^^^^
  File "C:\Users\e_damas\anaconda3\envs\sklearn_rl\Lib\site-packages\sklearn\pipeline.py", line 663, in fit
    self._final_estimator.fit(Xt, y, **last_step_params["fit"])
  File "C:\Users\e_damas\anaconda3\envs\sklearn_rl\Lib\site-packages\sklearn\base.py", line 1358, in wrapper
    estimator._validate_params()
  File "C:\Users\e_damas\anaconda3\envs\sklearn_rl\Lib\site-packages\sklearn\base.py", line 471, in _validate_params
    validate_parameter_constraints(
  File "C:\Users\e_damas\anaconda3\envs\sklearn_rl\Lib\site-packages\sklearn\utils\_param_validation.py", line 98, in validate_parameter_constraints
    raise InvalidParameterError(
sklearn.utils._param_validation.InvalidParameterError: The 'solver' parameter of LogisticRegression must be a str among {'liblinear', 'newton-cg', 'saga', 'newton-cholesky', 'lbfgs', 'sag'}. Got 'sparse_cg' instead.


2025-09-10 12:05:12	EXCEPTION	Erro durante cross_val_score para o modelo LogisticRegression.	Traceback (most recent call last):
  File "D:\PROGRAMACAO\sklearn_rl\D_training\D1_training.py", line 133, in agent_training
    scores = cross_val_score(pipe, X_train, y_train, cv=3, scoring=scoring_metric)
             ^^^^^^^^^^^^^^^^^^^^^^^^^^^^^^^^^^^^^^^^^^^^^^^^^^^^^^^^^^^^^^^^^^^^^
  File "C:\Users\e_damas\anaconda3\envs\sklearn_rl\Lib\site-packages\sklearn\utils\_param_validation.py", line 218, in wrapper
    return func(*args, **kwargs)
           ^^^^^^^^^^^^^^^^^^^^^
  File "C:\Users\e_damas\anaconda3\envs\sklearn_rl\Lib\site-packages\sklearn\model_selection\_validation.py", line 677, in cross_val_score
    cv_results = cross_validate(
                 ^^^^^^^^^^^^^^^
  File "C:\Users\e_damas\anaconda3\envs\sklearn_rl\Lib\site-packages\sklearn\utils\_param_validation.py", line 218, in wrapper
    return func(*args, **kwargs)
           ^^^^^^^^^^^^^^^^^^^^^
  File "C:\Users\e_damas\anaconda3\envs\sklearn_rl\Lib\site-packages\sklearn\model_selection\_validation.py", line 419, in cross_validate
    _warn_or_raise_about_fit_failures(results, error_score)
  File "C:\Users\e_damas\anaconda3\envs\sklearn_rl\Lib\site-packages\sklearn\model_selection\_validation.py", line 505, in _warn_or_raise_about_fit_failures
    raise ValueError(all_fits_failed_message)
ValueError: 
All the 3 fits failed.
It is very likely that your model is misconfigured.
You can try to debug the error by setting error_score='raise'.

Below are more details about the failures:
--------------------------------------------------------------------------------
3 fits failed with the following error:
Traceback (most recent call last):
  File "C:\Users\e_damas\anaconda3\envs\sklearn_rl\Lib\site-packages\sklearn\model_selection\_validation.py", line 859, in _fit_and_score
    estimator.fit(X_train, y_train, **fit_params)
  File "C:\Users\e_damas\anaconda3\envs\sklearn_rl\Lib\site-packages\sklearn\base.py", line 1365, in wrapper
    return fit_method(estimator, *args, **kwargs)
           ^^^^^^^^^^^^^^^^^^^^^^^^^^^^^^^^^^^^^^
  File "C:\Users\e_damas\anaconda3\envs\sklearn_rl\Lib\site-packages\sklearn\pipeline.py", line 663, in fit
    self._final_estimator.fit(Xt, y, **last_step_params["fit"])
  File "C:\Users\e_damas\anaconda3\envs\sklearn_rl\Lib\site-packages\sklearn\base.py", line 1358, in wrapper
    estimator._validate_params()
  File "C:\Users\e_damas\anaconda3\envs\sklearn_rl\Lib\site-packages\sklearn\base.py", line 471, in _validate_params
    validate_parameter_constraints(
  File "C:\Users\e_damas\anaconda3\envs\sklearn_rl\Lib\site-packages\sklearn\utils\_param_validation.py", line 98, in validate_parameter_constraints
    raise InvalidParameterError(
sklearn.utils._param_validation.InvalidParameterError: The 'solver' parameter of LogisticRegression must be a str among {'liblinear', 'newton-cg', 'saga', 'newton-cholesky', 'lbfgs', 'sag'}. Got 'auto' instead.


2025-09-10 12:06:06	EXCEPTION	Erro durante cross_val_score para o modelo LogisticRegression.	Traceback (most recent call last):
  File "D:\PROGRAMACAO\sklearn_rl\D_training\D1_training.py", line 133, in agent_training
    scores = cross_val_score(pipe, X_train, y_train, cv=3, scoring=scoring_metric)
             ^^^^^^^^^^^^^^^^^^^^^^^^^^^^^^^^^^^^^^^^^^^^^^^^^^^^^^^^^^^^^^^^^^^^^
  File "C:\Users\e_damas\anaconda3\envs\sklearn_rl\Lib\site-packages\sklearn\utils\_param_validation.py", line 218, in wrapper
    return func(*args, **kwargs)
           ^^^^^^^^^^^^^^^^^^^^^
  File "C:\Users\e_damas\anaconda3\envs\sklearn_rl\Lib\site-packages\sklearn\model_selection\_validation.py", line 677, in cross_val_score
    cv_results = cross_validate(
                 ^^^^^^^^^^^^^^^
  File "C:\Users\e_damas\anaconda3\envs\sklearn_rl\Lib\site-packages\sklearn\utils\_param_validation.py", line 218, in wrapper
    return func(*args, **kwargs)
           ^^^^^^^^^^^^^^^^^^^^^
  File "C:\Users\e_damas\anaconda3\envs\sklearn_rl\Lib\site-packages\sklearn\model_selection\_validation.py", line 419, in cross_validate
    _warn_or_raise_about_fit_failures(results, error_score)
  File "C:\Users\e_damas\anaconda3\envs\sklearn_rl\Lib\site-packages\sklearn\model_selection\_validation.py", line 505, in _warn_or_raise_about_fit_failures
    raise ValueError(all_fits_failed_message)
ValueError: 
All the 3 fits failed.
It is very likely that your model is misconfigured.
You can try to debug the error by setting error_score='raise'.

Below are more details about the failures:
--------------------------------------------------------------------------------
3 fits failed with the following error:
Traceback (most recent call last):
  File "C:\Users\e_damas\anaconda3\envs\sklearn_rl\Lib\site-packages\sklearn\model_selection\_validation.py", line 859, in _fit_and_score
    estimator.fit(X_train, y_train, **fit_params)
  File "C:\Users\e_damas\anaconda3\envs\sklearn_rl\Lib\site-packages\sklearn\base.py", line 1365, in wrapper
    return fit_method(estimator, *args, **kwargs)
           ^^^^^^^^^^^^^^^^^^^^^^^^^^^^^^^^^^^^^^
  File "C:\Users\e_damas\anaconda3\envs\sklearn_rl\Lib\site-packages\sklearn\pipeline.py", line 663, in fit
    self._final_estimator.fit(Xt, y, **last_step_params["fit"])
  File "C:\Users\e_damas\anaconda3\envs\sklearn_rl\Lib\site-packages\sklearn\base.py", line 1358, in wrapper
    estimator._validate_params()
  File "C:\Users\e_damas\anaconda3\envs\sklearn_rl\Lib\site-packages\sklearn\base.py", line 471, in _validate_params
    validate_parameter_constraints(
  File "C:\Users\e_damas\anaconda3\envs\sklearn_rl\Lib\site-packages\sklearn\utils\_param_validation.py", line 98, in validate_parameter_constraints
    raise InvalidParameterError(
sklearn.utils._param_validation.InvalidParameterError: The 'solver' parameter of LogisticRegression must be a str among {'liblinear', 'newton-cg', 'saga', 'newton-cholesky', 'lbfgs', 'sag'}. Got 'sparse_cg' instead.


2025-09-10 12:06:06	EXCEPTION	Erro durante cross_val_score para o modelo LogisticRegression.	Traceback (most recent call last):
  File "D:\PROGRAMACAO\sklearn_rl\D_training\D1_training.py", line 133, in agent_training
    scores = cross_val_score(pipe, X_train, y_train, cv=3, scoring=scoring_metric)
             ^^^^^^^^^^^^^^^^^^^^^^^^^^^^^^^^^^^^^^^^^^^^^^^^^^^^^^^^^^^^^^^^^^^^^
  File "C:\Users\e_damas\anaconda3\envs\sklearn_rl\Lib\site-packages\sklearn\utils\_param_validation.py", line 218, in wrapper
    return func(*args, **kwargs)
           ^^^^^^^^^^^^^^^^^^^^^
  File "C:\Users\e_damas\anaconda3\envs\sklearn_rl\Lib\site-packages\sklearn\model_selection\_validation.py", line 677, in cross_val_score
    cv_results = cross_validate(
                 ^^^^^^^^^^^^^^^
  File "C:\Users\e_damas\anaconda3\envs\sklearn_rl\Lib\site-packages\sklearn\utils\_param_validation.py", line 218, in wrapper
    return func(*args, **kwargs)
           ^^^^^^^^^^^^^^^^^^^^^
  File "C:\Users\e_damas\anaconda3\envs\sklearn_rl\Lib\site-packages\sklearn\model_selection\_validation.py", line 419, in cross_validate
    _warn_or_raise_about_fit_failures(results, error_score)
  File "C:\Users\e_damas\anaconda3\envs\sklearn_rl\Lib\site-packages\sklearn\model_selection\_validation.py", line 505, in _warn_or_raise_about_fit_failures
    raise ValueError(all_fits_failed_message)
ValueError: 
All the 3 fits failed.
It is very likely that your model is misconfigured.
You can try to debug the error by setting error_score='raise'.

Below are more details about the failures:
--------------------------------------------------------------------------------
3 fits failed with the following error:
Traceback (most recent call last):
  File "C:\Users\e_damas\anaconda3\envs\sklearn_rl\Lib\site-packages\sklearn\model_selection\_validation.py", line 859, in _fit_and_score
    estimator.fit(X_train, y_train, **fit_params)
  File "C:\Users\e_damas\anaconda3\envs\sklearn_rl\Lib\site-packages\sklearn\base.py", line 1365, in wrapper
    return fit_method(estimator, *args, **kwargs)
           ^^^^^^^^^^^^^^^^^^^^^^^^^^^^^^^^^^^^^^
  File "C:\Users\e_damas\anaconda3\envs\sklearn_rl\Lib\site-packages\sklearn\pipeline.py", line 663, in fit
    self._final_estimator.fit(Xt, y, **last_step_params["fit"])
  File "C:\Users\e_damas\anaconda3\envs\sklearn_rl\Lib\site-packages\sklearn\base.py", line 1358, in wrapper
    estimator._validate_params()
  File "C:\Users\e_damas\anaconda3\envs\sklearn_rl\Lib\site-packages\sklearn\base.py", line 471, in _validate_params
    validate_parameter_constraints(
  File "C:\Users\e_damas\anaconda3\envs\sklearn_rl\Lib\site-packages\sklearn\utils\_param_validation.py", line 98, in validate_parameter_constraints
    raise InvalidParameterError(
sklearn.utils._param_validation.InvalidParameterError: The 'solver' parameter of LogisticRegression must be a str among {'liblinear', 'newton-cg', 'saga', 'newton-cholesky', 'lbfgs', 'sag'}. Got 'sparse_cg' instead.


2025-09-10 12:06:18	EXCEPTION	Erro durante cross_val_score para o modelo LogisticRegression.	Traceback (most recent call last):
  File "D:\PROGRAMACAO\sklearn_rl\D_training\D1_training.py", line 133, in agent_training
    scores = cross_val_score(pipe, X_train, y_train, cv=3, scoring=scoring_metric)
             ^^^^^^^^^^^^^^^^^^^^^^^^^^^^^^^^^^^^^^^^^^^^^^^^^^^^^^^^^^^^^^^^^^^^^
  File "C:\Users\e_damas\anaconda3\envs\sklearn_rl\Lib\site-packages\sklearn\utils\_param_validation.py", line 218, in wrapper
    return func(*args, **kwargs)
           ^^^^^^^^^^^^^^^^^^^^^
  File "C:\Users\e_damas\anaconda3\envs\sklearn_rl\Lib\site-packages\sklearn\model_selection\_validation.py", line 677, in cross_val_score
    cv_results = cross_validate(
                 ^^^^^^^^^^^^^^^
  File "C:\Users\e_damas\anaconda3\envs\sklearn_rl\Lib\site-packages\sklearn\utils\_param_validation.py", line 218, in wrapper
    return func(*args, **kwargs)
           ^^^^^^^^^^^^^^^^^^^^^
  File "C:\Users\e_damas\anaconda3\envs\sklearn_rl\Lib\site-packages\sklearn\model_selection\_validation.py", line 419, in cross_validate
    _warn_or_raise_about_fit_failures(results, error_score)
  File "C:\Users\e_damas\anaconda3\envs\sklearn_rl\Lib\site-packages\sklearn\model_selection\_validation.py", line 505, in _warn_or_raise_about_fit_failures
    raise ValueError(all_fits_failed_message)
ValueError: 
All the 3 fits failed.
It is very likely that your model is misconfigured.
You can try to debug the error by setting error_score='raise'.

Below are more details about the failures:
--------------------------------------------------------------------------------
3 fits failed with the following error:
Traceback (most recent call last):
  File "C:\Users\e_damas\anaconda3\envs\sklearn_rl\Lib\site-packages\sklearn\model_selection\_validation.py", line 859, in _fit_and_score
    estimator.fit(X_train, y_train, **fit_params)
  File "C:\Users\e_damas\anaconda3\envs\sklearn_rl\Lib\site-packages\sklearn\base.py", line 1365, in wrapper
    return fit_method(estimator, *args, **kwargs)
           ^^^^^^^^^^^^^^^^^^^^^^^^^^^^^^^^^^^^^^
  File "C:\Users\e_damas\anaconda3\envs\sklearn_rl\Lib\site-packages\sklearn\pipeline.py", line 663, in fit
    self._final_estimator.fit(Xt, y, **last_step_params["fit"])
  File "C:\Users\e_damas\anaconda3\envs\sklearn_rl\Lib\site-packages\sklearn\base.py", line 1365, in wrapper
    return fit_method(estimator, *args, **kwargs)
           ^^^^^^^^^^^^^^^^^^^^^^^^^^^^^^^^^^^^^^
  File "C:\Users\e_damas\anaconda3\envs\sklearn_rl\Lib\site-packages\sklearn\linear_model\_logistic.py", line 1218, in fit
    solver = _check_solver(self.solver, self.penalty, self.dual)
             ^^^^^^^^^^^^^^^^^^^^^^^^^^^^^^^^^^^^^^^^^^^^^^^^^^^
  File "C:\Users\e_damas\anaconda3\envs\sklearn_rl\Lib\site-packages\sklearn\linear_model\_logistic.py", line 64, in _check_solver
    raise ValueError(
ValueError: Solver sag supports only 'l2' or None penalties, got elasticnet penalty.


2025-09-10 12:06:34	EXCEPTION	Erro durante cross_val_score para o modelo LogisticRegression.	Traceback (most recent call last):
  File "D:\PROGRAMACAO\sklearn_rl\D_training\D1_training.py", line 133, in agent_training
    scores = cross_val_score(pipe, X_train, y_train, cv=3, scoring=scoring_metric)
             ^^^^^^^^^^^^^^^^^^^^^^^^^^^^^^^^^^^^^^^^^^^^^^^^^^^^^^^^^^^^^^^^^^^^^
  File "C:\Users\e_damas\anaconda3\envs\sklearn_rl\Lib\site-packages\sklearn\utils\_param_validation.py", line 218, in wrapper
    return func(*args, **kwargs)
           ^^^^^^^^^^^^^^^^^^^^^
  File "C:\Users\e_damas\anaconda3\envs\sklearn_rl\Lib\site-packages\sklearn\model_selection\_validation.py", line 677, in cross_val_score
    cv_results = cross_validate(
                 ^^^^^^^^^^^^^^^
  File "C:\Users\e_damas\anaconda3\envs\sklearn_rl\Lib\site-packages\sklearn\utils\_param_validation.py", line 218, in wrapper
    return func(*args, **kwargs)
           ^^^^^^^^^^^^^^^^^^^^^
  File "C:\Users\e_damas\anaconda3\envs\sklearn_rl\Lib\site-packages\sklearn\model_selection\_validation.py", line 419, in cross_validate
    _warn_or_raise_about_fit_failures(results, error_score)
  File "C:\Users\e_damas\anaconda3\envs\sklearn_rl\Lib\site-packages\sklearn\model_selection\_validation.py", line 505, in _warn_or_raise_about_fit_failures
    raise ValueError(all_fits_failed_message)
ValueError: 
All the 3 fits failed.
It is very likely that your model is misconfigured.
You can try to debug the error by setting error_score='raise'.

Below are more details about the failures:
--------------------------------------------------------------------------------
3 fits failed with the following error:
Traceback (most recent call last):
  File "C:\Users\e_damas\anaconda3\envs\sklearn_rl\Lib\site-packages\sklearn\model_selection\_validation.py", line 859, in _fit_and_score
    estimator.fit(X_train, y_train, **fit_params)
  File "C:\Users\e_damas\anaconda3\envs\sklearn_rl\Lib\site-packages\sklearn\base.py", line 1365, in wrapper
    return fit_method(estimator, *args, **kwargs)
           ^^^^^^^^^^^^^^^^^^^^^^^^^^^^^^^^^^^^^^
  File "C:\Users\e_damas\anaconda3\envs\sklearn_rl\Lib\site-packages\sklearn\pipeline.py", line 663, in fit
    self._final_estimator.fit(Xt, y, **last_step_params["fit"])
  File "C:\Users\e_damas\anaconda3\envs\sklearn_rl\Lib\site-packages\sklearn\base.py", line 1358, in wrapper
    estimator._validate_params()
  File "C:\Users\e_damas\anaconda3\envs\sklearn_rl\Lib\site-packages\sklearn\base.py", line 471, in _validate_params
    validate_parameter_constraints(
  File "C:\Users\e_damas\anaconda3\envs\sklearn_rl\Lib\site-packages\sklearn\utils\_param_validation.py", line 98, in validate_parameter_constraints
    raise InvalidParameterError(
sklearn.utils._param_validation.InvalidParameterError: The 'solver' parameter of LogisticRegression must be a str among {'liblinear', 'newton-cg', 'saga', 'newton-cholesky', 'lbfgs', 'sag'}. Got 'cholesky' instead.


2025-09-10 12:06:42	EXCEPTION	Erro durante cross_val_score para o modelo LogisticRegression.	Traceback (most recent call last):
  File "D:\PROGRAMACAO\sklearn_rl\D_training\D1_training.py", line 133, in agent_training
    scores = cross_val_score(pipe, X_train, y_train, cv=3, scoring=scoring_metric)
             ^^^^^^^^^^^^^^^^^^^^^^^^^^^^^^^^^^^^^^^^^^^^^^^^^^^^^^^^^^^^^^^^^^^^^
  File "C:\Users\e_damas\anaconda3\envs\sklearn_rl\Lib\site-packages\sklearn\utils\_param_validation.py", line 218, in wrapper
    return func(*args, **kwargs)
           ^^^^^^^^^^^^^^^^^^^^^
  File "C:\Users\e_damas\anaconda3\envs\sklearn_rl\Lib\site-packages\sklearn\model_selection\_validation.py", line 677, in cross_val_score
    cv_results = cross_validate(
                 ^^^^^^^^^^^^^^^
  File "C:\Users\e_damas\anaconda3\envs\sklearn_rl\Lib\site-packages\sklearn\utils\_param_validation.py", line 218, in wrapper
    return func(*args, **kwargs)
           ^^^^^^^^^^^^^^^^^^^^^
  File "C:\Users\e_damas\anaconda3\envs\sklearn_rl\Lib\site-packages\sklearn\model_selection\_validation.py", line 419, in cross_validate
    _warn_or_raise_about_fit_failures(results, error_score)
  File "C:\Users\e_damas\anaconda3\envs\sklearn_rl\Lib\site-packages\sklearn\model_selection\_validation.py", line 505, in _warn_or_raise_about_fit_failures
    raise ValueError(all_fits_failed_message)
ValueError: 
All the 3 fits failed.
It is very likely that your model is misconfigured.
You can try to debug the error by setting error_score='raise'.

Below are more details about the failures:
--------------------------------------------------------------------------------
3 fits failed with the following error:
Traceback (most recent call last):
  File "C:\Users\e_damas\anaconda3\envs\sklearn_rl\Lib\site-packages\sklearn\model_selection\_validation.py", line 859, in _fit_and_score
    estimator.fit(X_train, y_train, **fit_params)
  File "C:\Users\e_damas\anaconda3\envs\sklearn_rl\Lib\site-packages\sklearn\base.py", line 1365, in wrapper
    return fit_method(estimator, *args, **kwargs)
           ^^^^^^^^^^^^^^^^^^^^^^^^^^^^^^^^^^^^^^
  File "C:\Users\e_damas\anaconda3\envs\sklearn_rl\Lib\site-packages\sklearn\pipeline.py", line 663, in fit
    self._final_estimator.fit(Xt, y, **last_step_params["fit"])
  File "C:\Users\e_damas\anaconda3\envs\sklearn_rl\Lib\site-packages\sklearn\base.py", line 1358, in wrapper
    estimator._validate_params()
  File "C:\Users\e_damas\anaconda3\envs\sklearn_rl\Lib\site-packages\sklearn\base.py", line 471, in _validate_params
    validate_parameter_constraints(
  File "C:\Users\e_damas\anaconda3\envs\sklearn_rl\Lib\site-packages\sklearn\utils\_param_validation.py", line 98, in validate_parameter_constraints
    raise InvalidParameterError(
sklearn.utils._param_validation.InvalidParameterError: The 'solver' parameter of LogisticRegression must be a str among {'liblinear', 'newton-cg', 'saga', 'newton-cholesky', 'lbfgs', 'sag'}. Got 'cholesky' instead.


2025-09-10 12:06:42	EXCEPTION	Erro durante cross_val_score para o modelo LogisticRegression.	Traceback (most recent call last):
  File "D:\PROGRAMACAO\sklearn_rl\D_training\D1_training.py", line 133, in agent_training
    scores = cross_val_score(pipe, X_train, y_train, cv=3, scoring=scoring_metric)
             ^^^^^^^^^^^^^^^^^^^^^^^^^^^^^^^^^^^^^^^^^^^^^^^^^^^^^^^^^^^^^^^^^^^^^
  File "C:\Users\e_damas\anaconda3\envs\sklearn_rl\Lib\site-packages\sklearn\utils\_param_validation.py", line 218, in wrapper
    return func(*args, **kwargs)
           ^^^^^^^^^^^^^^^^^^^^^
  File "C:\Users\e_damas\anaconda3\envs\sklearn_rl\Lib\site-packages\sklearn\model_selection\_validation.py", line 677, in cross_val_score
    cv_results = cross_validate(
                 ^^^^^^^^^^^^^^^
  File "C:\Users\e_damas\anaconda3\envs\sklearn_rl\Lib\site-packages\sklearn\utils\_param_validation.py", line 218, in wrapper
    return func(*args, **kwargs)
           ^^^^^^^^^^^^^^^^^^^^^
  File "C:\Users\e_damas\anaconda3\envs\sklearn_rl\Lib\site-packages\sklearn\model_selection\_validation.py", line 419, in cross_validate
    _warn_or_raise_about_fit_failures(results, error_score)
  File "C:\Users\e_damas\anaconda3\envs\sklearn_rl\Lib\site-packages\sklearn\model_selection\_validation.py", line 505, in _warn_or_raise_about_fit_failures
    raise ValueError(all_fits_failed_message)
ValueError: 
All the 3 fits failed.
It is very likely that your model is misconfigured.
You can try to debug the error by setting error_score='raise'.

Below are more details about the failures:
--------------------------------------------------------------------------------
3 fits failed with the following error:
Traceback (most recent call last):
  File "C:\Users\e_damas\anaconda3\envs\sklearn_rl\Lib\site-packages\sklearn\model_selection\_validation.py", line 859, in _fit_and_score
    estimator.fit(X_train, y_train, **fit_params)
  File "C:\Users\e_damas\anaconda3\envs\sklearn_rl\Lib\site-packages\sklearn\base.py", line 1365, in wrapper
    return fit_method(estimator, *args, **kwargs)
           ^^^^^^^^^^^^^^^^^^^^^^^^^^^^^^^^^^^^^^
  File "C:\Users\e_damas\anaconda3\envs\sklearn_rl\Lib\site-packages\sklearn\pipeline.py", line 663, in fit
    self._final_estimator.fit(Xt, y, **last_step_params["fit"])
  File "C:\Users\e_damas\anaconda3\envs\sklearn_rl\Lib\site-packages\sklearn\base.py", line 1358, in wrapper
    estimator._validate_params()
  File "C:\Users\e_damas\anaconda3\envs\sklearn_rl\Lib\site-packages\sklearn\base.py", line 471, in _validate_params
    validate_parameter_constraints(
  File "C:\Users\e_damas\anaconda3\envs\sklearn_rl\Lib\site-packages\sklearn\utils\_param_validation.py", line 98, in validate_parameter_constraints
    raise InvalidParameterError(
sklearn.utils._param_validation.InvalidParameterError: The 'solver' parameter of LogisticRegression must be a str among {'liblinear', 'newton-cg', 'saga', 'newton-cholesky', 'lbfgs', 'sag'}. Got 'auto' instead.


2025-09-10 12:06:42	EXCEPTION	Erro durante cross_val_score para o modelo LogisticRegression.	Traceback (most recent call last):
  File "D:\PROGRAMACAO\sklearn_rl\D_training\D1_training.py", line 133, in agent_training
    scores = cross_val_score(pipe, X_train, y_train, cv=3, scoring=scoring_metric)
             ^^^^^^^^^^^^^^^^^^^^^^^^^^^^^^^^^^^^^^^^^^^^^^^^^^^^^^^^^^^^^^^^^^^^^
  File "C:\Users\e_damas\anaconda3\envs\sklearn_rl\Lib\site-packages\sklearn\utils\_param_validation.py", line 218, in wrapper
    return func(*args, **kwargs)
           ^^^^^^^^^^^^^^^^^^^^^
  File "C:\Users\e_damas\anaconda3\envs\sklearn_rl\Lib\site-packages\sklearn\model_selection\_validation.py", line 677, in cross_val_score
    cv_results = cross_validate(
                 ^^^^^^^^^^^^^^^
  File "C:\Users\e_damas\anaconda3\envs\sklearn_rl\Lib\site-packages\sklearn\utils\_param_validation.py", line 218, in wrapper
    return func(*args, **kwargs)
           ^^^^^^^^^^^^^^^^^^^^^
  File "C:\Users\e_damas\anaconda3\envs\sklearn_rl\Lib\site-packages\sklearn\model_selection\_validation.py", line 419, in cross_validate
    _warn_or_raise_about_fit_failures(results, error_score)
  File "C:\Users\e_damas\anaconda3\envs\sklearn_rl\Lib\site-packages\sklearn\model_selection\_validation.py", line 505, in _warn_or_raise_about_fit_failures
    raise ValueError(all_fits_failed_message)
ValueError: 
All the 3 fits failed.
It is very likely that your model is misconfigured.
You can try to debug the error by setting error_score='raise'.

Below are more details about the failures:
--------------------------------------------------------------------------------
3 fits failed with the following error:
Traceback (most recent call last):
  File "C:\Users\e_damas\anaconda3\envs\sklearn_rl\Lib\site-packages\sklearn\model_selection\_validation.py", line 859, in _fit_and_score
    estimator.fit(X_train, y_train, **fit_params)
  File "C:\Users\e_damas\anaconda3\envs\sklearn_rl\Lib\site-packages\sklearn\base.py", line 1365, in wrapper
    return fit_method(estimator, *args, **kwargs)
           ^^^^^^^^^^^^^^^^^^^^^^^^^^^^^^^^^^^^^^
  File "C:\Users\e_damas\anaconda3\envs\sklearn_rl\Lib\site-packages\sklearn\pipeline.py", line 663, in fit
    self._final_estimator.fit(Xt, y, **last_step_params["fit"])
  File "C:\Users\e_damas\anaconda3\envs\sklearn_rl\Lib\site-packages\sklearn\base.py", line 1365, in wrapper
    return fit_method(estimator, *args, **kwargs)
           ^^^^^^^^^^^^^^^^^^^^^^^^^^^^^^^^^^^^^^
  File "C:\Users\e_damas\anaconda3\envs\sklearn_rl\Lib\site-packages\sklearn\linear_model\_logistic.py", line 1218, in fit
    solver = _check_solver(self.solver, self.penalty, self.dual)
             ^^^^^^^^^^^^^^^^^^^^^^^^^^^^^^^^^^^^^^^^^^^^^^^^^^^
  File "C:\Users\e_damas\anaconda3\envs\sklearn_rl\Lib\site-packages\sklearn\linear_model\_logistic.py", line 64, in _check_solver
    raise ValueError(
ValueError: Solver lbfgs supports only 'l2' or None penalties, got elasticnet penalty.


2025-09-10 12:06:47	EXCEPTION	Erro durante cross_val_score para o modelo LogisticRegression.	Traceback (most recent call last):
  File "D:\PROGRAMACAO\sklearn_rl\D_training\D1_training.py", line 133, in agent_training
    scores = cross_val_score(pipe, X_train, y_train, cv=3, scoring=scoring_metric)
             ^^^^^^^^^^^^^^^^^^^^^^^^^^^^^^^^^^^^^^^^^^^^^^^^^^^^^^^^^^^^^^^^^^^^^
  File "C:\Users\e_damas\anaconda3\envs\sklearn_rl\Lib\site-packages\sklearn\utils\_param_validation.py", line 218, in wrapper
    return func(*args, **kwargs)
           ^^^^^^^^^^^^^^^^^^^^^
  File "C:\Users\e_damas\anaconda3\envs\sklearn_rl\Lib\site-packages\sklearn\model_selection\_validation.py", line 677, in cross_val_score
    cv_results = cross_validate(
                 ^^^^^^^^^^^^^^^
  File "C:\Users\e_damas\anaconda3\envs\sklearn_rl\Lib\site-packages\sklearn\utils\_param_validation.py", line 218, in wrapper
    return func(*args, **kwargs)
           ^^^^^^^^^^^^^^^^^^^^^
  File "C:\Users\e_damas\anaconda3\envs\sklearn_rl\Lib\site-packages\sklearn\model_selection\_validation.py", line 419, in cross_validate
    _warn_or_raise_about_fit_failures(results, error_score)
  File "C:\Users\e_damas\anaconda3\envs\sklearn_rl\Lib\site-packages\sklearn\model_selection\_validation.py", line 505, in _warn_or_raise_about_fit_failures
    raise ValueError(all_fits_failed_message)
ValueError: 
All the 3 fits failed.
It is very likely that your model is misconfigured.
You can try to debug the error by setting error_score='raise'.

Below are more details about the failures:
--------------------------------------------------------------------------------
3 fits failed with the following error:
Traceback (most recent call last):
  File "C:\Users\e_damas\anaconda3\envs\sklearn_rl\Lib\site-packages\sklearn\model_selection\_validation.py", line 859, in _fit_and_score
    estimator.fit(X_train, y_train, **fit_params)
  File "C:\Users\e_damas\anaconda3\envs\sklearn_rl\Lib\site-packages\sklearn\base.py", line 1365, in wrapper
    return fit_method(estimator, *args, **kwargs)
           ^^^^^^^^^^^^^^^^^^^^^^^^^^^^^^^^^^^^^^
  File "C:\Users\e_damas\anaconda3\envs\sklearn_rl\Lib\site-packages\sklearn\pipeline.py", line 663, in fit
    self._final_estimator.fit(Xt, y, **last_step_params["fit"])
  File "C:\Users\e_damas\anaconda3\envs\sklearn_rl\Lib\site-packages\sklearn\base.py", line 1358, in wrapper
    estimator._validate_params()
  File "C:\Users\e_damas\anaconda3\envs\sklearn_rl\Lib\site-packages\sklearn\base.py", line 471, in _validate_params
    validate_parameter_constraints(
  File "C:\Users\e_damas\anaconda3\envs\sklearn_rl\Lib\site-packages\sklearn\utils\_param_validation.py", line 98, in validate_parameter_constraints
    raise InvalidParameterError(
sklearn.utils._param_validation.InvalidParameterError: The 'solver' parameter of LogisticRegression must be a str among {'liblinear', 'newton-cg', 'saga', 'newton-cholesky', 'lbfgs', 'sag'}. Got 'cholesky' instead.


2025-09-10 12:06:57	EXCEPTION	Erro durante cross_val_score para o modelo LogisticRegression.	Traceback (most recent call last):
  File "D:\PROGRAMACAO\sklearn_rl\D_training\D1_training.py", line 133, in agent_training
    scores = cross_val_score(pipe, X_train, y_train, cv=3, scoring=scoring_metric)
             ^^^^^^^^^^^^^^^^^^^^^^^^^^^^^^^^^^^^^^^^^^^^^^^^^^^^^^^^^^^^^^^^^^^^^
  File "C:\Users\e_damas\anaconda3\envs\sklearn_rl\Lib\site-packages\sklearn\utils\_param_validation.py", line 218, in wrapper
    return func(*args, **kwargs)
           ^^^^^^^^^^^^^^^^^^^^^
  File "C:\Users\e_damas\anaconda3\envs\sklearn_rl\Lib\site-packages\sklearn\model_selection\_validation.py", line 677, in cross_val_score
    cv_results = cross_validate(
                 ^^^^^^^^^^^^^^^
  File "C:\Users\e_damas\anaconda3\envs\sklearn_rl\Lib\site-packages\sklearn\utils\_param_validation.py", line 218, in wrapper
    return func(*args, **kwargs)
           ^^^^^^^^^^^^^^^^^^^^^
  File "C:\Users\e_damas\anaconda3\envs\sklearn_rl\Lib\site-packages\sklearn\model_selection\_validation.py", line 419, in cross_validate
    _warn_or_raise_about_fit_failures(results, error_score)
  File "C:\Users\e_damas\anaconda3\envs\sklearn_rl\Lib\site-packages\sklearn\model_selection\_validation.py", line 505, in _warn_or_raise_about_fit_failures
    raise ValueError(all_fits_failed_message)
ValueError: 
All the 3 fits failed.
It is very likely that your model is misconfigured.
You can try to debug the error by setting error_score='raise'.

Below are more details about the failures:
--------------------------------------------------------------------------------
3 fits failed with the following error:
Traceback (most recent call last):
  File "C:\Users\e_damas\anaconda3\envs\sklearn_rl\Lib\site-packages\sklearn\model_selection\_validation.py", line 859, in _fit_and_score
    estimator.fit(X_train, y_train, **fit_params)
  File "C:\Users\e_damas\anaconda3\envs\sklearn_rl\Lib\site-packages\sklearn\base.py", line 1365, in wrapper
    return fit_method(estimator, *args, **kwargs)
           ^^^^^^^^^^^^^^^^^^^^^^^^^^^^^^^^^^^^^^
  File "C:\Users\e_damas\anaconda3\envs\sklearn_rl\Lib\site-packages\sklearn\pipeline.py", line 663, in fit
    self._final_estimator.fit(Xt, y, **last_step_params["fit"])
  File "C:\Users\e_damas\anaconda3\envs\sklearn_rl\Lib\site-packages\sklearn\base.py", line 1365, in wrapper
    return fit_method(estimator, *args, **kwargs)
           ^^^^^^^^^^^^^^^^^^^^^^^^^^^^^^^^^^^^^^
  File "C:\Users\e_damas\anaconda3\envs\sklearn_rl\Lib\site-packages\sklearn\linear_model\_logistic.py", line 1218, in fit
    solver = _check_solver(self.solver, self.penalty, self.dual)
             ^^^^^^^^^^^^^^^^^^^^^^^^^^^^^^^^^^^^^^^^^^^^^^^^^^^
  File "C:\Users\e_damas\anaconda3\envs\sklearn_rl\Lib\site-packages\sklearn\linear_model\_logistic.py", line 64, in _check_solver
    raise ValueError(
ValueError: Solver sag supports only 'l2' or None penalties, got l1 penalty.


2025-09-10 12:07:19	EXCEPTION	Erro durante cross_val_score para o modelo LogisticRegression.	Traceback (most recent call last):
  File "D:\PROGRAMACAO\sklearn_rl\D_training\D1_training.py", line 133, in agent_training
    scores = cross_val_score(pipe, X_train, y_train, cv=3, scoring=scoring_metric)
             ^^^^^^^^^^^^^^^^^^^^^^^^^^^^^^^^^^^^^^^^^^^^^^^^^^^^^^^^^^^^^^^^^^^^^
  File "C:\Users\e_damas\anaconda3\envs\sklearn_rl\Lib\site-packages\sklearn\utils\_param_validation.py", line 218, in wrapper
    return func(*args, **kwargs)
           ^^^^^^^^^^^^^^^^^^^^^
  File "C:\Users\e_damas\anaconda3\envs\sklearn_rl\Lib\site-packages\sklearn\model_selection\_validation.py", line 677, in cross_val_score
    cv_results = cross_validate(
                 ^^^^^^^^^^^^^^^
  File "C:\Users\e_damas\anaconda3\envs\sklearn_rl\Lib\site-packages\sklearn\utils\_param_validation.py", line 218, in wrapper
    return func(*args, **kwargs)
           ^^^^^^^^^^^^^^^^^^^^^
  File "C:\Users\e_damas\anaconda3\envs\sklearn_rl\Lib\site-packages\sklearn\model_selection\_validation.py", line 419, in cross_validate
    _warn_or_raise_about_fit_failures(results, error_score)
  File "C:\Users\e_damas\anaconda3\envs\sklearn_rl\Lib\site-packages\sklearn\model_selection\_validation.py", line 505, in _warn_or_raise_about_fit_failures
    raise ValueError(all_fits_failed_message)
ValueError: 
All the 3 fits failed.
It is very likely that your model is misconfigured.
You can try to debug the error by setting error_score='raise'.

Below are more details about the failures:
--------------------------------------------------------------------------------
3 fits failed with the following error:
Traceback (most recent call last):
  File "C:\Users\e_damas\anaconda3\envs\sklearn_rl\Lib\site-packages\sklearn\model_selection\_validation.py", line 859, in _fit_and_score
    estimator.fit(X_train, y_train, **fit_params)
  File "C:\Users\e_damas\anaconda3\envs\sklearn_rl\Lib\site-packages\sklearn\base.py", line 1365, in wrapper
    return fit_method(estimator, *args, **kwargs)
           ^^^^^^^^^^^^^^^^^^^^^^^^^^^^^^^^^^^^^^
  File "C:\Users\e_damas\anaconda3\envs\sklearn_rl\Lib\site-packages\sklearn\pipeline.py", line 663, in fit
    self._final_estimator.fit(Xt, y, **last_step_params["fit"])
  File "C:\Users\e_damas\anaconda3\envs\sklearn_rl\Lib\site-packages\sklearn\base.py", line 1358, in wrapper
    estimator._validate_params()
  File "C:\Users\e_damas\anaconda3\envs\sklearn_rl\Lib\site-packages\sklearn\base.py", line 471, in _validate_params
    validate_parameter_constraints(
  File "C:\Users\e_damas\anaconda3\envs\sklearn_rl\Lib\site-packages\sklearn\utils\_param_validation.py", line 98, in validate_parameter_constraints
    raise InvalidParameterError(
sklearn.utils._param_validation.InvalidParameterError: The 'solver' parameter of LogisticRegression must be a str among {'liblinear', 'newton-cg', 'saga', 'newton-cholesky', 'lbfgs', 'sag'}. Got 'auto' instead.


2025-09-10 12:07:32	EXCEPTION	Erro durante cross_val_score para o modelo LogisticRegression.	Traceback (most recent call last):
  File "D:\PROGRAMACAO\sklearn_rl\D_training\D1_training.py", line 133, in agent_training
    scores = cross_val_score(pipe, X_train, y_train, cv=3, scoring=scoring_metric)
             ^^^^^^^^^^^^^^^^^^^^^^^^^^^^^^^^^^^^^^^^^^^^^^^^^^^^^^^^^^^^^^^^^^^^^
  File "C:\Users\e_damas\anaconda3\envs\sklearn_rl\Lib\site-packages\sklearn\utils\_param_validation.py", line 218, in wrapper
    return func(*args, **kwargs)
           ^^^^^^^^^^^^^^^^^^^^^
  File "C:\Users\e_damas\anaconda3\envs\sklearn_rl\Lib\site-packages\sklearn\model_selection\_validation.py", line 677, in cross_val_score
    cv_results = cross_validate(
                 ^^^^^^^^^^^^^^^
  File "C:\Users\e_damas\anaconda3\envs\sklearn_rl\Lib\site-packages\sklearn\utils\_param_validation.py", line 218, in wrapper
    return func(*args, **kwargs)
           ^^^^^^^^^^^^^^^^^^^^^
  File "C:\Users\e_damas\anaconda3\envs\sklearn_rl\Lib\site-packages\sklearn\model_selection\_validation.py", line 419, in cross_validate
    _warn_or_raise_about_fit_failures(results, error_score)
  File "C:\Users\e_damas\anaconda3\envs\sklearn_rl\Lib\site-packages\sklearn\model_selection\_validation.py", line 505, in _warn_or_raise_about_fit_failures
    raise ValueError(all_fits_failed_message)
ValueError: 
All the 3 fits failed.
It is very likely that your model is misconfigured.
You can try to debug the error by setting error_score='raise'.

Below are more details about the failures:
--------------------------------------------------------------------------------
3 fits failed with the following error:
Traceback (most recent call last):
  File "C:\Users\e_damas\anaconda3\envs\sklearn_rl\Lib\site-packages\sklearn\model_selection\_validation.py", line 859, in _fit_and_score
    estimator.fit(X_train, y_train, **fit_params)
  File "C:\Users\e_damas\anaconda3\envs\sklearn_rl\Lib\site-packages\sklearn\base.py", line 1365, in wrapper
    return fit_method(estimator, *args, **kwargs)
           ^^^^^^^^^^^^^^^^^^^^^^^^^^^^^^^^^^^^^^
  File "C:\Users\e_damas\anaconda3\envs\sklearn_rl\Lib\site-packages\sklearn\pipeline.py", line 663, in fit
    self._final_estimator.fit(Xt, y, **last_step_params["fit"])
  File "C:\Users\e_damas\anaconda3\envs\sklearn_rl\Lib\site-packages\sklearn\base.py", line 1358, in wrapper
    estimator._validate_params()
  File "C:\Users\e_damas\anaconda3\envs\sklearn_rl\Lib\site-packages\sklearn\base.py", line 471, in _validate_params
    validate_parameter_constraints(
  File "C:\Users\e_damas\anaconda3\envs\sklearn_rl\Lib\site-packages\sklearn\utils\_param_validation.py", line 98, in validate_parameter_constraints
    raise InvalidParameterError(
sklearn.utils._param_validation.InvalidParameterError: The 'solver' parameter of LogisticRegression must be a str among {'liblinear', 'newton-cg', 'saga', 'newton-cholesky', 'lbfgs', 'sag'}. Got 'svd' instead.


2025-09-10 12:08:21	EXCEPTION	Erro durante cross_val_score para o modelo LogisticRegression.	Traceback (most recent call last):
  File "D:\PROGRAMACAO\sklearn_rl\D_training\D1_training.py", line 133, in agent_training
    scores = cross_val_score(pipe, X_train, y_train, cv=3, scoring=scoring_metric)
             ^^^^^^^^^^^^^^^^^^^^^^^^^^^^^^^^^^^^^^^^^^^^^^^^^^^^^^^^^^^^^^^^^^^^^
  File "C:\Users\e_damas\anaconda3\envs\sklearn_rl\Lib\site-packages\sklearn\utils\_param_validation.py", line 218, in wrapper
    return func(*args, **kwargs)
           ^^^^^^^^^^^^^^^^^^^^^
  File "C:\Users\e_damas\anaconda3\envs\sklearn_rl\Lib\site-packages\sklearn\model_selection\_validation.py", line 677, in cross_val_score
    cv_results = cross_validate(
                 ^^^^^^^^^^^^^^^
  File "C:\Users\e_damas\anaconda3\envs\sklearn_rl\Lib\site-packages\sklearn\utils\_param_validation.py", line 218, in wrapper
    return func(*args, **kwargs)
           ^^^^^^^^^^^^^^^^^^^^^
  File "C:\Users\e_damas\anaconda3\envs\sklearn_rl\Lib\site-packages\sklearn\model_selection\_validation.py", line 419, in cross_validate
    _warn_or_raise_about_fit_failures(results, error_score)
  File "C:\Users\e_damas\anaconda3\envs\sklearn_rl\Lib\site-packages\sklearn\model_selection\_validation.py", line 505, in _warn_or_raise_about_fit_failures
    raise ValueError(all_fits_failed_message)
ValueError: 
All the 3 fits failed.
It is very likely that your model is misconfigured.
You can try to debug the error by setting error_score='raise'.

Below are more details about the failures:
--------------------------------------------------------------------------------
3 fits failed with the following error:
Traceback (most recent call last):
  File "C:\Users\e_damas\anaconda3\envs\sklearn_rl\Lib\site-packages\sklearn\model_selection\_validation.py", line 859, in _fit_and_score
    estimator.fit(X_train, y_train, **fit_params)
  File "C:\Users\e_damas\anaconda3\envs\sklearn_rl\Lib\site-packages\sklearn\base.py", line 1365, in wrapper
    return fit_method(estimator, *args, **kwargs)
           ^^^^^^^^^^^^^^^^^^^^^^^^^^^^^^^^^^^^^^
  File "C:\Users\e_damas\anaconda3\envs\sklearn_rl\Lib\site-packages\sklearn\pipeline.py", line 663, in fit
    self._final_estimator.fit(Xt, y, **last_step_params["fit"])
  File "C:\Users\e_damas\anaconda3\envs\sklearn_rl\Lib\site-packages\sklearn\base.py", line 1358, in wrapper
    estimator._validate_params()
  File "C:\Users\e_damas\anaconda3\envs\sklearn_rl\Lib\site-packages\sklearn\base.py", line 471, in _validate_params
    validate_parameter_constraints(
  File "C:\Users\e_damas\anaconda3\envs\sklearn_rl\Lib\site-packages\sklearn\utils\_param_validation.py", line 98, in validate_parameter_constraints
    raise InvalidParameterError(
sklearn.utils._param_validation.InvalidParameterError: The 'solver' parameter of LogisticRegression must be a str among {'liblinear', 'newton-cg', 'saga', 'newton-cholesky', 'lbfgs', 'sag'}. Got 'auto' instead.


2025-09-10 12:08:44	EXCEPTION	Erro durante cross_val_score para o modelo LogisticRegression.	Traceback (most recent call last):
  File "D:\PROGRAMACAO\sklearn_rl\D_training\D1_training.py", line 133, in agent_training
    scores = cross_val_score(pipe, X_train, y_train, cv=3, scoring=scoring_metric)
             ^^^^^^^^^^^^^^^^^^^^^^^^^^^^^^^^^^^^^^^^^^^^^^^^^^^^^^^^^^^^^^^^^^^^^
  File "C:\Users\e_damas\anaconda3\envs\sklearn_rl\Lib\site-packages\sklearn\utils\_param_validation.py", line 218, in wrapper
    return func(*args, **kwargs)
           ^^^^^^^^^^^^^^^^^^^^^
  File "C:\Users\e_damas\anaconda3\envs\sklearn_rl\Lib\site-packages\sklearn\model_selection\_validation.py", line 677, in cross_val_score
    cv_results = cross_validate(
                 ^^^^^^^^^^^^^^^
  File "C:\Users\e_damas\anaconda3\envs\sklearn_rl\Lib\site-packages\sklearn\utils\_param_validation.py", line 218, in wrapper
    return func(*args, **kwargs)
           ^^^^^^^^^^^^^^^^^^^^^
  File "C:\Users\e_damas\anaconda3\envs\sklearn_rl\Lib\site-packages\sklearn\model_selection\_validation.py", line 419, in cross_validate
    _warn_or_raise_about_fit_failures(results, error_score)
  File "C:\Users\e_damas\anaconda3\envs\sklearn_rl\Lib\site-packages\sklearn\model_selection\_validation.py", line 505, in _warn_or_raise_about_fit_failures
    raise ValueError(all_fits_failed_message)
ValueError: 
All the 3 fits failed.
It is very likely that your model is misconfigured.
You can try to debug the error by setting error_score='raise'.

Below are more details about the failures:
--------------------------------------------------------------------------------
3 fits failed with the following error:
Traceback (most recent call last):
  File "C:\Users\e_damas\anaconda3\envs\sklearn_rl\Lib\site-packages\sklearn\model_selection\_validation.py", line 859, in _fit_and_score
    estimator.fit(X_train, y_train, **fit_params)
  File "C:\Users\e_damas\anaconda3\envs\sklearn_rl\Lib\site-packages\sklearn\base.py", line 1365, in wrapper
    return fit_method(estimator, *args, **kwargs)
           ^^^^^^^^^^^^^^^^^^^^^^^^^^^^^^^^^^^^^^
  File "C:\Users\e_damas\anaconda3\envs\sklearn_rl\Lib\site-packages\sklearn\pipeline.py", line 663, in fit
    self._final_estimator.fit(Xt, y, **last_step_params["fit"])
  File "C:\Users\e_damas\anaconda3\envs\sklearn_rl\Lib\site-packages\sklearn\base.py", line 1358, in wrapper
    estimator._validate_params()
  File "C:\Users\e_damas\anaconda3\envs\sklearn_rl\Lib\site-packages\sklearn\base.py", line 471, in _validate_params
    validate_parameter_constraints(
  File "C:\Users\e_damas\anaconda3\envs\sklearn_rl\Lib\site-packages\sklearn\utils\_param_validation.py", line 98, in validate_parameter_constraints
    raise InvalidParameterError(
sklearn.utils._param_validation.InvalidParameterError: The 'solver' parameter of LogisticRegression must be a str among {'liblinear', 'newton-cg', 'saga', 'newton-cholesky', 'lbfgs', 'sag'}. Got 'svd' instead.


2025-09-10 12:08:44	EXCEPTION	Erro durante cross_val_score para o modelo LogisticRegression.	Traceback (most recent call last):
  File "D:\PROGRAMACAO\sklearn_rl\D_training\D1_training.py", line 133, in agent_training
    scores = cross_val_score(pipe, X_train, y_train, cv=3, scoring=scoring_metric)
             ^^^^^^^^^^^^^^^^^^^^^^^^^^^^^^^^^^^^^^^^^^^^^^^^^^^^^^^^^^^^^^^^^^^^^
  File "C:\Users\e_damas\anaconda3\envs\sklearn_rl\Lib\site-packages\sklearn\utils\_param_validation.py", line 218, in wrapper
    return func(*args, **kwargs)
           ^^^^^^^^^^^^^^^^^^^^^
  File "C:\Users\e_damas\anaconda3\envs\sklearn_rl\Lib\site-packages\sklearn\model_selection\_validation.py", line 677, in cross_val_score
    cv_results = cross_validate(
                 ^^^^^^^^^^^^^^^
  File "C:\Users\e_damas\anaconda3\envs\sklearn_rl\Lib\site-packages\sklearn\utils\_param_validation.py", line 218, in wrapper
    return func(*args, **kwargs)
           ^^^^^^^^^^^^^^^^^^^^^
  File "C:\Users\e_damas\anaconda3\envs\sklearn_rl\Lib\site-packages\sklearn\model_selection\_validation.py", line 419, in cross_validate
    _warn_or_raise_about_fit_failures(results, error_score)
  File "C:\Users\e_damas\anaconda3\envs\sklearn_rl\Lib\site-packages\sklearn\model_selection\_validation.py", line 505, in _warn_or_raise_about_fit_failures
    raise ValueError(all_fits_failed_message)
ValueError: 
All the 3 fits failed.
It is very likely that your model is misconfigured.
You can try to debug the error by setting error_score='raise'.

Below are more details about the failures:
--------------------------------------------------------------------------------
3 fits failed with the following error:
Traceback (most recent call last):
  File "C:\Users\e_damas\anaconda3\envs\sklearn_rl\Lib\site-packages\sklearn\model_selection\_validation.py", line 859, in _fit_and_score
    estimator.fit(X_train, y_train, **fit_params)
  File "C:\Users\e_damas\anaconda3\envs\sklearn_rl\Lib\site-packages\sklearn\base.py", line 1365, in wrapper
    return fit_method(estimator, *args, **kwargs)
           ^^^^^^^^^^^^^^^^^^^^^^^^^^^^^^^^^^^^^^
  File "C:\Users\e_damas\anaconda3\envs\sklearn_rl\Lib\site-packages\sklearn\pipeline.py", line 663, in fit
    self._final_estimator.fit(Xt, y, **last_step_params["fit"])
  File "C:\Users\e_damas\anaconda3\envs\sklearn_rl\Lib\site-packages\sklearn\base.py", line 1358, in wrapper
    estimator._validate_params()
  File "C:\Users\e_damas\anaconda3\envs\sklearn_rl\Lib\site-packages\sklearn\base.py", line 471, in _validate_params
    validate_parameter_constraints(
  File "C:\Users\e_damas\anaconda3\envs\sklearn_rl\Lib\site-packages\sklearn\utils\_param_validation.py", line 98, in validate_parameter_constraints
    raise InvalidParameterError(
sklearn.utils._param_validation.InvalidParameterError: The 'solver' parameter of LogisticRegression must be a str among {'liblinear', 'newton-cg', 'saga', 'newton-cholesky', 'lbfgs', 'sag'}. Got 'svd' instead.


2025-09-10 12:09:03	EXCEPTION	Erro durante cross_val_score para o modelo LogisticRegression.	Traceback (most recent call last):
  File "D:\PROGRAMACAO\sklearn_rl\D_training\D1_training.py", line 133, in agent_training
    scores = cross_val_score(pipe, X_train, y_train, cv=3, scoring=scoring_metric)
             ^^^^^^^^^^^^^^^^^^^^^^^^^^^^^^^^^^^^^^^^^^^^^^^^^^^^^^^^^^^^^^^^^^^^^
  File "C:\Users\e_damas\anaconda3\envs\sklearn_rl\Lib\site-packages\sklearn\utils\_param_validation.py", line 218, in wrapper
    return func(*args, **kwargs)
           ^^^^^^^^^^^^^^^^^^^^^
  File "C:\Users\e_damas\anaconda3\envs\sklearn_rl\Lib\site-packages\sklearn\model_selection\_validation.py", line 677, in cross_val_score
    cv_results = cross_validate(
                 ^^^^^^^^^^^^^^^
  File "C:\Users\e_damas\anaconda3\envs\sklearn_rl\Lib\site-packages\sklearn\utils\_param_validation.py", line 218, in wrapper
    return func(*args, **kwargs)
           ^^^^^^^^^^^^^^^^^^^^^
  File "C:\Users\e_damas\anaconda3\envs\sklearn_rl\Lib\site-packages\sklearn\model_selection\_validation.py", line 419, in cross_validate
    _warn_or_raise_about_fit_failures(results, error_score)
  File "C:\Users\e_damas\anaconda3\envs\sklearn_rl\Lib\site-packages\sklearn\model_selection\_validation.py", line 505, in _warn_or_raise_about_fit_failures
    raise ValueError(all_fits_failed_message)
ValueError: 
All the 3 fits failed.
It is very likely that your model is misconfigured.
You can try to debug the error by setting error_score='raise'.

Below are more details about the failures:
--------------------------------------------------------------------------------
3 fits failed with the following error:
Traceback (most recent call last):
  File "C:\Users\e_damas\anaconda3\envs\sklearn_rl\Lib\site-packages\sklearn\model_selection\_validation.py", line 859, in _fit_and_score
    estimator.fit(X_train, y_train, **fit_params)
  File "C:\Users\e_damas\anaconda3\envs\sklearn_rl\Lib\site-packages\sklearn\base.py", line 1365, in wrapper
    return fit_method(estimator, *args, **kwargs)
           ^^^^^^^^^^^^^^^^^^^^^^^^^^^^^^^^^^^^^^
  File "C:\Users\e_damas\anaconda3\envs\sklearn_rl\Lib\site-packages\sklearn\pipeline.py", line 663, in fit
    self._final_estimator.fit(Xt, y, **last_step_params["fit"])
  File "C:\Users\e_damas\anaconda3\envs\sklearn_rl\Lib\site-packages\sklearn\base.py", line 1358, in wrapper
    estimator._validate_params()
  File "C:\Users\e_damas\anaconda3\envs\sklearn_rl\Lib\site-packages\sklearn\base.py", line 471, in _validate_params
    validate_parameter_constraints(
  File "C:\Users\e_damas\anaconda3\envs\sklearn_rl\Lib\site-packages\sklearn\utils\_param_validation.py", line 98, in validate_parameter_constraints
    raise InvalidParameterError(
sklearn.utils._param_validation.InvalidParameterError: The 'solver' parameter of LogisticRegression must be a str among {'liblinear', 'newton-cg', 'saga', 'newton-cholesky', 'lbfgs', 'sag'}. Got 'sparse_cg' instead.


2025-09-10 12:09:17	EXCEPTION	Erro durante cross_val_score para o modelo LogisticRegression.	Traceback (most recent call last):
  File "D:\PROGRAMACAO\sklearn_rl\D_training\D1_training.py", line 133, in agent_training
    scores = cross_val_score(pipe, X_train, y_train, cv=3, scoring=scoring_metric)
             ^^^^^^^^^^^^^^^^^^^^^^^^^^^^^^^^^^^^^^^^^^^^^^^^^^^^^^^^^^^^^^^^^^^^^
  File "C:\Users\e_damas\anaconda3\envs\sklearn_rl\Lib\site-packages\sklearn\utils\_param_validation.py", line 218, in wrapper
    return func(*args, **kwargs)
           ^^^^^^^^^^^^^^^^^^^^^
  File "C:\Users\e_damas\anaconda3\envs\sklearn_rl\Lib\site-packages\sklearn\model_selection\_validation.py", line 677, in cross_val_score
    cv_results = cross_validate(
                 ^^^^^^^^^^^^^^^
  File "C:\Users\e_damas\anaconda3\envs\sklearn_rl\Lib\site-packages\sklearn\utils\_param_validation.py", line 218, in wrapper
    return func(*args, **kwargs)
           ^^^^^^^^^^^^^^^^^^^^^
  File "C:\Users\e_damas\anaconda3\envs\sklearn_rl\Lib\site-packages\sklearn\model_selection\_validation.py", line 419, in cross_validate
    _warn_or_raise_about_fit_failures(results, error_score)
  File "C:\Users\e_damas\anaconda3\envs\sklearn_rl\Lib\site-packages\sklearn\model_selection\_validation.py", line 505, in _warn_or_raise_about_fit_failures
    raise ValueError(all_fits_failed_message)
ValueError: 
All the 3 fits failed.
It is very likely that your model is misconfigured.
You can try to debug the error by setting error_score='raise'.

Below are more details about the failures:
--------------------------------------------------------------------------------
3 fits failed with the following error:
Traceback (most recent call last):
  File "C:\Users\e_damas\anaconda3\envs\sklearn_rl\Lib\site-packages\sklearn\model_selection\_validation.py", line 859, in _fit_and_score
    estimator.fit(X_train, y_train, **fit_params)
  File "C:\Users\e_damas\anaconda3\envs\sklearn_rl\Lib\site-packages\sklearn\base.py", line 1365, in wrapper
    return fit_method(estimator, *args, **kwargs)
           ^^^^^^^^^^^^^^^^^^^^^^^^^^^^^^^^^^^^^^
  File "C:\Users\e_damas\anaconda3\envs\sklearn_rl\Lib\site-packages\sklearn\pipeline.py", line 663, in fit
    self._final_estimator.fit(Xt, y, **last_step_params["fit"])
  File "C:\Users\e_damas\anaconda3\envs\sklearn_rl\Lib\site-packages\sklearn\base.py", line 1358, in wrapper
    estimator._validate_params()
  File "C:\Users\e_damas\anaconda3\envs\sklearn_rl\Lib\site-packages\sklearn\base.py", line 471, in _validate_params
    validate_parameter_constraints(
  File "C:\Users\e_damas\anaconda3\envs\sklearn_rl\Lib\site-packages\sklearn\utils\_param_validation.py", line 98, in validate_parameter_constraints
    raise InvalidParameterError(
sklearn.utils._param_validation.InvalidParameterError: The 'solver' parameter of LogisticRegression must be a str among {'liblinear', 'newton-cg', 'saga', 'newton-cholesky', 'lbfgs', 'sag'}. Got 'cholesky' instead.


2025-09-10 12:09:42	EXCEPTION	Erro durante cross_val_score para o modelo LogisticRegression.	Traceback (most recent call last):
  File "D:\PROGRAMACAO\sklearn_rl\D_training\D1_training.py", line 133, in agent_training
    scores = cross_val_score(pipe, X_train, y_train, cv=3, scoring=scoring_metric)
             ^^^^^^^^^^^^^^^^^^^^^^^^^^^^^^^^^^^^^^^^^^^^^^^^^^^^^^^^^^^^^^^^^^^^^
  File "C:\Users\e_damas\anaconda3\envs\sklearn_rl\Lib\site-packages\sklearn\utils\_param_validation.py", line 218, in wrapper
    return func(*args, **kwargs)
           ^^^^^^^^^^^^^^^^^^^^^
  File "C:\Users\e_damas\anaconda3\envs\sklearn_rl\Lib\site-packages\sklearn\model_selection\_validation.py", line 677, in cross_val_score
    cv_results = cross_validate(
                 ^^^^^^^^^^^^^^^
  File "C:\Users\e_damas\anaconda3\envs\sklearn_rl\Lib\site-packages\sklearn\utils\_param_validation.py", line 218, in wrapper
    return func(*args, **kwargs)
           ^^^^^^^^^^^^^^^^^^^^^
  File "C:\Users\e_damas\anaconda3\envs\sklearn_rl\Lib\site-packages\sklearn\model_selection\_validation.py", line 419, in cross_validate
    _warn_or_raise_about_fit_failures(results, error_score)
  File "C:\Users\e_damas\anaconda3\envs\sklearn_rl\Lib\site-packages\sklearn\model_selection\_validation.py", line 505, in _warn_or_raise_about_fit_failures
    raise ValueError(all_fits_failed_message)
ValueError: 
All the 3 fits failed.
It is very likely that your model is misconfigured.
You can try to debug the error by setting error_score='raise'.

Below are more details about the failures:
--------------------------------------------------------------------------------
3 fits failed with the following error:
Traceback (most recent call last):
  File "C:\Users\e_damas\anaconda3\envs\sklearn_rl\Lib\site-packages\sklearn\model_selection\_validation.py", line 859, in _fit_and_score
    estimator.fit(X_train, y_train, **fit_params)
  File "C:\Users\e_damas\anaconda3\envs\sklearn_rl\Lib\site-packages\sklearn\base.py", line 1365, in wrapper
    return fit_method(estimator, *args, **kwargs)
           ^^^^^^^^^^^^^^^^^^^^^^^^^^^^^^^^^^^^^^
  File "C:\Users\e_damas\anaconda3\envs\sklearn_rl\Lib\site-packages\sklearn\pipeline.py", line 663, in fit
    self._final_estimator.fit(Xt, y, **last_step_params["fit"])
  File "C:\Users\e_damas\anaconda3\envs\sklearn_rl\Lib\site-packages\sklearn\base.py", line 1358, in wrapper
    estimator._validate_params()
  File "C:\Users\e_damas\anaconda3\envs\sklearn_rl\Lib\site-packages\sklearn\base.py", line 471, in _validate_params
    validate_parameter_constraints(
  File "C:\Users\e_damas\anaconda3\envs\sklearn_rl\Lib\site-packages\sklearn\utils\_param_validation.py", line 98, in validate_parameter_constraints
    raise InvalidParameterError(
sklearn.utils._param_validation.InvalidParameterError: The 'solver' parameter of LogisticRegression must be a str among {'liblinear', 'newton-cg', 'saga', 'newton-cholesky', 'lbfgs', 'sag'}. Got 'lsqr' instead.


2025-09-10 12:09:42	EXCEPTION	Erro durante cross_val_score para o modelo LogisticRegression.	Traceback (most recent call last):
  File "D:\PROGRAMACAO\sklearn_rl\D_training\D1_training.py", line 133, in agent_training
    scores = cross_val_score(pipe, X_train, y_train, cv=3, scoring=scoring_metric)
             ^^^^^^^^^^^^^^^^^^^^^^^^^^^^^^^^^^^^^^^^^^^^^^^^^^^^^^^^^^^^^^^^^^^^^
  File "C:\Users\e_damas\anaconda3\envs\sklearn_rl\Lib\site-packages\sklearn\utils\_param_validation.py", line 218, in wrapper
    return func(*args, **kwargs)
           ^^^^^^^^^^^^^^^^^^^^^
  File "C:\Users\e_damas\anaconda3\envs\sklearn_rl\Lib\site-packages\sklearn\model_selection\_validation.py", line 677, in cross_val_score
    cv_results = cross_validate(
                 ^^^^^^^^^^^^^^^
  File "C:\Users\e_damas\anaconda3\envs\sklearn_rl\Lib\site-packages\sklearn\utils\_param_validation.py", line 218, in wrapper
    return func(*args, **kwargs)
           ^^^^^^^^^^^^^^^^^^^^^
  File "C:\Users\e_damas\anaconda3\envs\sklearn_rl\Lib\site-packages\sklearn\model_selection\_validation.py", line 419, in cross_validate
    _warn_or_raise_about_fit_failures(results, error_score)
  File "C:\Users\e_damas\anaconda3\envs\sklearn_rl\Lib\site-packages\sklearn\model_selection\_validation.py", line 505, in _warn_or_raise_about_fit_failures
    raise ValueError(all_fits_failed_message)
ValueError: 
All the 3 fits failed.
It is very likely that your model is misconfigured.
You can try to debug the error by setting error_score='raise'.

Below are more details about the failures:
--------------------------------------------------------------------------------
3 fits failed with the following error:
Traceback (most recent call last):
  File "C:\Users\e_damas\anaconda3\envs\sklearn_rl\Lib\site-packages\sklearn\model_selection\_validation.py", line 859, in _fit_and_score
    estimator.fit(X_train, y_train, **fit_params)
  File "C:\Users\e_damas\anaconda3\envs\sklearn_rl\Lib\site-packages\sklearn\base.py", line 1365, in wrapper
    return fit_method(estimator, *args, **kwargs)
           ^^^^^^^^^^^^^^^^^^^^^^^^^^^^^^^^^^^^^^
  File "C:\Users\e_damas\anaconda3\envs\sklearn_rl\Lib\site-packages\sklearn\pipeline.py", line 663, in fit
    self._final_estimator.fit(Xt, y, **last_step_params["fit"])
  File "C:\Users\e_damas\anaconda3\envs\sklearn_rl\Lib\site-packages\sklearn\base.py", line 1358, in wrapper
    estimator._validate_params()
  File "C:\Users\e_damas\anaconda3\envs\sklearn_rl\Lib\site-packages\sklearn\base.py", line 471, in _validate_params
    validate_parameter_constraints(
  File "C:\Users\e_damas\anaconda3\envs\sklearn_rl\Lib\site-packages\sklearn\utils\_param_validation.py", line 98, in validate_parameter_constraints
    raise InvalidParameterError(
sklearn.utils._param_validation.InvalidParameterError: The 'solver' parameter of LogisticRegression must be a str among {'liblinear', 'newton-cg', 'saga', 'newton-cholesky', 'lbfgs', 'sag'}. Got 'lsqr' instead.


2025-09-10 12:33:31	EXCEPTION	Erro durante cross_val_score para o modelo LogisticRegression.	Traceback (most recent call last):
  File "D:\PROGRAMACAO\sklearn_rl\D_training\D1_training.py", line 133, in agent_training
    scores = cross_val_score(pipe, X_train, y_train, cv=3, scoring=scoring_metric)
             ^^^^^^^^^^^^^^^^^^^^^^^^^^^^^^^^^^^^^^^^^^^^^^^^^^^^^^^^^^^^^^^^^^^^^
  File "C:\Users\e_damas\anaconda3\envs\sklearn_rl\Lib\site-packages\sklearn\utils\_param_validation.py", line 218, in wrapper
    return func(*args, **kwargs)
           ^^^^^^^^^^^^^^^^^^^^^
  File "C:\Users\e_damas\anaconda3\envs\sklearn_rl\Lib\site-packages\sklearn\model_selection\_validation.py", line 677, in cross_val_score
    cv_results = cross_validate(
                 ^^^^^^^^^^^^^^^
  File "C:\Users\e_damas\anaconda3\envs\sklearn_rl\Lib\site-packages\sklearn\utils\_param_validation.py", line 218, in wrapper
    return func(*args, **kwargs)
           ^^^^^^^^^^^^^^^^^^^^^
  File "C:\Users\e_damas\anaconda3\envs\sklearn_rl\Lib\site-packages\sklearn\model_selection\_validation.py", line 419, in cross_validate
    _warn_or_raise_about_fit_failures(results, error_score)
  File "C:\Users\e_damas\anaconda3\envs\sklearn_rl\Lib\site-packages\sklearn\model_selection\_validation.py", line 505, in _warn_or_raise_about_fit_failures
    raise ValueError(all_fits_failed_message)
ValueError: 
All the 3 fits failed.
It is very likely that your model is misconfigured.
You can try to debug the error by setting error_score='raise'.

Below are more details about the failures:
--------------------------------------------------------------------------------
3 fits failed with the following error:
Traceback (most recent call last):
  File "C:\Users\e_damas\anaconda3\envs\sklearn_rl\Lib\site-packages\sklearn\model_selection\_validation.py", line 859, in _fit_and_score
    estimator.fit(X_train, y_train, **fit_params)
  File "C:\Users\e_damas\anaconda3\envs\sklearn_rl\Lib\site-packages\sklearn\base.py", line 1365, in wrapper
    return fit_method(estimator, *args, **kwargs)
           ^^^^^^^^^^^^^^^^^^^^^^^^^^^^^^^^^^^^^^
  File "C:\Users\e_damas\anaconda3\envs\sklearn_rl\Lib\site-packages\sklearn\pipeline.py", line 663, in fit
    self._final_estimator.fit(Xt, y, **last_step_params["fit"])
  File "C:\Users\e_damas\anaconda3\envs\sklearn_rl\Lib\site-packages\sklearn\base.py", line 1358, in wrapper
    estimator._validate_params()
  File "C:\Users\e_damas\anaconda3\envs\sklearn_rl\Lib\site-packages\sklearn\base.py", line 471, in _validate_params
    validate_parameter_constraints(
  File "C:\Users\e_damas\anaconda3\envs\sklearn_rl\Lib\site-packages\sklearn\utils\_param_validation.py", line 98, in validate_parameter_constraints
    raise InvalidParameterError(
sklearn.utils._param_validation.InvalidParameterError: The 'solver' parameter of LogisticRegression must be a str among {'liblinear', 'newton-cg', 'saga', 'newton-cholesky', 'lbfgs', 'sag'}. Got 'svd' instead.


2025-09-10 12:33:31	EXCEPTION	Erro durante cross_val_score para o modelo LogisticRegression.	Traceback (most recent call last):
  File "D:\PROGRAMACAO\sklearn_rl\D_training\D1_training.py", line 133, in agent_training
    scores = cross_val_score(pipe, X_train, y_train, cv=3, scoring=scoring_metric)
             ^^^^^^^^^^^^^^^^^^^^^^^^^^^^^^^^^^^^^^^^^^^^^^^^^^^^^^^^^^^^^^^^^^^^^
  File "C:\Users\e_damas\anaconda3\envs\sklearn_rl\Lib\site-packages\sklearn\utils\_param_validation.py", line 218, in wrapper
    return func(*args, **kwargs)
           ^^^^^^^^^^^^^^^^^^^^^
  File "C:\Users\e_damas\anaconda3\envs\sklearn_rl\Lib\site-packages\sklearn\model_selection\_validation.py", line 677, in cross_val_score
    cv_results = cross_validate(
                 ^^^^^^^^^^^^^^^
  File "C:\Users\e_damas\anaconda3\envs\sklearn_rl\Lib\site-packages\sklearn\utils\_param_validation.py", line 218, in wrapper
    return func(*args, **kwargs)
           ^^^^^^^^^^^^^^^^^^^^^
  File "C:\Users\e_damas\anaconda3\envs\sklearn_rl\Lib\site-packages\sklearn\model_selection\_validation.py", line 419, in cross_validate
    _warn_or_raise_about_fit_failures(results, error_score)
  File "C:\Users\e_damas\anaconda3\envs\sklearn_rl\Lib\site-packages\sklearn\model_selection\_validation.py", line 505, in _warn_or_raise_about_fit_failures
    raise ValueError(all_fits_failed_message)
ValueError: 
All the 3 fits failed.
It is very likely that your model is misconfigured.
You can try to debug the error by setting error_score='raise'.

Below are more details about the failures:
--------------------------------------------------------------------------------
3 fits failed with the following error:
Traceback (most recent call last):
  File "C:\Users\e_damas\anaconda3\envs\sklearn_rl\Lib\site-packages\sklearn\model_selection\_validation.py", line 859, in _fit_and_score
    estimator.fit(X_train, y_train, **fit_params)
  File "C:\Users\e_damas\anaconda3\envs\sklearn_rl\Lib\site-packages\sklearn\base.py", line 1365, in wrapper
    return fit_method(estimator, *args, **kwargs)
           ^^^^^^^^^^^^^^^^^^^^^^^^^^^^^^^^^^^^^^
  File "C:\Users\e_damas\anaconda3\envs\sklearn_rl\Lib\site-packages\sklearn\pipeline.py", line 663, in fit
    self._final_estimator.fit(Xt, y, **last_step_params["fit"])
  File "C:\Users\e_damas\anaconda3\envs\sklearn_rl\Lib\site-packages\sklearn\base.py", line 1358, in wrapper
    estimator._validate_params()
  File "C:\Users\e_damas\anaconda3\envs\sklearn_rl\Lib\site-packages\sklearn\base.py", line 471, in _validate_params
    validate_parameter_constraints(
  File "C:\Users\e_damas\anaconda3\envs\sklearn_rl\Lib\site-packages\sklearn\utils\_param_validation.py", line 98, in validate_parameter_constraints
    raise InvalidParameterError(
sklearn.utils._param_validation.InvalidParameterError: The 'solver' parameter of LogisticRegression must be a str among {'liblinear', 'newton-cg', 'saga', 'newton-cholesky', 'lbfgs', 'sag'}. Got 'auto' instead.


2025-09-10 12:33:39	EXCEPTION	Erro durante cross_val_score para o modelo LogisticRegression.	Traceback (most recent call last):
  File "D:\PROGRAMACAO\sklearn_rl\D_training\D1_training.py", line 133, in agent_training
    scores = cross_val_score(pipe, X_train, y_train, cv=3, scoring=scoring_metric)
             ^^^^^^^^^^^^^^^^^^^^^^^^^^^^^^^^^^^^^^^^^^^^^^^^^^^^^^^^^^^^^^^^^^^^^
  File "C:\Users\e_damas\anaconda3\envs\sklearn_rl\Lib\site-packages\sklearn\utils\_param_validation.py", line 218, in wrapper
    return func(*args, **kwargs)
           ^^^^^^^^^^^^^^^^^^^^^
  File "C:\Users\e_damas\anaconda3\envs\sklearn_rl\Lib\site-packages\sklearn\model_selection\_validation.py", line 677, in cross_val_score
    cv_results = cross_validate(
                 ^^^^^^^^^^^^^^^
  File "C:\Users\e_damas\anaconda3\envs\sklearn_rl\Lib\site-packages\sklearn\utils\_param_validation.py", line 218, in wrapper
    return func(*args, **kwargs)
           ^^^^^^^^^^^^^^^^^^^^^
  File "C:\Users\e_damas\anaconda3\envs\sklearn_rl\Lib\site-packages\sklearn\model_selection\_validation.py", line 419, in cross_validate
    _warn_or_raise_about_fit_failures(results, error_score)
  File "C:\Users\e_damas\anaconda3\envs\sklearn_rl\Lib\site-packages\sklearn\model_selection\_validation.py", line 505, in _warn_or_raise_about_fit_failures
    raise ValueError(all_fits_failed_message)
ValueError: 
All the 3 fits failed.
It is very likely that your model is misconfigured.
You can try to debug the error by setting error_score='raise'.

Below are more details about the failures:
--------------------------------------------------------------------------------
3 fits failed with the following error:
Traceback (most recent call last):
  File "C:\Users\e_damas\anaconda3\envs\sklearn_rl\Lib\site-packages\sklearn\model_selection\_validation.py", line 859, in _fit_and_score
    estimator.fit(X_train, y_train, **fit_params)
  File "C:\Users\e_damas\anaconda3\envs\sklearn_rl\Lib\site-packages\sklearn\base.py", line 1365, in wrapper
    return fit_method(estimator, *args, **kwargs)
           ^^^^^^^^^^^^^^^^^^^^^^^^^^^^^^^^^^^^^^
  File "C:\Users\e_damas\anaconda3\envs\sklearn_rl\Lib\site-packages\sklearn\pipeline.py", line 663, in fit
    self._final_estimator.fit(Xt, y, **last_step_params["fit"])
  File "C:\Users\e_damas\anaconda3\envs\sklearn_rl\Lib\site-packages\sklearn\base.py", line 1358, in wrapper
    estimator._validate_params()
  File "C:\Users\e_damas\anaconda3\envs\sklearn_rl\Lib\site-packages\sklearn\base.py", line 471, in _validate_params
    validate_parameter_constraints(
  File "C:\Users\e_damas\anaconda3\envs\sklearn_rl\Lib\site-packages\sklearn\utils\_param_validation.py", line 98, in validate_parameter_constraints
    raise InvalidParameterError(
sklearn.utils._param_validation.InvalidParameterError: The 'solver' parameter of LogisticRegression must be a str among {'liblinear', 'newton-cg', 'saga', 'newton-cholesky', 'lbfgs', 'sag'}. Got 'cholesky' instead.


2025-09-10 12:34:30	EXCEPTION	Erro durante cross_val_score para o modelo LogisticRegression.	Traceback (most recent call last):
  File "D:\PROGRAMACAO\sklearn_rl\D_training\D1_training.py", line 133, in agent_training
    scores = cross_val_score(pipe, X_train, y_train, cv=3, scoring=scoring_metric)
             ^^^^^^^^^^^^^^^^^^^^^^^^^^^^^^^^^^^^^^^^^^^^^^^^^^^^^^^^^^^^^^^^^^^^^
  File "C:\Users\e_damas\anaconda3\envs\sklearn_rl\Lib\site-packages\sklearn\utils\_param_validation.py", line 218, in wrapper
    return func(*args, **kwargs)
           ^^^^^^^^^^^^^^^^^^^^^
  File "C:\Users\e_damas\anaconda3\envs\sklearn_rl\Lib\site-packages\sklearn\model_selection\_validation.py", line 677, in cross_val_score
    cv_results = cross_validate(
                 ^^^^^^^^^^^^^^^
  File "C:\Users\e_damas\anaconda3\envs\sklearn_rl\Lib\site-packages\sklearn\utils\_param_validation.py", line 218, in wrapper
    return func(*args, **kwargs)
           ^^^^^^^^^^^^^^^^^^^^^
  File "C:\Users\e_damas\anaconda3\envs\sklearn_rl\Lib\site-packages\sklearn\model_selection\_validation.py", line 419, in cross_validate
    _warn_or_raise_about_fit_failures(results, error_score)
  File "C:\Users\e_damas\anaconda3\envs\sklearn_rl\Lib\site-packages\sklearn\model_selection\_validation.py", line 505, in _warn_or_raise_about_fit_failures
    raise ValueError(all_fits_failed_message)
ValueError: 
All the 3 fits failed.
It is very likely that your model is misconfigured.
You can try to debug the error by setting error_score='raise'.

Below are more details about the failures:
--------------------------------------------------------------------------------
3 fits failed with the following error:
Traceback (most recent call last):
  File "C:\Users\e_damas\anaconda3\envs\sklearn_rl\Lib\site-packages\sklearn\model_selection\_validation.py", line 859, in _fit_and_score
    estimator.fit(X_train, y_train, **fit_params)
  File "C:\Users\e_damas\anaconda3\envs\sklearn_rl\Lib\site-packages\sklearn\base.py", line 1365, in wrapper
    return fit_method(estimator, *args, **kwargs)
           ^^^^^^^^^^^^^^^^^^^^^^^^^^^^^^^^^^^^^^
  File "C:\Users\e_damas\anaconda3\envs\sklearn_rl\Lib\site-packages\sklearn\pipeline.py", line 663, in fit
    self._final_estimator.fit(Xt, y, **last_step_params["fit"])
  File "C:\Users\e_damas\anaconda3\envs\sklearn_rl\Lib\site-packages\sklearn\base.py", line 1365, in wrapper
    return fit_method(estimator, *args, **kwargs)
           ^^^^^^^^^^^^^^^^^^^^^^^^^^^^^^^^^^^^^^
  File "C:\Users\e_damas\anaconda3\envs\sklearn_rl\Lib\site-packages\sklearn\linear_model\_logistic.py", line 1218, in fit
    solver = _check_solver(self.solver, self.penalty, self.dual)
             ^^^^^^^^^^^^^^^^^^^^^^^^^^^^^^^^^^^^^^^^^^^^^^^^^^^
  File "C:\Users\e_damas\anaconda3\envs\sklearn_rl\Lib\site-packages\sklearn\linear_model\_logistic.py", line 64, in _check_solver
    raise ValueError(
ValueError: Solver lbfgs supports only 'l2' or None penalties, got l1 penalty.


