estimator_name	estimator_type	category	descrição	class_path	params_list	submethods_list	X_min	X_max	y_min	y_max	apt_for_training	observações	from_sklearn_docs	input_X_structure	input_X_types	input_y_structure	input_y_types	output_X_structure	output_X_types	output_y_structure	output_y_types	exemplo	compatible_scores
BaseEstimator	Base	base	Base class for all estimators in scikit-learn. Provides default implementations for parameter handling, serialization, validation, and representation.	sklearn.base.BaseEstimator	[]	['get_metadata_routing','get_params','set_params']	0	0	0	0	False	All estimators should specify all parameters as explicit keyword arguments in their __init__ (no *args or **kwargs).	True	0	0	0	0	0	0	0	0		[]
calibration_curve	Utility	calibration	Compute true and predicted probabilities for a calibration curve. Discretizes the [0, 1] interval into bins and calculates fraction of positives and mean predicted probability in each bin.	sklearn.calibration.calibration_curve	['y_true','y_prob','pos_label','n_bins','strategy']	[]	0	0	0	0	False	This is a utility function, not an estimator. Assumes inputs come from a binary classifier. Calibration curves are also known as reliability diagrams.	True	0	0	0	0	0	0	0	0		[]
CalibrationDisplay	Visualization	calibration	Calibration curve (reliability diagram) visualization. Displays the average predicted probability vs fraction of positive classes for each bin.	sklearn.calibration.CalibrationDisplay	['prob_true','prob_pred','y_prob','estimator_name','pos_label']	['from_estimator','from_predictions','plot']	0	0	0	0	False	This is a visualization class, not an estimator. Recommended to use from_estimator or from_predictions to create displays. Added in version 1.0.	True	0	0	0	0	0	0	0	0		[]
clone	Utility	base	Construct a new unfitted estimator with the same parameters. Does a deep copy of the model without copying attached data.	sklearn.base.clone	['estimator','safe']	[]	0	0	0	0	False	This is a utility function, not an estimator. If the estimator's random_state is an integer, returns exact clone.	True	0	0	0	0	0	0	0	0		[]
is_classifier	Utility	base	Return True if the given estimator is (probably) a classifier.	sklearn.base.is_classifier	['estimator']	[]	0	0	0	0	False	This is a utility function, not an estimator. Returns boolean indicating if the input estimator is a classifier.	True	0	0	0	0	0	0	0	0		[]
is_clusterer	Utility	base	Return True if the given estimator is (probably) a clusterer.	sklearn.base.is_clusterer	['estimator']	[]	0	0	0	0	False	This is a utility function, not an estimator. Returns boolean indicating if the input estimator is a clusterer. Added in version 1.6.	True	0	0	0	0	0	0	0	0		[]
is_outlier_detector	Utility	base	Return True if the given estimator is (probably) an outlier detector.	sklearn.base.is_outlier_detector	['estimator']	[]	0	0	0	0	False	This is a utility function, not an estimator. Returns boolean indicating if the input estimator is an outlier detector.	True	0	0	0	0	0	0	0	0		[]
is_regressor	Utility	base	Return True if the given estimator is (probably) a regressor.	sklearn.base.is_regressor	['estimator']	[]	0	0	0	0	False	This is a utility function, not an estimator. Returns boolean indicating if the input estimator is a regressor.	True	0	0	0	0	0	0	0	0		[]
MetaEstimatorMixin	Mixin	base	Mixin class for all meta estimators in scikit-learn. Indicates that the estimator is a meta-estimator that wraps other estimators.	sklearn.base.MetaEstimatorMixin	[]	[]	0	0	0	0	False	This is a mixin class and should not be used directly. Empty mixin that only indicates meta-estimator nature. Changed in version 1.6: _required_parameters removed.	True	0	0	0	0	0	0	0	0		[]
available_if	Meta-Estimator	utils	An attribute that is available only if check returns a truthy value.	sklearn.utils.metaestimators.available_if	['check']	[]	-9999	9999	0	0	False	Callable makes the decorated method available if check returns a truthy value, otherwise the decorated method is unavailable.	True	0	0	0	0	0	0	0	0	from sklearn.utils.metaestimators import available_if\nclass HelloIfEven:\n    def __init__(self, x):\n        self.x = x\n    def _x_is_even(self):\n        return self.x % 2 == 0\n    @available_if(_x_is_even)\n    def say_hello(self):\n        print("Hello")	[]
check_is_fitted	Utility	validation	Perform is_fitted validation for estimator.	sklearn.utils.validation.check_is_fitted	['estimator','attributes','msg','all_or_any']	[]	-9999	9999	0	0	False	Checks if the estimator is fitted by verifying the presence of fitted attributes (ending with a trailing underscore) and otherwise raises a NotFittedError with the given message.	True	0	0	0	0	0	0	0	0	from sklearn.utils.validation import check_is_fitted\nfrom sklearn.linear_model import LogisticRegression\nlr = LogisticRegression()\ntry:\n    check_is_fitted(lr)\nexcept NotFittedError:\n    print("Model is not fitted yet.")	[]
make_pipeline	Meta-Estimator	pipeline	Construct a Pipeline from the given estimators.	sklearn.pipeline.make_pipeline	['steps','memory','transform_input','verbose']	[]	-9999	9999	0	0	False	This is a shorthand for the Pipeline constructor; it does not require, and does not permit, naming the estimators. Instead, their names will be set to the lowercase of their types automatically.	True	0	0	0	0	0	0	0	0	from sklearn.pipeline import make_pipeline\nfrom sklearn.preprocessing import StandardScaler\nfrom sklearn.naive_bayes import GaussianNB\npipe = make_pipeline(StandardScaler(), GaussianNB())	[]
BiclusterMixin	Mixin	base	Mixin class for all bicluster estimators in scikit-learn. Provides functionality for bicluster analysis including getting indices, shapes, and submatrices of biclusters.	sklearn.base.BiclusterMixin	[]	['get_indices','get_shape','get_submatrix']	1	9999	0	0	False	This is a mixin class and should not be used directly. It requires the estimator to have rows_ and columns_ attributes after fitting.	True	(n_samples,n_features)	[float,int]	0	0	0	0	0	0		[]
DensityMixin	Mixin	base	Mixin class for all density estimators in scikit-learn. Sets estimator type to 'density_estimator' and provides score method that defaults to no-op.	sklearn.base.DensityMixin	[]	['score']	1	9999	0	0	False	This is a mixin class and should not be used directly. Used by density estimation algorithms like KernelDensity, GaussianMixture, etc.	True	(n_samples,n_features)	[float,int]	0	0	0	0	0	0		[]
NearestNeighbors	Transformer	neighbors	Unsupervised learner for implementing neighbor searches for both k-neighbors and radius-based queries.	sklearn.neighbors.NearestNeighbors	['n_neighbors','radius','algorithm','leaf_size','metric','p','metric_params','n_jobs']	['fit','kneighbors','kneighbors_graph','radius_neighbors','radius_neighbors_graph']	-9999	9999	0	0	True	Added in version 0.9. Supports both k-neighbors and radius-based neighbor searches with various algorithms and metrics.	True	(n_samples,n_features)	[float,int]	0	0	0	0	0	0	from sklearn.neighbors import NearestNeighbors\nimport numpy as np\nsamples = [[0, 0, 2], [1, 0, 0], [0, 0, 1]]\nneigh = NearestNeighbors(n_neighbors=2, radius=0.4)\nneigh.fit(samples)\nindices = neigh.kneighbors([[0, 0, 1.3]], 2, return_distance=False)	[]
ward_tree	Utility	cluster	Ward clustering based on a Feature matrix.	sklearn.cluster.ward_tree	['X','connectivity','n_clusters','return_distance']	[]	-9999	9999	0	0	False	Recursively merges the pair of clusters that minimally increases within-cluster variance. The inertia matrix uses a Heapq-based representation.	True	(n_samples,n_features)	[float,int]	0	0	0	0	0	0	from sklearn.cluster import ward_tree\nimport numpy as np\nX = np.array([[1, 2], [1, 4], [1, 0], [4, 2], [4, 4], [4, 0]])\nchildren, n_connected_components, n_leaves, parents = ward_tree(X)	[]
config_context	Meta-Estimator	utils	Context manager to temporarily change the global scikit-learn configuration.	sklearn.config_context	['assume_finite','working_memory','print_changed_only','display','pairwise_dist_chunk_size','enable_cython_pairwise_dist','array_api_dispatch','transform_output','enable_metadata_routing','skip_parameter_validation']	[]	-9999	9999	-9999	9999	False	This context manager can be used to apply scikit-learn configuration changes within the scope of the with statement. Once the context exits, the global configuration is restored again.	True	(n_samples,n_features)	None	None	None	0	0	0	0	import sklearn\nfrom sklearn.utils.validation import assert_all_finite\nwith sklearn.config_context(assume_finite=True):\n    assert_all_finite([float('nan')])	[]
OneToOneFeatureMixin	Mixin	base	Provides get_feature_names_out for simple transformers with 1-to-1 correspondence between input and output features, such as StandardScaler.	sklearn.base.OneToOneFeatureMixin	[]	['get_feature_names_out']	1	9999	0	0	False	This is a mixin class and should not be used directly. Assumes 1-to-1 feature correspondence and requires n_features_in_ attribute after fitting.	True	(n_samples,n_features)	[float,int]	0	0	(n_samples,n_features)	[float,int]	0	0		[]
TransformerMixin	Mixin	base	Mixin class for all transformers in scikit-learn. Provides fit_transform method that delegates to fit and transform, and set_output method to output X as specific container types.	sklearn.base.TransformerMixin	[]	['fit_transform','set_output']	1	9999	0	0	False	This is a mixin class and should not be used directly. Used by transformers like StandardScaler, PCA, OneHotEncoder, etc. If get_feature_names_out is defined, automatically wraps transform methods.	True	(n_samples,n_features)	[float,int,str]	0	0	(n_samples,n_features_new)	[float,int]	0	0		[]
ClassNamePrefixFeaturesOutMixin	Mixin	base	Mixin class for transformers that generate their own names by prefixing. Useful when transformers need to generate feature names out, such as PCA.	sklearn.base.ClassNamePrefixFeaturesOutMixin	[]	['get_feature_names_out']	1	9999	0	0	False	This is a mixin class and should not be used directly. Requires _n_features_out attribute to be defined when the transformer is fitted.	True	(n_samples,n_features)	[float,int]	0	0	(n_samples,n_features_out)	[float,int]	0	0		[]
Pipeline	Utility	pipeline	A sequence of data transformers with an optional final predictor.	sklearn.pipeline.Pipeline	['steps','transform_input','memory','verbose']	['fit','transform','predict','predict_proba','score','fit_transform','fit_predict','inverse_transform','decision_function']	-9999	9999	-9999	9999	False	Pipeline allows you to sequentially apply a list of transformers to preprocess the data and, if desired, conclude the sequence with a final predictor for predictive modeling.	True	(n_samples,n_features)	[float,int]	(n_samples,)	[float,int,str]	(n_samples,n_transformed_features)	[float,int]	0	0	from sklearn.svm import SVC\nfrom sklearn.preprocessing import StandardScaler\nfrom sklearn.datasets import make_classification\nfrom sklearn.model_selection import train_test_split\nfrom sklearn.pipeline import Pipeline\nX, y = make_classification(random_state=0)\nX_train, X_test, y_train, y_test = train_test_split(X, y, random_state=0)\npipe = Pipeline([('scaler', StandardScaler()), ('svc', SVC())])\npipe.fit(X_train, y_train).score(X_test, y_test)	[]
safe_mask	Meta-Estimator	utils	Return a mask which is safe to use on X.	sklearn.utils.safe_mask	['X','mask']	[]	-9999	9999	-9999	9999	False	Return a mask which is safe to use on X.	True	(n_samples,n_features)	[float,int]	0	None	(n_samples,)	bool	0	0	from sklearn.utils import safe_mask\nfrom scipy.sparse import csr_matrix\ndata = csr_matrix([[1], [2], [3], [4], [5]])\ncondition = [False, True, True, False, True]\nmask = safe_mask(data, condition)	[]
dict_learning_online	Transformer	decomposition	Solve a dictionary learning matrix factorization problem online.	sklearn.decomposition.dict_learning_online	['n_components','alpha','max_iter','return_code','dict_init','batch_size','verbose','shuffle','n_jobs','method','random_state','positive_dict','positive_code','method_max_iter','tol','max_no_improvement']	[]	-9999	9999	-9999	9999	False	Finds the best dictionary and the corresponding sparse code for approximating the data matrix X.	True	(n_samples,n_features)	float	(n_samples,) or (n_samples,n_outputs)	float	(n_components,n_features)	float	0	0	import numpy as np\nfrom sklearn.datasets import make_sparse_coded_signal\nfrom sklearn.decomposition import dict_learning_online\nX, _, _ = make_sparse_coded_signal(n_samples=30, n_components=15, n_features=20, n_nonzero_coefs=10, random_state=42)\nU, V = dict_learning_online(X, n_components=15, alpha=0.2, max_iter=20, batch_size=3, random_state=42)	[]
AdditiveChi2Sampler	Transformer	kernel_approximation	Approximate feature map for additive chi2 kernel.	sklearn.kernel_approximation.AdditiveChi2Sampler	['sample_steps','sample_interval']	['fit','fit_transform','transform','get_feature_names_out','get_params','set_params']	-9999	9999	-9999	9999	False	This estimator is stateless and does not need to be fitted. However, we recommend to call fit_transform instead of transform, as parameter validation is only performed in fit.	True	(n_samples,n_features)	[float,int]	(n_samples,) or (n_samples,n_outputs)	[float,int,str]	(n_samples,n_features * (2*sample_steps - 1))	float	0	0	from sklearn.kernel_approximation import AdditiveChi2Sampler\nfrom sklearn.datasets import load_digits\nX, y = load_digits(return_X_y=True)\nchi2sampler = AdditiveChi2Sampler(sample_steps=2)\nX_transformed = chi2sampler.fit_transform(X)	[]
as_float_array	Meta-Estimator	utils	Convert an array-like to an array of floats.	sklearn.utils.as_float_array	['copy','ensure_all_finite']	[]	-9999	9999	-9999	9999	False	The new dtype will be np.float32 or np.float64, depending on the original type. The function can create a copy or modify the argument depending on the argument copy.	True	(n_samples,n_features)	[float,int]	0	None	(n_samples,n_features)	float	0	0	from sklearn.utils import as_float_array\nimport numpy as np\narray = np.array([0, 0, 1, 2, 2], dtype=np.int64)\nfloat_array = as_float_array(array)	[]
make_union	Meta-Estimator	pipeline	Construct a FeatureUnion from the given transformers.	sklearn.pipeline.make_union	['n_jobs','verbose','verbose_feature_names_out']	[]	-9999	9999	-9999	9999	False	This is a shorthand for the FeatureUnion constructor; it does not require, and does not permit, naming the transformers. Instead, they will be given names automatically based on their types.	True	(n_samples,n_features)	[float,int]	(n_samples,) or (n_samples,n_outputs)	[float,int]	(n_samples,n_features_out)	float	0	0	from sklearn.decomposition import PCA, TruncatedSVD\nfrom sklearn.pipeline import make_union\nunion = make_union(PCA(), TruncatedSVD())	[]
check_symmetric	Meta-Estimator	utils	Make sure that array is 2D, square and symmetric.	sklearn.utils.validation.check_symmetric	['tol','raise_warning','raise_exception']	[]	-9999	9999	-9999	9999	False	If the array is not symmetric, then a symmetrized version is returned. Optionally, a warning or exception is raised if the matrix is not symmetric.	True	(n_features,n_features)	[float,int]	0	None	(n_features,n_features)	[float,int]	0	0	import numpy as np\nfrom sklearn.utils.validation import check_symmetric\nsymmetric_array = np.array([[0, 1, 2], [1, 0, 1], [2, 1, 0]])\nresult = check_symmetric(symmetric_array)	[]
check_X_y	Meta-Estimator	utils	Input validation for standard estimators.	sklearn.utils.check_X_y	['accept_sparse','accept_large_sparse','dtype','order','copy','force_writeable','ensure_all_finite','ensure_2d','allow_nd','multi_output','ensure_min_samples','ensure_min_features','y_numeric','estimator']	[]	-9999	9999	-9999	9999	False	Checks X and y for consistent length, enforces X to be 2D and y 1D. By default, X is checked to be non-empty and containing only finite values.	True	(n_samples,n_features)	[float,int,object]	(n_samples,) or (n_samples,n_outputs)	[float,int,object]	(n_samples,n_features)	[float,int]	0	0	from sklearn.utils.validation import check_X_y\nX = [[1, 2], [3, 4], [5, 6]]\ny = [1, 2, 3]\nX, y = check_X_y(X, y)	[]
resample	Meta-Estimator	utils	Resample arrays or sparse matrices in a consistent way.	sklearn.utils.resample	['replace','n_samples','random_state','stratify','sample_weight']	[]	-9999	9999	-9999	9999	False	The default strategy implements one step of the bootstrapping procedure.	True	(n_samples,n_features)	[float,int]	(n_samples,) or (n_samples,n_outputs)	[float,int]	(n_samples,n_features)	[float,int]	0	0	import numpy as np\nfrom sklearn.utils import resample\nX = np.array([[1., 0.], [2., 1.], [0., 0.]])\ny = np.array([0, 1, 2])\nX_resampled, y_resampled = resample(X, y, random_state=0)	[]
shuffle	Meta-Estimator	utils	Shuffle arrays or sparse matrices in a consistent way.	sklearn.utils.shuffle	['random_state','n_samples']	[]	-9999	9999	-9999	9999	False	This is a convenience alias to resample(*arrays, replace=False) to do random permutations of the collections.	True	(n_samples,n_features)	[float,int]	(n_samples,) or (n_samples,n_outputs)	[float,int]	(n_samples,n_features)	[float,int]	0	0	import numpy as np\nfrom sklearn.utils import shuffle\nX = np.array([[1., 0.], [2., 1.], [0., 0.]])\ny = np.array([0, 1, 2])\nX_shuffled, y_shuffled = shuffle(X, y, random_state=0)	[]
validate_data	Meta-Estimator	utils	Validate input data and set or check feature names and counts of the input.	sklearn.utils.validation.validate_data	['reset','validate_separately','skip_check_array']	[]	-9999	9999	-9999	9999	False	This helper function should be used in an estimator that requires input validation. This mutates the estimator and sets the n_features_in_ and feature_names_in_ attributes if reset=True.	True	(n_samples,n_features)	[float,int]	(n_samples,) or (n_samples,n_outputs)	[float,int]	(n_samples,n_features)	[float,int]	0	0	from sklearn.utils.validation import validate_data\nfrom sklearn.ensemble import RandomForestClassifier\nclf = RandomForestClassifier()\nX_validated, y_validated = validate_data(clf, X, y)	[]
check_array	Meta-Estimator	utils	Input validation on an array, list, sparse matrix or similar.	sklearn.utils.check_array	['accept_sparse','accept_large_sparse','dtype','order','copy','force_writeable','ensure_all_finite','ensure_non_negative','ensure_2d','allow_nd','ensure_min_samples','ensure_min_features','estimator','input_name']	[]	-9999	9999	-9999	9999	False	By default, the input is checked to be a non-empty 2D array containing only finite values. If the dtype of the array is object, attempt converting to float, raising on failure.	True	(n_samples,n_features)	[float,int,object]	0	None	(n_samples,n_features)	[float,int]	0	0	from sklearn.utils.validation import check_array\nX = [[1, 2, 3], [4, 5, 6]]\nX_checked = check_array(X)	[]
safe_sqr	Meta-Estimator	utils	Element wise squaring of array-likes and sparse matrices.	sklearn.utils.safe_sqr	['copy']	[]	-9999	9999	-9999	9999	False	Element wise squaring of array-likes and sparse matrices.	True	(n_samples,n_features)	[float,int]	0	None	(n_samples,n_features)	[float,int]	0	0	from sklearn.utils import safe_sqr\nresult = safe_sqr([1, 2, 3])	[]
indexable	Meta-Estimator	utils	Make arrays indexable for cross-validation.	sklearn.utils.indexable	[]	[]	-9999	9999	-9999	9999	False	Checks consistent length, passes through None, and ensures that everything can be indexed by converting sparse matrices to csr and converting non-iterable objects to arrays.	True	(n_samples,n_features)	[float,int]	(n_samples,) or (n_samples,n_outputs)	[float,int]	(n_samples,n_features) or (n_samples,)	[float,int]	0	0	from sklearn.utils import indexable\nfrom scipy.sparse import csr_matrix\nimport numpy as np\niterables = [[1, 2, 3], np.array([2, 3, 4]), None, csr_matrix([[5], [6], [7]])]\nresult = indexable(*iterables)	[]
_safe_indexing	Meta-Estimator	utils	Return rows, items or columns of X using indices.	sklearn.utils._safe_indexing	['indices','axis']	[]	-9999	9999	-9999	9999	False	Warning: This utility is documented, but private. This means that backward compatibility might be broken without any deprecation cycle.	True	(n_samples,n_features)	[float,int,object]	0	None	(n_samples,n_features) or (n_samples,) or (n_features,)	[float,int,object]	0	0	import numpy as np\nfrom sklearn.utils import _safe_indexing\ndata = np.array([[1, 2], [3, 4], [5, 6]])\nsubset = _safe_indexing(data, 0, axis=0)	[]
PatchExtractor	Transformer	feature_extraction	Extracts patches from a collection of images.	sklearn.feature_extraction.image.PatchExtractor	['patch_size','max_patches','random_state']	['fit','fit_transform','transform','get_metadata_routing','get_params','set_output','set_params']	0	255	-9999	9999	False	This estimator is stateless and does not need to be fitted. However, we recommend to call fit_transform instead of transform, as parameter validation is only performed in fit.	True	(n_samples,image_height,image_width) or (n_samples,image_height,image_width,n_channels)	int	(n_samples,) or (n_samples,n_outputs)	None	(n_patches,patch_height,patch_width) or (n_patches,patch_height,patch_width,n_channels)	int	0	0	from sklearn.datasets import load_sample_images\nfrom sklearn.feature_extraction import image\nX = load_sample_images().images[1]\nX = X[None, ...]\npe = image.PatchExtractor(patch_size=(10, 10))\npe_trans = pe.transform(X)	[]
column_or_1d	Meta-Estimator	utils	Ravel column or 1d numpy array, else raises an error.	sklearn.utils.validation.column_or_1d	['dtype','warn','device']	[]	-9999	9999	-9999	9999	False	Ravel column or 1d numpy array, else raises an error.	True	0	None	(n_samples,) or (n_samples,1) or (1,n_samples)	[float,int,str]	(n_samples,)	[float,int]	0	0	from sklearn.utils.validation import column_or_1d\nresult = column_or_1d([1, 1])	[]
check_consistent_length	Meta-Estimator	utils	Check that all arrays have consistent first dimensions.	sklearn.utils.check_consistent_length	[]	[]	-9999	9999	-9999	9999	False	Checks whether all objects in arrays have the same shape or length.	True	(n_samples,n_features)	[float,int]	(n_samples,) or (n_samples,n_outputs)	[float,int]	0	None	0	0	from sklearn.utils.validation import check_consistent_length\na = [1, 2, 3]\nb = [2, 3, 4]\ncheck_consistent_length(a, b)	[]
Bunch	Meta-Estimator	utils	Container object exposing keys as attributes.	sklearn.utils.Bunch	[]	['clear','copy','fromkeys','get','items','keys','pop','popitem','setdefault','update','values']	-9999	9999	-9999	9999	False	Bunch objects are sometimes used as an output for functions and methods. They extend dictionaries by enabling values to be accessed by key, bunch["value_key"], or by an attribute, bunch.value_key.	True	0	None	0	None	0	None	0	0	from sklearn.utils import Bunch\nb = Bunch(a=1, b=2)	[]
check_scalar	Meta-Estimator	utils	Validate scalar parameters type and value.	sklearn.utils.check_scalar	['name','target_type','min_val','max_val','include_boundaries']	[]	-9999	9999	-9999	9999	False	Validate scalar parameters type and value.	True	0	None	0	None	0	None	0	0	from sklearn.utils.validation import check_scalar\ncheck_scalar(10, "x", int, min_val=1, max_val=20)	[]
ClassifierTags	Meta-Estimator	utils	Tags for the classifier.	sklearn.utils.ClassifierTags	['poor_score','multi_class','multi_label']	[]	-9999	9999	-9999	9999	False	Tags for the classifier.	True	0	None	0	None	0	None	0	0	from sklearn.utils import ClassifierTags\ntags = ClassifierTags(multi_class=True, multi_label=False)	[]
deprecated	Meta-Estimator	utils	Decorator to mark a function or class as deprecated.	sklearn.utils.deprecated	['extra']	['__call__']	-9999	9999	-9999	9999	False	Issue a warning when the function is called/the class is instantiated and adds a warning to the docstring.	True	0	None	0	None	0	None	0	0	from sklearn.utils import deprecated\n@deprecated()\ndef some_function(): pass	[]
InputTags	Meta-Estimator	utils	Tags for the input data.	sklearn.utils.InputTags	['one_d_array','two_d_array','three_d_array','sparse','categorical','string','dict','positive_only','allow_nan','pairwise']	[]	-9999	9999	-9999	9999	False	Tags for the input data.	True	0	None	0	None	0	None	0	0	from sklearn.utils import InputTags\ntags = InputTags(two_d_array=True, allow_nan=False)	[]
RegressorTags	Meta-Estimator	utils	Tags for the regressor.	sklearn.utils.RegressorTags	['poor_score']	[]	-9999	9999	-9999	9999	False	Tags for the regressor.	True	0	None	0	None	0	None	0	0	from sklearn.utils import RegressorTags\ntags = RegressorTags(poor_score=False)	[]
set_config	Meta-Estimator	utils	Set global scikit-learn configuration.	sklearn.set_config	['assume_finite','working_memory','print_changed_only','display','pairwise_dist_chunk_size','enable_cython_pairwise_dist','array_api_dispatch','transform_output','enable_metadata_routing','skip_parameter_validation']	[]	-9999	9999	-9999	9999	False	These settings control the behaviour of scikit-learn functions during a library usage session. Global configuration defaults take effect when scikit-learn is imported.	True	0	None	0	None	0	None	0	0	from sklearn import set_config\nset_config(display='diagram')	[]
TargetTags	Meta-Estimator	utils	Tags for the target data.	sklearn.utils.TargetTags	['required','one_d_labels','two_d_labels','positive_only','multi_output','single_output']	[]	-9999	9999	-9999	9999	False	Tags for the target data.	True	0	None	0	None	0	None	0	0	from sklearn.utils import TargetTags\ntags = TargetTags(required=True, single_output=True)	[]
TransformerTags	Meta-Estimator	utils	Tags for the transformer.	sklearn.utils.TransformerTags	['preserves_dtype']	[]	-9999	9999	-9999	9999	False	Tags for the transformer.	True	0	None	0	None	0	None	0	0	from sklearn.utils import TransformerTags\ntags = TransformerTags(preserves_dtype=["float64"])	[]
assert_all_finite	Meta-Estimator	utils	Throw a ValueError if X contains NaN or infinity.	sklearn.utils.assert_all_finite	['allow_nan','estimator_name','input_name']	[]	-9999	9999	-9999	9999	False	Throw a ValueError if X contains NaN or infinity.	True	(n_samples,n_features)	[float,int]	0	None	0	None	0	0	from sklearn.utils import assert_all_finite\nimport numpy as np\narray = np.array([1, np.inf, np.nan, 4])\ntry:\n    assert_all_finite(array)\n    print("Test passed")\nexcept ValueError:\n    print("Test failed")	[]
has_fit_parameter	Meta-Estimator	utils	Check whether the estimator's fit method supports the given parameter.	sklearn.utils.validation.has_fit_parameter	['estimator','parameter']	[]	-9999	9999	-9999	9999	False	Check whether the estimator's fit method supports the given parameter.	True	0	None	0	None	0	None	bool	0	from sklearn.svm import SVC\nfrom sklearn.utils.validation import has_fit_parameter\nresult = has_fit_parameter(SVC(), "sample_weight")	[]
get_config	Meta-Estimator	utils	Retrieve the current scikit-learn configuration.	sklearn.get_config	[]	[]	-9999	9999	-9999	9999	False	This reflects the effective global configurations as established by default upon library import, or modified via set_config or config_context.	True	0	None	0	None	0	None	dict	0	import sklearn\nconfig = sklearn.get_config()	[]
compute_class_weight	Meta-Estimator	utils	Estimate class weights for unbalanced datasets.	sklearn.utils.class_weight.compute_class_weight	['class_weight','classes','y','sample_weight']	[]	-9999	9999	-9999	9999	False	Estimate class weights for unbalanced datasets.	True	0	None	(n_samples,)	[int,str]	0	None	float	0	import numpy as np\nfrom sklearn.utils.class_weight import compute_class_weight\ny = [1, 1, 1, 1, 0, 0]\nweights = compute_class_weight(class_weight="balanced", classes=np.unique(y), y=y)	[]
compute_sample_weight	Meta-Estimator	utils	Estimate sample weights by class for unbalanced datasets.	sklearn.utils.class_weight.compute_sample_weight	['class_weight','indices']	[]	-9999	9999	-9999	9999	False	Estimate sample weights by class for unbalanced datasets.	True	0	None	(n_samples,) or (n_samples,n_outputs)	[int,str]	0	None	float	0	from sklearn.utils.class_weight import compute_sample_weight\ny = [1, 1, 1, 1, 0, 0]\nweights = compute_sample_weight(class_weight="balanced", y=y)	[]
murmurhash3_32	Meta-Estimator	utils	Compute the 32bit murmurhash3 of key at seed.	sklearn.utils.murmurhash3_32	['key','seed','positive']	[]	-9999	9999	-9999	9999	False	The underlying implementation is MurmurHash3_x86_32 generating low latency 32bits hash suitable for implementing lookup tables, Bloom filters, count min sketch or feature hashing.	True	0	None	0	None	0	None	int	0	from sklearn.utils import murmurhash3_32\nhash_value = murmurhash3_32(b"Hello World!", seed=42)	[]
check_memory	Meta-Estimator	utils	Check that memory is joblib.Memory-like.	sklearn.utils.validation.check_memory	['memory']	[]	-9999	9999	-9999	9999	False	joblib.Memory-like means that memory can be converted into a joblib.Memory instance (typically a str denoting the location) or has the same interface (has a cache method).	True	0	None	0	None	0	None	Memory	0	from sklearn.utils.validation import check_memory\nmemory_obj = check_memory("caching_dir")	[]
check_random_state	Meta-Estimator	utils	Turn seed into a np.random.RandomState instance.	sklearn.utils.check_random_state	['seed']	[]	-9999	9999	-9999	9999	False	Turn seed into a np.random.RandomState instance.	True	0	None	0	None	0	None	RandomState	0	from sklearn.utils.validation import check_random_state\nrandom_state = check_random_state(42)	[]
gen_batches	Meta-Estimator	utils	Generator to create slices containing batch_size elements from 0 to n.	sklearn.utils.gen_batches	['n','batch_size','min_batch_size']	[]	-9999	9999	-9999	9999	False	The last slice may contain less than batch_size elements, when batch_size does not divide n.	True	0	None	0	None	0	None	slice	0	from sklearn.utils import gen_batches\nlist(gen_batches(7, 3))	[]
gen_even_slices	Meta-Estimator	utils	Generator to create n_packs evenly spaced slices going up to n.	sklearn.utils.gen_even_slices	['n','n_packs','n_samples']	[]	-9999	9999	-9999	9999	False	If n_packs does not divide n, except for the first n % n_packs slices, remaining slices may contain fewer elements.	True	0	None	0	None	0	None	slice	0	from sklearn.utils import gen_even_slices\nlist(gen_even_slices(10, 3))	[]
type_of_target	Meta-Estimator	utils	Determine the type of data indicated by the target.	sklearn.utils.multiclass.type_of_target	['input_name','raise_unknown']	[]	-9999	9999	-9999	9999	False	Note that this type is the most specific type that can be inferred. For example: binary is more specific but compatible with multiclass.	True	0	None	(n_samples,) or (n_samples,n_outputs)	[float,int,str]	0	None	str	0	from sklearn.utils.multiclass import type_of_target\nimport numpy as np\ntarget_type = type_of_target([1, -1, -1, 1])	[]
estimator_html_repr	Meta-Estimator	utils	Build a HTML representation of an estimator.	sklearn.utils.estimator_html_repr	['estimator']	[]	-9999	9999	-9999	9999	False	Build a HTML representation of an estimator.	True	0	None	0	None	0	None	str	0	from sklearn.utils._repr_html.estimator import estimator_html_repr\nfrom sklearn.linear_model import LogisticRegression\nhtml = estimator_html_repr(LogisticRegression())	[]
get_tags	Meta-Estimator	utils	Get estimator tags.	sklearn.utils.get_tags	['estimator']	[]	-9999	9999	-9999	9999	False	BaseEstimator provides the estimator tags machinery. However, if an estimator does not inherit from this base class, we should fall-back to the default tags.	True	0	None	0	None	0	None	Tags	0	from sklearn.utils import get_tags\nfrom sklearn.ensemble import RandomForestClassifier\nclf = RandomForestClassifier()\ntags = get_tags(clf)	[]
estimate_bandwidth	Utility	cluster	Estimate the bandwidth to use with the mean-shift algorithm.	sklearn.cluster.estimate_bandwidth	['X','quantile','n_samples','random_state','n_jobs']	[]	-9999	9999	0	0	False	This function takes time at least quadratic in n_samples. For large datasets, it is wise to subsample by setting n_samples.	True	(n_samples,n_features)	[float,int]	0	0	0	0	0	float	from sklearn.cluster import estimate_bandwidth\nimport numpy as np\nX = np.array([[1, 1], [2, 1], [1, 0], [4, 7], [3, 5], [3, 6]])\nbandwidth = estimate_bandwidth(X, quantile=0.5)	[]
KernelPCA	Transformer	decomposition	Kernel Principal component analysis (KPCA). Non-linear dimensionality reduction through the use of kernels.	sklearn.decomposition.KernelPCA	['n_components','kernel','gamma','degree','coef0','kernel_params','alpha','fit_inverse_transform','eigen_solver','tol','max_iter','iterated_power','remove_zero_eig','random_state','copy_X','n_jobs']	['fit','transform','fit_transform','inverse_transform','get_feature_names_out']	-9999	9999	0	0	True	It uses the scipy.linalg.eigh LAPACK implementation of the full SVD or the scipy.sparse.linalg.eigsh ARPACK implementation of the truncated SVD, depending on the shape of the input data and the number of components to extract.	True	(n_samples,n_features)	[float,int]	0	0	0	0	(n_samples,n_components)	float	from sklearn.datasets import load_digits\nfrom sklearn.decomposition import KernelPCA\nX, _ = load_digits(return_X_y=True)\ntransformer = KernelPCA(n_components=7, kernel='linear')\nX_transformed = transformer.fit_transform(X)	[]
SpectralEmbedding	Transformer	manifold	Spectral embedding for non-linear dimensionality reduction.	sklearn.manifold.SpectralEmbedding	['n_components','affinity','gamma','random_state','eigen_solver','eigen_tol','n_neighbors','n_jobs']	['fit','fit_transform','get_params','set_params']	-9999	9999	0	0	True	Laplacian Eigenmaps is the actual algorithm implemented here.	True	(n_samples,n_features)	[float,int]	0	0	0	0	(n_samples,n_components)	float	from sklearn.manifold import SpectralEmbedding\nembedding = SpectralEmbedding(n_components=2)\nX_transformed = embedding.fit_transform(X)	[]
TSNE	Transformer	manifold	T-distributed Stochastic Neighbor Embedding.	sklearn.manifold.TSNE	['n_components','perplexity','early_exaggeration','learning_rate','max_iter','n_iter_without_progress','min_grad_norm','metric','metric_params','init','verbose','random_state','method','angle','n_jobs']	['fit','fit_transform','get_feature_names_out','get_params','set_params']	-9999	9999	0	0	True	t-SNE is a tool to visualize high-dimensional data. It converts similarities between data points to joint probabilities and tries to minimize the Kullback-Leibler divergence.	True	(n_samples,n_features)	[float,int]	0	0	0	0	(n_samples,n_components)	float	from sklearn.manifold import TSNE\nX_embedded = TSNE(n_components=2, learning_rate='auto', init='random', perplexity=3).fit_transform(X)	[]
LatentDirichletAllocation	Transformer	decomposition	Latent Dirichlet Allocation with online variational Bayes algorithm.	sklearn.decomposition.LatentDirichletAllocation	['n_components','doc_topic_prior','topic_word_prior','learning_method','learning_decay','learning_offset','max_iter','batch_size','evaluate_every','total_samples','perp_tol','mean_change_tol','max_doc_update_iter','n_jobs','verbose','random_state']	['fit','partial_fit','transform','fit_transform','perplexity','score','get_feature_names_out']	0	9999	0	0	True	Added in version 0.17. The implementation is based on [1] and [2].	True	(n_samples,n_features)	[float,int]	0	0	0	0	(n_samples,n_components)	float	from sklearn.decomposition import LatentDirichletAllocation\nfrom sklearn.datasets import make_multilabel_classification\nX, _ = make_multilabel_classification(random_state=0)\nlda = LatentDirichletAllocation(n_components=5, random_state=0)\nlda.fit(X)\nlda.transform(X[-2:])	[]
FastICA	Transformer	decomposition	FastICA: a fast algorithm for Independent Component Analysis.	sklearn.decomposition.FastICA	['n_components','algorithm','whiten','fun','fun_args','max_iter','tol','w_init','whiten_solver','random_state']	['fit','fit_transform','get_feature_names_out','get_metadata_routing','get_params','inverse_transform','set_inverse_transform_request','set_output','set_params','set_transform_request','transform']	-9999	9999	-9999	9999	True	The implementation is based on [1].	True	(n_samples,n_features)	[float,int]	(n_samples,)	None	0	0	(n_samples,n_components)	float	from sklearn.datasets import load_digits\nfrom sklearn.decomposition import FastICA\nX, _ = load_digits(return_X_y=True)\ntransformer = FastICA(n_components=7, random_state=0, whiten='unit-variance')\nX_transformed = transformer.fit_transform(X)	[]
MiniBatchDictionaryLearning	Transformer	decomposition	Mini-batch dictionary learning.	sklearn.decomposition.MiniBatchDictionaryLearning	['n_components','alpha','max_iter','fit_algorithm','n_jobs','batch_size','shuffle','dict_init','transform_algorithm','transform_n_nonzero_coefs','transform_alpha','verbose','split_sign','random_state','positive_code','positive_dict','transform_max_iter','callback','tol','max_no_improvement']	['fit','fit_transform','get_feature_names_out','get_metadata_routing','get_params','inverse_transform','partial_fit','set_output','set_params','transform']	-9999	9999	-9999	9999	True	Finds a dictionary (a set of atoms) that performs well at sparsely encoding the fitted data.	True	(n_samples,n_features)	[float,int]	(n_samples,)	None	0	0	(n_samples,n_components)	float	import numpy as np\nfrom sklearn.datasets import make_sparse_coded_signal\nfrom sklearn.decomposition import MiniBatchDictionaryLearning\nX, dictionary, code = make_sparse_coded_signal(n_samples=30, n_components=15, n_features=20, n_nonzero_coefs=10, random_state=42)\ndict_learner = MiniBatchDictionaryLearning(n_components=15, batch_size=3, transform_algorithm='lasso_lars', transform_alpha=0.1, max_iter=20, random_state=42)\nX_transformed = dict_learner.fit_transform(X)	[]
PCA	Transformer	decomposition	Principal component analysis (PCA).	sklearn.decomposition.PCA	['n_components','copy','whiten','svd_solver','tol','iterated_power','n_oversamples','power_iteration_normalizer','random_state']	['fit','fit_transform','get_covariance','get_feature_names_out','get_metadata_routing','get_params','get_precision','inverse_transform','score','score_samples','set_output','set_params','transform']	-9999	9999	-9999	9999	True	This class only supports sparse inputs for some solvers such as “arpack” and “covariance_eigh”.	True	(n_samples,n_features)	[float,int]	(n_samples,)	None	0	0	(n_samples,n_components)	float	from sklearn.decomposition import PCA\nimport numpy as np\nX = np.array([[-1, -1], [-2, -1], [-3, -2], [1, 1], [2, 1], [3, 2]])\npca = PCA(n_components=2)\npca.fit(X)\nprint(pca.explained_variance_ratio_)\nprint(pca.singular_values_)	[]
NMF	Transformer	decomposition	Non-Negative Matrix Factorization (NMF).	sklearn.decomposition.NMF	['n_components','init','solver','beta_loss','tol','max_iter','random_state','alpha_W','alpha_H','l1_ratio','verbose','shuffle']	['fit','fit_transform','get_feature_names_out','get_metadata_routing','get_params','inverse_transform','set_output','set_params','transform']	0	9999	0	9999	True	Find two non-negative matrices, i.e. matrices with all non-negative elements, (W, H) whose product approximates the non-negative matrix X. This factorization can be used for example for dimensionality reduction, source separation or topic extraction.	True	(n_samples,n_features)	[float,int]	(n_samples,)	None	0	0	(n_samples,n_components)	float	import numpy as np\nX = np.array([[1, 1], [2, 1], [3, 1.2], [4, 1], [5, 0.8], [6, 1]])\nfrom sklearn.decomposition import NMF\nmodel = NMF(n_components=2, init='random', random_state=0)\nW = model.fit_transform(X)\nH = model.components_	[]
IterativeImputer	Transformer	impute	Multivariate imputer that estimates each feature from all the others.	sklearn.impute.IterativeImputer	['estimator','missing_values','sample_posterior','max_iter','tol','n_nearest_features','initial_strategy','fill_value','imputation_order','skip_complete','min_value','max_value','verbose','random_state','add_indicator','keep_empty_features']	['fit','fit_transform','transform','get_feature_names_out','set_output']	-9999	9999	0	0	True	This estimator is still experimental for now: the predictions and the API might change without any deprecation cycle. To use it, you need to explicitly import enable_iterative_imputer.	True	(n_samples,n_features)	[float,int]	0	0	0	0	(n_samples,n_features)	float	from sklearn.experimental import enable_iterative_imputer\nfrom sklearn.impute import IterativeImputer\nimp = IterativeImputer()\nimp.fit(X)\nX_imputed = imp.transform(X)	[]
TfidfVectorizer	Transformer	feature_extraction	Convert a collection of raw documents to a matrix of TF-IDF features.	sklearn.feature_extraction.text.TfidfVectorizer	['input','encoding','decode_error','strip_accents','lowercase','preprocessor','tokenizer','analyzer','stop_words','token_pattern','ngram_range','max_df','min_df','max_features','vocabulary','binary','dtype','norm','use_idf','smooth_idf','sublinear_tf']	['build_analyzer','build_preprocessor','build_tokenizer','decode','fit','fit_transform','get_feature_names_out','get_params','get_stop_words','inverse_transform','set_params','transform']	0	0	0	0	True	Equivalent to CountVectorizer followed by TfidfTransformer.	True	(n_samples,)	[bytes,str]	0	0	0	0	(n_samples,n_features)	float	from sklearn.feature_extraction.text import TfidfVectorizer\nvectorizer = TfidfVectorizer()\nX = vectorizer.fit_transform(corpus)	[]
StandardScaler	Transformer	preprocessing	Standardize features by removing the mean and scaling to unit variance.	sklearn.preprocessing.StandardScaler	['copy','with_mean','with_std']	['fit','fit_transform','get_feature_names_out','get_metadata_routing','get_params','inverse_transform','partial_fit','set_fit_request','set_inverse_transform_request','set_output','set_params','set_partial_fit_request','set_transform_request','transform']	-9999	9999	-9999	9999	True	StandardScaler is sensitive to outliers, and the features may scale differently from each other in the presence of outliers.	True	(n_samples,n_features)	[float,int]	(n_samples,)	None	0	0	(n_samples,n_features)	float	from sklearn.preprocessing import StandardScaler\ndata = [[0, 0], [0, 0], [1, 1], [1, 1]]\nscaler = StandardScaler()\nscaler.fit(data)\nprint(scaler.transform(data))	[]
DictionaryLearning	Transformer	decomposition	Dictionary learning.	sklearn.decomposition.DictionaryLearning	['n_components','alpha','max_iter','tol','fit_algorithm','transform_algorithm','transform_n_nonzero_coefs','transform_alpha','n_jobs','code_init','dict_init','callback','verbose','split_sign','random_state','positive_code','positive_dict','transform_max_iter']	['fit','fit_transform','transform','inverse_transform','get_feature_names_out','get_params','set_params']	-9999	9999	-9999	9999	True	Finds a dictionary (a set of atoms) that performs well at sparsely encoding the fitted data.	True	(n_samples,n_features)	[float,int]	(n_samples,)	None	(n_samples,n_components)	float	(n_samples,n_features)	float	import numpy as np\nfrom sklearn.datasets import make_sparse_coded_signal\nfrom sklearn.decomposition import DictionaryLearning\nX, dictionary, code = make_sparse_coded_signal(\n    n_samples=30, n_components=15, n_features=20, n_nonzero_coefs=10,\n    random_state=42,\n)\ndict_learner = DictionaryLearning(\n    n_components=15, transform_algorithm='lasso_lars', transform_alpha=0.1,\n    random_state=42,\n)\nX_transformed = dict_learner.fit(X).transform(X)	[]
TfidfTransformer	Transformer	feature_extraction	Transform a count matrix to a normalized tf or tf-idf representation.	sklearn.feature_extraction.text.TfidfTransformer	['norm','use_idf','smooth_idf','sublinear_tf']	['fit','fit_transform','transform','get_feature_names_out','get_params','set_params']	-9999	9999	-9999	9999	True	Tf means term-frequency while tf-idf means term-frequency times inverse document-frequency. This is a common term weighting scheme in information retrieval, that has also found good use in document classification.	True	(n_samples,n_features)	int	(n_samples,)	None	(n_samples,n_features)	float	(n_samples,n_features)	float	from sklearn.feature_extraction.text import TfidfTransformer\nfrom sklearn.feature_extraction.text import CountVectorizer\nfrom sklearn.pipeline import Pipeline\ncorpus = ['this is the first document',\n          'this document is the second document',\n          'and this is the third one',\n          'is this the first document']\nvocabulary = ['this', 'document', 'first', 'is', 'second', 'the',\n              'and', 'one']\npipe = Pipeline([('count', CountVectorizer(vocabulary=vocabulary)),\n                 ('tfid', TfidfTransformer())]).fit(corpus)	[]
SplineTransformer	Transformer	preprocessing	Generate univariate B-spline bases for features.	sklearn.preprocessing.SplineTransformer	['n_knots','degree','knots','extrapolation','include_bias','order','sparse_output']	['fit','fit_transform','transform','get_feature_names_out','get_params','set_params']	-9999	9999	-9999	9999	True	High degrees and a high number of knots can cause overfitting.	True	(n_samples,n_features)	[float,int]	(n_samples,)	None	(n_samples,n_features*n_splines)	float	(n_samples,n_features)	float	import numpy as np\nfrom sklearn.preprocessing import SplineTransformer\nX = np.arange(6).reshape(6, 1)\nspline = SplineTransformer(degree=2, n_knots=3)\nspline.fit_transform(X)	[]
RadiusNeighborsTransformer	Transformer	neighbors	Transform X into a (weighted) graph of neighbors nearer than a radius.	sklearn.neighbors.RadiusNeighborsTransformer	['mode','radius','algorithm','leaf_size','metric','p','metric_params','n_jobs']	['fit','fit_transform','get_feature_names_out','get_params','radius_neighbors','radius_neighbors_graph','set_params','transform']	-9999	9999	0	0	True	The transformed data is a sparse graph as returned by radius_neighbors_graph.	True	(n_samples,n_features)	[float,int]	0	0	0	0	(n_samples,n_samples)	float	from sklearn.neighbors import RadiusNeighborsTransformer\ntransformer = RadiusNeighborsTransformer(radius=1.0)\nX_transformed = transformer.fit_transform(X)	[]
KNeighborsTransformer	Transformer	neighbors	Transform X into a (weighted) graph of k nearest neighbors.	sklearn.neighbors.KNeighborsTransformer	['mode','n_neighbors','algorithm','leaf_size','metric','p','metric_params','n_jobs']	['fit','fit_transform','get_feature_names_out','get_metadata_routing','get_params','kneighbors','kneighbors_graph','set_output','set_params','transform']	-9999	9999	-9999	9999	True	The transformed data is a sparse graph as returned by kneighbors_graph.	True	(n_samples,n_features)	[float,int]	(n_samples,)	None	0	0	(n_samples,n_samples)	float	from sklearn.datasets import load_wine\nfrom sklearn.neighbors import KNeighborsTransformer\nX, _ = load_wine(return_X_y=True)\ntransformer = KNeighborsTransformer(n_neighbors=5, mode='distance')\nX_dist_graph = transformer.fit_transform(X)	[]
RegressorMixin	Mixin	base	Mixin class for all regression estimators in scikit-learn. Sets estimator type to 'regressor' and provides score method that defaults to r2_score (coefficient of determination).	sklearn.base.RegressorMixin	[]	['score']	1	9999	1	9999	False	This is a mixin class and should not be used directly. Used by regression algorithms like LinearRegression, RandomForestRegressor, SVR, etc.	True	(n_samples,n_features)	[float,int]	(n_samples,)	[float, int]	0	0	(n_samples,)	float		[]
KBinsDiscretizer	Transformer	preprocessing	Bin continuous data into intervals.	sklearn.preprocessing.KBinsDiscretizer	['n_bins','encode','strategy','quantile_method','dtype','subsample','random_state']	['fit','fit_transform','get_feature_names_out','get_params','inverse_transform','set_params','transform']	-9999	9999	0	0	True	Added in version 0.20.	True	(n_samples,n_features)	[float,int]	0	0	0	0	(n_samples,n_features)	[float,int]	from sklearn.preprocessing import KBinsDiscretizer\nest = KBinsDiscretizer(n_bins=3, encode='ordinal', strategy='uniform')\nXt = est.fit_transform(X)	[]
HashingVectorizer	Transformer	feature_extraction	Convert a collection of text documents to a matrix of token occurrences. It turns a collection of text documents into a scipy.sparse matrix holding token occurrence counts, possibly normalized.	sklearn.feature_extraction.text.HashingVectorizer	['input','encoding','decode_error','strip_accents','lowercase','preprocessor','tokenizer','stop_words','token_pattern','ngram_range','analyzer','n_features','binary','norm','alternate_sign','dtype']	['fit','transform','fit_transform','build_analyzer','build_preprocessor','build_tokenizer','decode','get_stop_words']	0	0	0	0	True	This text vectorizer implementation uses the hashing trick to find the token string name to feature integer index mapping. This strategy has several advantages: it is very low memory scalable to large datasets, fast to pickle and un-pickle, and can be used in a streaming or parallel pipeline.	True	(n_samples,)	[bytes,str]	0	0	0	0	(n_samples,n_features)	[float,int]	from sklearn.feature_extraction.text import HashingVectorizer\ncorpus = ['This is the first document.', 'This document is the second document.', 'And this is the third one.', 'Is this the first document?']\nvectorizer = HashingVectorizer(n_features=2**4)\nX = vectorizer.fit_transform(corpus)\nprint(X.shape)	[]
SequentialFeatureSelector	Transformer	feature_selection	Transformer that performs Sequential Feature Selection.	sklearn.feature_selection.SequentialFeatureSelector	['estimator','n_features_to_select','tol','direction','scoring','cv','n_jobs']	['fit','fit_transform','transform','get_support','get_feature_names_out','get_params','set_params']	-9999	9999	-9999	9999	True	This Sequential Feature Selector adds (forward selection) or removes (backward selection) features to form a feature subset in a greedy fashion. At each stage, this estimator chooses the best feature to add or remove based on the cross-validation score of an estimator.	True	(n_samples,n_features)	[float,int]	(n_samples,)	[float,int]	(n_samples,n_selected_features)	[float,int]	(n_samples,n_features)	[float,int]	from sklearn.feature_selection import SequentialFeatureSelector\nfrom sklearn.neighbors import KNeighborsClassifier\nfrom sklearn.datasets import load_iris\nX, y = load_iris(return_X_y=True)\nknn = KNeighborsClassifier(n_neighbors=3)\nsfs = SequentialFeatureSelector(knn, n_features_to_select=3)\nsfs.fit(X, y)	[]
SimpleImputer	Transformer	impute	Univariate imputer for completing missing values with simple strategies.	sklearn.impute.SimpleImputer	['missing_values','strategy','fill_value','copy','add_indicator','keep_empty_features']	['fit','fit_transform','transform','inverse_transform','get_feature_names_out','get_params','set_params']	-9999	9999	-9999	9999	True	Replace missing values using a descriptive statistic (e.g. mean, median, or most frequent) along each column, or using a constant value.	True	(n_samples,n_features)	[float,int,object,str]	(n_samples,)	None	(n_samples,n_features_out)	[float,int,str,object]	(n_samples,n_features)	[float,int,object,str]	import numpy as np\nfrom sklearn.impute import SimpleImputer\nimp_mean = SimpleImputer(missing_values=np.nan, strategy='mean')\nimp_mean.fit([[7, 2, 3], [4, np.nan, 6], [10, 5, 9]])\nX = [[np.nan, 2, 3], [4, np.nan, 6], [10, np.nan, 9]]\nprint(imp_mean.transform(X))	[]
kmeans_plusplus	Utility	cluster	Init n_clusters seeds according to k-means++.	sklearn.cluster.kmeans_plusplus	['X','n_clusters','sample_weight','x_squared_norms','random_state','n_local_trials']	[]	-9999	9999	0	0	False	Selects initial cluster centers for k-mean clustering in a smart way to speed up convergence.	True	(n_samples,n_features)	[float,int]	0	0	(n_clusters,n_features)	float	(n_clusters,)	int	from sklearn.cluster import kmeans_plusplus\nimport numpy as np\nX = np.array([[1, 2], [1, 4], [1, 0], [10, 2], [10, 4], [10, 0]])\ncenters, indices = kmeans_plusplus(X, n_clusters=2, random_state=0)	[]
CountVectorizer	Transformer	feature_extraction	Convert a collection of text documents to a matrix of token counts. This implementation produces a sparse representation of the counts using scipy.sparse.csr_matrix.	sklearn.feature_extraction.text.CountVectorizer	['input','encoding','decode_error','strip_accents','lowercase','preprocessor','tokenizer','stop_words','token_pattern','ngram_range','analyzer','max_df','min_df','max_features','vocabulary','binary','dtype']	['fit','transform','fit_transform','inverse_transform','get_feature_names_out','build_analyzer','build_preprocessor','build_tokenizer','decode','get_stop_words']	0	0	0	0	True	If you do not provide an a-priori dictionary and you do not use an analyzer that does some kind of feature selection then the number of features will be equal to the vocabulary size found by analyzing the data.	True	(n_samples,)	[bytes,str]	0	0	0	0	(n_samples,n_features)	int	from sklearn.feature_extraction.text import CountVectorizer\ncorpus = ['This is the first document.', 'This document is the second document.', 'And this is the third one.', 'Is this the first document?']\nvectorizer = CountVectorizer()\nX = vectorizer.fit_transform(corpus)\nvectorizer.get_feature_names_out()	[]
RandomTreesEmbedding	Transformer	ensemble	Unsupervised transformation to high-dimensional sparse representation using totally random trees.	sklearn.ensemble.RandomTreesEmbedding	['n_estimators','max_depth','min_samples_split','min_samples_leaf','max_leaf_nodes','sparse_output']	['fit','transform','fit_transform','apply','decision_path']	-9999	9999	0	0	True	Designed for unsupervised feature transformation, not for prediction tasks. Output is sparse binary encoding.	True	(n_samples,n_features)	[float,int]	0	0	0	0	(n_samples,n_out)	int	from sklearn.ensemble import RandomTreesEmbedding\nX = [[0,0], [1,0], [0,1]]\nembedder = RandomTreesEmbedding(n_estimators=5, random_state=0)\nX_transformed = embedder.fit_transform(X)	[]
AgglomerativeClustering	Cluster	cluster	Agglomerative Clustering. Recursively merges pair of clusters of sample data using linkage distance. Builds hierarchical clustering tree.	sklearn.cluster.AgglomerativeClustering	['n_clusters','metric','memory','connectivity','compute_full_tree','linkage','distance_threshold','compute_distances']	['fit','fit_predict','get_metadata_routing','get_params','set_params']	1	9999	0	0	True	Hierarchical clustering algorithm. Can use connectivity matrices for structured clustering. Supports different linkage criteria and distance metrics.	True	(n_samples,n_features)	[float,int]	0	0	0	0	(n_samples,)	int		[]
ClusterMixin	Mixin	base	Mixin class for all cluster estimators in scikit-learn. Sets estimator type to 'clusterer' and provides fit_predict method returning cluster labels associated with each sample.	sklearn.base.ClusterMixin	[]	['fit_predict']	1	9999	0	0	False	This is a mixin class and should not be used directly. Used by clustering algorithms like KMeans, DBSCAN, etc.	True	(n_samples,n_features)	[float,int]	0	0	0	0	(n_samples,)	int		[]
OutlierMixin	Mixin	base	Mixin class for all outlier detection estimators in scikit-learn. Sets estimator type to 'outlier_detector' and provides fit_predict method that returns 1 for inliers and -1 for outliers.	sklearn.base.OutlierMixin	[]	['fit_predict']	1	9999	0	0	False	This is a mixin class and should not be used directly. Used by outlier detection algorithms like IsolationForest, LocalOutlierFactor, etc.	True	(n_samples,n_features)	[float,int]	0	0	0	0	(n_samples,)	int		[]
ClassifierMixin	Mixin	base	Mixin class for all classifiers in scikit-learn. Sets estimator type to 'classifier', provides score method that defaults to accuracy_score, and enforces that fit requires y to be passed.	sklearn.base.ClassifierMixin	[]	['score']	1	9999	1	9999	False	This is a mixin class and should not be used directly. Mixin classes should always be on the left-hand side for correct MRO.	True	(n_samples,n_features)	[float,int]	(n_samples,)	int	0	0	(n_samples,)	int		[]
Birch	Cluster	cluster	Implements the BIRCH clustering algorithm. Memory-efficient, online-learning algorithm that constructs a tree data structure with cluster centroids read from leaves. Alternative to MiniBatchKMeans.	sklearn.cluster.Birch	['threshold','branching_factor','n_clusters','compute_labels','copy']	['fit','fit_predict','fit_transform','get_feature_names_out','get_metadata_routing','get_params','partial_fit','predict','set_output','set_params','transform']	1	9999	0	0	True	Online learning algorithm. Can perform partial_fit for incremental updates. copy parameter deprecated in 1.6, will be removed in 1.8.	True	(n_samples,n_features)	[float,int]	0	0	(n_samples,n_clusters)	float	(n_samples,)	int	from sklearn.cluster import Birch\nX = [[0, 1], [0.3, 1], [-0.3, 1], [0, -1], [0.3, -1], [-0.3, -1]]\nbrc = Birch(n_clusters=2)\nbrc.fit(X)\nbrc.predict(X)	[]
OrdinalEncoder	Transformer	preprocessing	Encode categorical features as an integer array. The input should be an array-like of integers or strings, denoting the values taken on by categorical (discrete) features. The features are converted to ordinal integers (0 to n_categories - 1) per feature.	sklearn.preprocessing.OrdinalEncoder	['categories','dtype','handle_unknown','unknown_value','encoded_missing_value','min_frequency','max_categories']	['fit','fit_transform','get_feature_names_out','get_metadata_routing','get_params','inverse_transform','set_output','set_params','transform']	1	9999	0	0	True	With a high proportion of nan values, inferring categories becomes slow with Python versions before 3.10. The handling of nan values was improved from Python 3.10 onwards.	True	(n_samples,n_features)	[int,str]	None	None	(n_samples,n_features)	[float,int]	None	None		[]
compute_optics_graph	Cluster	cluster	Compute the OPTICS reachability graph	sklearn.cluster.compute_optics_graph	['X','min_samples','max_eps','metric','p','metric_params','algorithm','leaf_size','n_jobs']	[]	1	9999	0	0	False	Computes the OPTICS reachability graph for clustering analysis	True	(n_samples,n_features) or (n_samples,n_samples) if metric='precomputed'	[float,int]	None	None	(n_samples,)	float	None	None	import numpy as np\nfrom sklearn.cluster import compute_optics_graph\nX = np.array([[1, 2], [2, 5], [3, 6], [8, 7], [8, 8], [7, 3]])\nordering, core_distances, reachability, predecessor = compute_optics_graph(X, min_samples=2, max_eps=np.inf, metric="minkowski", p=2)\nprint(ordering)\nprint(core_distances)\nprint(reachability)\nprint(predecessor)	[]
cluster_optics_dbscan	Cluster	cluster	Perform DBSCAN extraction for an arbitrary epsilon	sklearn.cluster.cluster_optics_dbscan	['reachability','core_distances','ordering','eps']	[]	1	9999	0	0	False	Extracting the clusters runs in linear time. Note that this results in labels_ which are close to a DBSCAN with similar settings and eps, only if eps is close to max_eps.	True	(n_samples,)	float	None	None	(n_samples,)	int	None	None	import numpy as np\nfrom sklearn.cluster import cluster_optics_dbscan, compute_optics_graph\nX = np.array([[1, 2], [2, 5], [3, 6], [8, 7], [8, 8], [7, 3]])\nordering, core_distances, reachability, predecessor = compute_optics_graph(X, min_samples=2, max_eps=np.inf, metric="minkowski", p=2)\neps = 4.5\nlabels = cluster_optics_dbscan(reachability=reachability, core_distances=core_distances, ordering=ordering, eps=eps)\nprint(labels)	[]
cluster_optics_xi	Cluster	cluster	Automatically extract clusters according to the Xi-steep method	sklearn.cluster.cluster_optics_xi	['reachability','predecessor','ordering','min_samples','min_cluster_size','xi','predecessor_correction']	[]	1	9999	0	0	False	Extracts clusters from OPTICS reachability plot using the Xi-steep method	True	(n_samples,)	float	None	None	(n_samples,)	int	None	None	import numpy as np\nfrom sklearn.cluster import cluster_optics_xi, compute_optics_graph\nX = np.array([[1, 2], [2, 5], [3, 6], [8, 7], [8, 8], [7, 3]])\nordering, core_distances, reachability, predecessor = compute_optics_graph(X, min_samples=2, max_eps=np.inf, metric="minkowski", p=2)\nmin_samples = 2\nlabels, clusters = cluster_optics_xi(reachability=reachability, predecessor=predecessor, ordering=ordering, min_samples=min_samples)\nprint(labels)\nprint(clusters)	[]
HalvingGridSearchCV	Meta-Estimator	model_selection	Search over specified parameter values with successive halving.	sklearn.model_selection.HalvingGridSearchCV	['estimator','param_grid','factor','resource','max_resources','min_resources','aggressive_elimination','cv','scoring','refit','error_score','return_train_score','random_state','n_jobs','verbose']	['fit','decision_function','get_metadata_routing','get_params','inverse_transform','predict','predict_log_proba','predict_proba','score','score_samples','set_params','transform']	-9999	9999	-9999	9999	True	The search strategy starts evaluating all the candidates with a small amount of resources and iteratively selects the best candidates, using more and more resources.	True	(n_samples,n_features)	float,int	(n_samples,) or (n_samples,n_outputs)	[float,int,str]	(n_samples,) or (n_samples,n_classes)	[float,int]	0	0	from sklearn.datasets import load_iris\nfrom sklearn.ensemble import RandomForestClassifier\nfrom sklearn.experimental import enable_halving_search_cv\nfrom sklearn.model_selection import HalvingGridSearchCV\nX, y = load_iris(return_X_y=True)\nclf = RandomForestClassifier(random_state=0)\nparam_grid = {"max_depth": [3, None], "min_samples_split": [5, 10]}\nsearch = HalvingGridSearchCV(clf, param_grid, resource='n_estimators', max_resources=10, random_state=0).fit(X, y)	['accuracy','f1','precision','recall','r2','explained_variance']
SelectKBest	Transformer	feature_selection	Select features according to the k highest scores.	sklearn.feature_selection.SelectKBest	['score_func','k']	['fit','transform','fit_transform','get_support','get_feature_names_out','inverse_transform','get_params','set_params']	-9999	9999	0	0	True	Read more in the User Guide.	True	(n_samples,n_features)	[float,int]	(n_samples,)	[float,int]	0	0	(n_samples,k)	float	from sklearn.datasets import load_digits\nfrom sklearn.feature_selection import SelectKBest, chi2\nX, y = load_digits(return_X_y=True)\nX_new = SelectKBest(chi2, k=20).fit_transform(X, y)	['accuracy','f1','precision','recall','r2','explained_variance']
VarianceThreshold	Transformer	feature_selection	Feature selector that removes all low-variance features.	sklearn.feature_selection.VarianceThreshold	['threshold']	['fit','transform','fit_transform','get_support','get_feature_names_out','inverse_transform','get_params','set_params']	-9999	9999	0	0	True	This feature selection algorithm looks only at the features (X), not the desired outputs (y), and can thus be used for unsupervised learning.	True	(n_samples,n_features)	[float,int]	0	0	0	0	(n_samples,n_selected_features)	float	from sklearn.feature_selection import VarianceThreshold\nX = [[0, 2, 0, 3], [0, 1, 4, 3], [0, 1, 1, 3]]\nselector = VarianceThreshold()\nselector.fit_transform(X)	['accuracy','f1','precision','recall','r2','explained_variance']
GenericUnivariateSelect	Transformer	feature_selection	Univariate feature selector with configurable strategy.	sklearn.feature_selection.GenericUnivariateSelect	['score_func','mode','param']	['fit','transform','fit_transform','get_support','get_feature_names_out','inverse_transform','get_params','set_params']	-9999	9999	0	0	True	Read more in the User Guide.	True	(n_samples,n_features)	[float,int]	(n_samples,)	[float,int]	0	0	(n_samples,n_selected_features)	float	from sklearn.datasets import load_breast_cancer\nfrom sklearn.feature_selection import GenericUnivariateSelect, chi2\nX, y = load_breast_cancer(return_X_y=True)\ntransformer = GenericUnivariateSelect(chi2, mode='k_best', param=20)\nX_new = transformer.fit_transform(X, y)	['accuracy','f1','precision','recall','r2','explained_variance']
SelectFdr	Transformer	feature_selection	Filter: Select the p-values for an estimated false discovery rate.	sklearn.feature_selection.SelectFdr	['score_func','alpha']	['fit','transform','fit_transform','get_support','get_feature_names_out','inverse_transform','get_params','set_params']	-9999	9999	0	0	True	This uses the Benjamini-Hochberg procedure. alpha is an upper bound on the expected false discovery rate.	True	(n_samples,n_features)	[float,int]	(n_samples,)	[float,int]	0	0	(n_samples,n_selected_features)	float	from sklearn.datasets import load_breast_cancer\nfrom sklearn.feature_selection import SelectFdr, chi2\nX, y = load_breast_cancer(return_X_y=True)\nX_new = SelectFdr(chi2, alpha=0.01).fit_transform(X, y)	['accuracy','f1','precision','recall','r2','explained_variance']
SelectFwe	Transformer	feature_selection	Filter: Select the p-values corresponding to Family-wise error rate.	sklearn.feature_selection.SelectFwe	['score_func','alpha']	['fit','transform','fit_transform','get_support','get_feature_names_out','inverse_transform','get_params','set_params']	-9999	9999	0	0	True	Read more in the User Guide.	True	(n_samples,n_features)	[float,int]	(n_samples,)	[float,int]	0	0	(n_samples,n_selected_features)	float	from sklearn.datasets import load_breast_cancer\nfrom sklearn.feature_selection import SelectFwe, chi2\nX, y = load_breast_cancer(return_X_y=True)\nX_new = SelectFwe(chi2, alpha=0.01).fit_transform(X, y)	['accuracy','f1','precision','recall','r2','explained_variance']
SelectPercentile	Transformer	feature_selection	Select features according to a percentile of the highest scores.	sklearn.feature_selection.SelectPercentile	['score_func','percentile']	['fit','transform','fit_transform','get_support','get_feature_names_out','inverse_transform','get_params','set_params']	-9999	9999	0	0	True	Read more in the User Guide.	True	(n_samples,n_features)	[float,int]	(n_samples,)	[float,int]	0	0	(n_samples,n_selected_features)	float	from sklearn.datasets import load_digits\nfrom sklearn.feature_selection import SelectPercentile, chi2\nX, y = load_digits(return_X_y=True)\nX_new = SelectPercentile(chi2, percentile=10).fit_transform(X, y)	['accuracy','f1','precision','recall','r2','explained_variance']
GridSearchCV	Meta-Estimator	model_selection	Exhaustive search over specified parameter values for an estimator.	sklearn.model_selection.GridSearchCV	['estimator','param_grid','scoring','n_jobs','refit','cv','verbose','pre_dispatch','error_score','return_train_score']	['decision_function','fit','get_metadata_routing','get_params','inverse_transform','predict','predict_log_proba','predict_proba','score','score_samples','set_params','transform']	-9999	9999	-9999	9999	True	Important members are fit, predict. GridSearchCV implements a "fit" and a "score" method. It also implements "score_samples", "predict", "predict_proba", "decision_function", "transform" and "inverse_transform" if they are implemented in the estimator used.	True	(n_samples,n_features)	[float,int]	(n_samples,)	[float,int,str]	0	0	(n_samples,)	[float,int]	from sklearn import svm, datasets\nfrom sklearn.model_selection import GridSearchCV\niris = datasets.load_iris()\nparameters = {'kernel':('linear', 'rbf'), 'C':[1, 10]}\nsvc = svm.SVC()\nclf = GridSearchCV(svc, parameters)\nclf.fit(iris.data, iris.target)	['accuracy','f1','precision','recall','r2','neg_mean_squared_error']
RandomizedSearchCV	Meta-Estimator	model_selection	Randomized search on hyper parameters.	sklearn.model_selection.RandomizedSearchCV	['estimator','param_distributions','n_iter','scoring','n_jobs','refit','cv','verbose','pre_dispatch','random_state','error_score','return_train_score']	['decision_function','fit','get_metadata_routing','get_params','inverse_transform','predict','predict_log_proba','predict_proba','score','score_samples','set_params','transform']	-9999	9999	-9999	9999	True	In contrast to GridSearchCV, not all parameter values are tried out, but rather a fixed number of parameter settings is sampled from the specified distributions. The number of parameter settings that are tried is given by n_iter. Added in version 0.14.	True	(n_samples,n_features)	[float,int]	(n_samples,)	[float,int,str]	0	0	(n_samples,)	[float,int]	from sklearn.datasets import load_iris\nfrom sklearn.linear_model import LogisticRegression\nfrom sklearn.model_selection import RandomizedSearchCV\nfrom scipy.stats import uniform\niris = load_iris()\nlogistic = LogisticRegression(solver='saga', tol=1e-2, max_iter=200, random_state=0)\ndistributions = dict(C=uniform(loc=0, scale=4), penalty=['l2', 'l1'])\nclf = RandomizedSearchCV(logistic, distributions, random_state=0)\nsearch = clf.fit(iris.data, iris.target)	['accuracy','f1','precision','recall','r2','neg_mean_squared_error']
RFE	Meta-Estimator	feature_selection	Feature ranking with recursive feature elimination. Given an external estimator that assigns weights to features, the goal is to select features by recursively considering smaller and smaller sets of features.	sklearn.feature_selection.RFE	['estimator','n_features_to_select','step','verbose','importance_getter']	['fit','transform','fit_transform','get_support','get_feature_names_out','inverse_transform','predict','predict_proba','predict_log_proba','score','decision_function']	-9999	9999	-9999	9999	True	Allows NaN/Inf in the input if the underlying estimator does as well. Added in version 0.24: Added float values for fractions and importance_getter parameter.	True	(n_samples,n_features)	[float,int]	(n_samples,)	[float,int,str]	0	0	(n_samples,n_selected_features)	[float,int]	from sklearn.datasets import make_friedman1\nfrom sklearn.feature_selection import RFE\nfrom sklearn.svm import SVR\nX, y = make_friedman1(n_samples=50, n_features=10, random_state=0)\nestimator = SVR(kernel="linear")\nselector = RFE(estimator, n_features_to_select=5, step=1)\nselector = selector.fit(X, y)\nselector.support_	['accuracy','f1','precision','recall','r2','neg_mean_squared_error']
HalvingRandomSearchCV	Meta-Estimator	model_selection	Randomized search on hyper parameters using successive halving.	sklearn.model_selection.HalvingRandomSearchCV	['estimator','param_distributions','n_candidates','factor','resource','max_resources','min_resources','aggressive_elimination','cv','scoring','refit','error_score','return_train_score','random_state','n_jobs','verbose']	['fit','score','predict','predict_proba','predict_log_proba','decision_function','transform','inverse_transform','score_samples']	-9999	9999	-9999	9999	True	This estimator is still experimental. The search strategy starts with small resources and iteratively selects best candidates with more resources.	True	(n_samples,n_features)	[float,int]	(n_samples,)	[float,int,str]	0	0	(n_samples,)	[float,int]	from sklearn.datasets import load_iris\nfrom sklearn.ensemble import RandomForestClassifier\nfrom sklearn.experimental import enable_halving_search_cv\nfrom sklearn.model_selection import HalvingRandomSearchCV\nfrom scipy.stats import randint\nimport numpy as np\nX, y = load_iris(return_X_y=True)\nclf = RandomForestClassifier(random_state=0)\nnp.random.seed(0)\nparam_distributions = {"max_depth": [3, None], "min_samples_split": randint(2, 11)}\nsearch = HalvingRandomSearchCV(clf, param_distributions, resource='n_estimators', max_resources=10, random_state=0).fit(X, y)	['accuracy','f1','precision','recall','r2','neg_mean_squared_error']
PolynomialCountSketch	Transformer	kernel_approximation	Polynomial kernel approximation via Tensor Sketch.	sklearn.kernel_approximation.PolynomialCountSketch	['gamma','degree','coef0','n_components','random_state']	['fit','transform','fit_transform','get_feature_names_out','get_params','set_params']	-9999	9999	0	0	True	Implements Tensor Sketch, which approximates the feature map of the polynomial kernel.	True	(n_samples,n_features)	[float,int]	0	0	0	0	(n_samples,n_components)	float	from sklearn.kernel_approximation import PolynomialCountSketch\nfrom sklearn.linear_model import SGDClassifier\nX = [[0, 0], [1, 1], [1, 0], [0, 1]]\ny = [0, 0, 1, 1]\nps = PolynomialCountSketch(degree=3, random_state=1)\nX_features = ps.fit_transform(X)	['accuracy','f1','precision','recall','r2']
RBFSampler	Transformer	kernel_approximation	Approximate a RBF kernel feature map using random Fourier features.	sklearn.kernel_approximation.RBFSampler	['gamma','n_components','random_state']	['fit','transform','fit_transform','get_feature_names_out','get_params','set_params']	-9999	9999	0	0	True	It implements a variant of Random Kitchen Sinks.	True	(n_samples,n_features)	[float,int]	0	0	0	0	(n_samples,n_components)	float	from sklearn.kernel_approximation import RBFSampler\nfrom sklearn.linear_model import SGDClassifier\nX = [[0, 0], [1, 1], [1, 0], [0, 1]]\ny = [0, 0, 1, 1]\nrbf_feature = RBFSampler(gamma=1, random_state=1)\nX_features = rbf_feature.fit_transform(X)	['accuracy','f1','precision','recall','r2']
SkewedChi2Sampler	Transformer	kernel_approximation	Approximate feature map for "skewed chi-squared" kernel.	sklearn.kernel_approximation.SkewedChi2Sampler	['skewedness','n_components','random_state']	['fit','transform','fit_transform','get_feature_names_out','get_params','set_params']	-9999	9999	0	0	True	Read more in the User Guide.	True	(n_samples,n_features)	[float,int]	0	0	0	0	(n_samples,n_components)	float	from sklearn.kernel_approximation import SkewedChi2Sampler\nfrom sklearn.linear_model import SGDClassifier\nX = [[0, 0], [1, 1], [1, 0], [0, 1]]\ny = [0, 0, 1, 1]\nchi2_feature = SkewedChi2Sampler(skewedness=.01, n_components=10, random_state=0)\nX_features = chi2_feature.fit_transform(X, y)	['accuracy','f1','precision','recall','r2']
SelectFromModel	Transformer	feature_selection	Meta-transformer for selecting features based on importance weights.	sklearn.feature_selection.SelectFromModel	['estimator','threshold','prefit','norm_order','max_features','importance_getter']	['fit','fit_transform','get_feature_names_out','get_support','inverse_transform','partial_fit','transform']	-9999	9999	0	9999	True	The base estimator from which the transformer is built. This can be both a fitted (if prefit is set to True) or a non-fitted estimator.	True	(n_samples,n_features)	[float,int]	(n_samples,)	[float,int]	(n_samples,n_selected_features)	[float,int]	(n_samples,n_selected_features)	[float,int]	from sklearn.feature_selection import SelectFromModel\nfrom sklearn.linear_model import LogisticRegression\nselector = SelectFromModel(estimator=LogisticRegression())\nselector.fit(X, y)	['accuracy','f1','precision','recall','r2']
RFECV	Transformer	feature_selection	Recursive feature elimination with cross-validation to select features.	sklearn.feature_selection.RFECV	['estimator','step','min_features_to_select','cv','scoring','verbose','n_jobs','importance_getter']	['fit','transform','fit_transform','get_support','get_feature_names_out','inverse_transform','predict','predict_proba','predict_log_proba','score','decision_function']	-9999	9999	0	9999	True	Automatically tunes number of features using cross-validation. Requires estimator with coef_ or feature_importances_.	True	(n_samples,n_features)	[float,int]	(n_samples,)	[float,int]	0	0	(n_samples,n_selected_features)	[float,int]	from sklearn.feature_selection import RFECV\nfrom sklearn.svm import SVC\nestimator = SVC(kernel="linear")\nselector = RFECV(estimator, step=1, cv=5)\nselector.fit(X, y)\nX_selected = selector.transform(X)	['accuracy','f1','precision','recall','roc_auc']
ColumnTransformer	Transformer	compose	Applies transformers to columns of an array or pandas DataFrame.	sklearn.compose.ColumnTransformer	['transformers','remainder','sparse_threshold','n_jobs','transformer_weights','verbose','verbose_feature_names_out','force_int_remainder_cols']	['fit','transform','fit_transform','get_feature_names_out','set_output','get_params','set_params']	-9999	9999	0	9999	True	Applies different transformers to different column subsets and concatenates results. Added in version 0.20.	True	(n_samples,n_features)	[float,int,object,str]	(n_samples,)	None	0	0	(n_samples,sum_n_components)	[float,int]	from sklearn.compose import ColumnTransformer\nfrom sklearn.preprocessing import StandardScaler, OneHotEncoder\npreprocessor = ColumnTransformer(\n    transformers=[\n        ('num', StandardScaler(), ['age', 'income']),\n        ('cat', OneHotEncoder(), ['gender', 'city'])\n    ])\nX_transformed = preprocessor.fit_transform(X)	['accuracy','f1','precision','recall','roc_auc']
LinearSVC	Classifier	svm	Linear Support Vector Classification. Similar to SVC with parameter kernel='linear', but implemented in terms of liblinear rather than libsvm, so it has more flexibility in the choice of penalties and loss functions and should scale better to large numbers of samples.	sklearn.svm.LinearSVC	['penalty','loss','dual','tol','C','multi_class','fit_intercept','intercept_scaling','class_weight','verbose','random_state','max_iter']	['fit','predict','score','decision_function','densify','sparsify']	-9999	9999	0	9999	True	The main differences between LinearSVC and SVC lie in the loss function used by default, and in the handling of intercept regularization. This class supports both dense and sparse input and the multiclass support is handled according to a one-vs-the-rest scheme.	True	(n_samples,n_features)	[float,int]	(n_samples,)	[int,str]	0	0	(n_samples,)	int	from sklearn.svm import LinearSVC\nfrom sklearn.pipeline import make_pipeline\nfrom sklearn.preprocessing import StandardScaler\nfrom sklearn.datasets import make_classification\nX, y = make_classification(n_features=4, random_state=0)\nclf = make_pipeline(StandardScaler(), LinearSVC(random_state=0, tol=1e-5))\nclf.fit(X, y)	['accuracy','f1','precision','recall','roc_auc']
LogisticRegression	Classifier	linear_model	Logistic Regression (aka logit, MaxEnt) classifier.	sklearn.linear_model.LogisticRegression	['penalty','dual','tol','C','fit_intercept','intercept_scaling','class_weight','random_state','solver','max_iter','multi_class','verbose','warm_start','n_jobs','l1_ratio']	['decision_function','densify','fit','get_metadata_routing','get_params','predict','predict_log_proba','predict_proba','score','set_fit_request','set_params','set_score_request','sparsify']	-9999	9999	0	9999	True	This class implements regularized logistic regression using various solvers. Note that regularization is applied by default. It can handle both dense and sparse input. For multiclass problems, all solvers but 'liblinear' optimize the (penalized) multinomial loss.	True	(n_samples,n_features)	float	(n_samples,)	[int,str]	0	0	(n_samples,)	int	from sklearn.datasets import load_iris\nfrom sklearn.linear_model import LogisticRegression\nX, y = load_iris(return_X_y=True)\nclf = LogisticRegression(random_state=0).fit(X, y)\nclf.predict(X[:2, :])	['accuracy','f1','precision','recall','roc_auc']
BernoulliNB	Classifier	naive_bayes	Naive Bayes classifier for multivariate Bernoulli models.	sklearn.naive_bayes.BernoulliNB	['alpha','force_alpha','binarize','fit_prior','class_prior']	['fit','get_params','partial_fit','predict','predict_joint_log_proba','predict_log_proba','predict_proba','score','set_params']	-9999	9999	0	9999	True	Like MultinomialNB, this classifier is suitable for discrete data. The difference is that while MultinomialNB works with occurrence counts, BernoulliNB is designed for binary/boolean features.	True	(n_samples,n_features)	[float,int]	(n_samples,)	[int,str]	0	0	(n_samples,)	int	from sklearn.naive_bayes import BernoulliNB\nclf = BernoulliNB()\nclf.fit(X, Y)	['accuracy','f1','precision','recall','roc_auc']
KNeighborsClassifier	Classifier	neighbors	Classifier implementing the k-nearest neighbors vote for classification tasks.	sklearn.neighbors.KNeighborsClassifier	['n_neighbors','weights','algorithm','leaf_size','p','metric','metric_params','n_jobs']	['fit','predict','predict_proba','score','kneighbors','kneighbors_graph']	-9999	9999	0	9999	True	Warning: Results may depend on training data ordering when neighbors have identical distances but different labels.	True	(n_samples,n_features)	[float,int]	(n_samples,)	[int,str]	0	0	(n_samples,)	int	from sklearn.neighbors import KNeighborsClassifier\nX = [[0], [1], [2], [3]]\ny = [0, 0, 1, 1]\nneigh = KNeighborsClassifier(n_neighbors=3)\nneigh.fit(X, y)\nprint(neigh.predict([[1.1]]))	['accuracy','f1','precision','recall','roc_auc']
LinearDiscriminantAnalysis	Classifier	discriminant_analysis	Linear Discriminant Analysis.	sklearn.discriminant_analysis.LinearDiscriminantAnalysis	['solver','shrinkage','priors','n_components','store_covariance','tol','covariance_estimator']	['decision_function','fit','fit_transform','get_feature_names_out','get_params','predict','predict_log_proba','predict_proba','score','set_params','transform']	-9999	9999	0	9999	True	A classifier with a linear decision boundary, generated by fitting class conditional densities to the data and using Bayes' rule.	True	(n_samples,n_features)	[float,int]	(n_samples,)	[int,str]	0	0	(n_samples,)	int	from sklearn.discriminant_analysis import LinearDiscriminantAnalysis\nclf = LinearDiscriminantAnalysis()\nclf.fit(X, y)	['accuracy','f1','precision','recall','roc_auc']
MLPClassifier	Classifier	neural_network	Multi-layer Perceptron classifier.	sklearn.neural_network.MLPClassifier	['hidden_layer_sizes','activation','solver','alpha','batch_size','learning_rate','learning_rate_init','power_t','max_iter','shuffle','random_state','tol','verbose','warm_start','momentum','nesterovs_momentum','early_stopping','validation_fraction','beta_1','beta_2','epsilon','n_iter_no_change','max_fun']	['fit','get_params','partial_fit','predict','predict_log_proba','predict_proba','score','set_params']	-9999	9999	0	9999	True	This model optimizes the log-loss function using LBFGS or stochastic gradient descent.	True	(n_samples,n_features)	[float,int]	(n_samples,)	[int,str]	0	0	(n_samples,)	int	from sklearn.neural_network import MLPClassifier\nclf = MLPClassifier(random_state=1, max_iter=300).fit(X_train, y_train)	['accuracy','f1','precision','recall','roc_auc']
AdaBoostClassifier	Meta-Estimator	ensemble	An AdaBoost classifier that fits additional copies on misclassified instances.	sklearn.ensemble.AdaBoostClassifier	['estimator','n_estimators','learning_rate','algorithm','random_state']	['fit','predict','predict_proba','predict_log_proba','score','decision_function','staged_predict','staged_predict_proba','staged_score','staged_decision_function']	-9999	9999	0	9999	True	Adaptive Boosting algorithm that focuses on difficult cases. Added in version 0.14.	True	(n_samples,n_features)	[float,int]	(n_samples,)	int	0	0	(n_samples,)	int	from sklearn.ensemble import AdaBoostClassifier\nfrom sklearn.tree import DecisionTreeClassifier\nclf = AdaBoostClassifier(estimator=DecisionTreeClassifier(max_depth=1), n_estimators=50)\nclf.fit(X_train, y_train)\ny_pred = clf.predict(X_test)	['accuracy','f1','precision','recall','roc_auc']
BaggingClassifier	Meta-Estimator	ensemble	A Bagging classifier that fits base classifiers on random subsets of the dataset.	sklearn.ensemble.BaggingClassifier	['estimator','n_estimators','max_samples','max_features','bootstrap','bootstrap_features','oob_score','warm_start','n_jobs','random_state','verbose']	['fit','predict','predict_proba','predict_log_proba','score','decision_function']	-9999	9999	0	9999	True	Ensemble meta-estimator that reduces variance by introducing randomization. Added in version 0.15.	True	(n_samples,n_features)	[float,int]	(n_samples,)	int	0	0	(n_samples,)	int	from sklearn.ensemble import BaggingClassifier\nfrom sklearn.tree import DecisionTreeClassifier\nclf = BaggingClassifier(estimator=DecisionTreeClassifier(), n_estimators=10)\nclf.fit(X_train, y_train)\ny_pred = clf.predict(X_test)	['accuracy','f1','precision','recall','roc_auc']
GaussianProcessClassifier	Classifier	gaussian_process	Gaussian process classification (GPC) based on Laplace approximation.	sklearn.gaussian_process.GaussianProcessClassifier	['kernel','optimizer','n_restarts_optimizer','max_iter_predict','warm_start','copy_X_train','random_state','multi_class','n_jobs']	['fit','predict','predict_proba','score','log_marginal_likelihood','latent_mean_and_variance']	-9999	9999	0	9999	True	Currently, the implementation is restricted to using the logistic link function. For multi-class classification, several binary one-versus rest classifiers are fitted. Note that this class thus does not implement a true multi-class Laplace approximation.	True	(n_samples,n_features)	[float,int]	(n_samples,)	int	0	0	(n_samples,)	int	from sklearn.gaussian_process import GaussianProcessClassifier\nfrom sklearn.gaussian_process.kernels import RBF\nkernel = 1.0 * RBF(1.0)\ngpc = GaussianProcessClassifier(kernel=kernel, random_state=0)\ngpc.fit(X, y)	['accuracy','f1','precision','recall','roc_auc']
NuSVC	Classifier	svm	Nu-Support Vector Classification.	sklearn.svm.NuSVC	['nu','kernel','degree','gamma','coef0','shrinking','probability','tol','cache_size','class_weight','verbose','max_iter','decision_function_shape','break_ties','random_state']	['fit','predict','decision_function','predict_proba','predict_log_proba','score']	-9999	9999	0	9999	True	Similar to SVC but uses nu parameter to control number of support vectors. Based on libsvm.	True	(n_samples,n_features)	[float,int]	(n_samples,)	int	0	0	(n_samples,)	int	from sklearn.svm import NuSVC\nclf = NuSVC(nu=0.5, kernel='rbf')\nclf.fit(X_train, y_train)\ny_pred = clf.predict(X_test)	['accuracy','f1','precision','recall','roc_auc']
StackingClassifier	Meta-Estimator	ensemble	Stack of estimators with a final classifier.	sklearn.ensemble.StackingClassifier	['estimators','final_estimator','cv','stack_method','n_jobs','passthrough','verbose']	['fit','predict','predict_proba','decision_function','score','transform','fit_transform','get_feature_names_out']	-9999	9999	0	9999	True	Stacked generalization using output of individual estimators as input to final classifier. Added in version 0.22.	True	(n_samples,n_features)	[float,int]	(n_samples,)	int	0	0	(n_samples,)	int	from sklearn.ensemble import StackingClassifier\nfrom sklearn.linear_model import LogisticRegression\nfrom sklearn.svm import SVC\nfrom sklearn.tree import DecisionTreeClassifier\nestimators = [('svc', SVC()), ('dt', DecisionTreeClassifier())]\nclf = StackingClassifier(estimators=estimators, final_estimator=LogisticRegression())\nclf.fit(X_train, y_train)\ny_pred = clf.predict(X_test)	['accuracy','f1','precision','recall','roc_auc']
MissingIndicator	Transformer	impute	Binary indicators for missing values.	sklearn.impute.MissingIndicator	['missing_values','features','sparse','error_on_new']	['fit','transform','fit_transform','get_feature_names_out','get_params','set_params']	-9999	9999	0	0	True	Note that this component typically should not be used in a vanilla Pipeline consisting of transformers and a classifier, but rather could be added using a FeatureUnion or ColumnTransformer.	True	(n_samples,n_features)	[float,int,str]	0	0	0	0	(n_samples,n_features_with_missing)	bool	import numpy as np\nfrom sklearn.impute import MissingIndicator\nX1 = np.array([[np.nan, 1, 3], [4, 0, np.nan], [8, 1, 0]])\nindicator = MissingIndicator()\nindicator.fit(X1)	['accuracy','f1','precision','recall']
OneHotEncoder	Transformer	preprocessing	Encode categorical features as a one-hot numeric array.	sklearn.preprocessing.OneHotEncoder	['categories','drop','sparse_output','dtype','handle_unknown','min_frequency','max_categories','feature_name_combiner']	['fit','fit_transform','transform','inverse_transform','get_feature_names_out']	0	9999	0	9999	True	Handles categorical data (strings or integers). Use LabelBinarizer for encoding y labels.	True	(n_samples,n_features)	[int,object,str]	(n_samples,)	None	0	0	(n_samples,n_encoded_features)	float	from sklearn.preprocessing import OneHotEncoder\nenc = OneHotEncoder()\nenc.fit(X_train)\nX_encoded = enc.transform(X_test)	['accuracy','f1','precision','recall']
FeatureHasher	Transformer	feature_extraction	Implements feature hashing, aka the hashing trick.	sklearn.feature_extraction.FeatureHasher	['n_features','input_type','dtype','alternate_sign']	['fit','transform','fit_transform','get_params','set_params']	-9999	9999	0	0	True	This class turns sequences of symbolic feature names (strings) into scipy.sparse matrices, using a hash function to compute the matrix column corresponding to a name.	True	(n_samples,variable)	[float,int,str]	0	0	0	0	(n_samples,n_features)	float	from sklearn.feature_extraction import FeatureHasher\nh = FeatureHasher(n_features=10)\nD = [{'dog': 1, 'cat':2, 'elephant':4},{'dog': 2, 'run': 5}]\nf = h.transform(D)	['accuracy','f1','precision','recall']
LabelBinarizer	Transformer	preprocessing	Binarize labels in a one-vs-all fashion.	sklearn.preprocessing.LabelBinarizer	['neg_label','pos_label','sparse_output']	['fit','transform','fit_transform','inverse_transform']	-9999	9999	0	9999	True	A simple way to extend these algorithms to the multi-class classification case is to use the so-called one-vs-all scheme.	True	(n_samples,)	[int,str]	(n_samples,)	[int,str]	0	0	(n_samples,n_classes)	int	from sklearn.preprocessing import LabelBinarizer\nlb = LabelBinarizer()\nlb.fit([1, 2, 6, 4, 2])\nlb.transform([1, 6])	['accuracy','f1','precision','recall']
Binarizer	Transformer	preprocessing	Binarize data (set feature values to 0 or 1) according to a threshold.	sklearn.preprocessing.Binarizer	['threshold','copy']	['fit','transform','fit_transform','get_feature_names_out','get_params','set_params']	-9999	9999	0	0	True	Values greater than the threshold map to 1, while values less than or equal to the threshold map to 0.	True	(n_samples,n_features)	[float,int]	0	0	0	0	(n_samples,n_features)	int	from sklearn.preprocessing import Binarizer\nX = [[1., -1., 2.], [2., 0., 0.], [0., 1., -1.]]\ntransformer = Binarizer().fit(X)\ntransformer.transform(X)	['accuracy','f1','precision','recall']
DecisionTreeClassifier	Classifier	tree	A decision tree classifier.	sklearn.tree.DecisionTreeClassifier	['criterion','splitter','max_depth','min_samples_split','min_samples_leaf','min_weight_fraction_leaf','max_features','random_state','max_leaf_nodes','min_impurity_decrease','class_weight','ccp_alpha','monotonic_cst']	['fit','predict','predict_proba','score','apply','decision_path','cost_complexity_pruning_path','get_depth','get_n_leaves']	-9999	9999	0	9999	True	The default values for the parameters controlling the size of the trees lead to fully grown and unpruned trees which can potentially be very large on some data sets. To reduce memory consumption, the complexity and size of the trees should be controlled by setting those parameter values.	True	(n_samples,n_features)	[float,int]	(n_samples,)	[int,str]	0	0	(n_samples,)	int	from sklearn.datasets import load_iris\nfrom sklearn.model_selection import cross_val_score\nfrom sklearn.tree import DecisionTreeClassifier\nclf = DecisionTreeClassifier(random_state=0)\niris = load_iris()\ncross_val_score(clf, iris.data, iris.target, cv=10)	['accuracy','f1','precision','recall']
ExtraTreeClassifier	Classifier	tree	An extremely randomized tree classifier.	sklearn.tree.ExtraTreeClassifier	['criterion','splitter','max_depth','min_samples_split','min_samples_leaf','min_weight_fraction_leaf','max_features','random_state','max_leaf_nodes','min_impurity_decrease','class_weight','ccp_alpha','monotonic_cst']	['apply','cost_complexity_pruning_path','decision_path','fit','get_depth','get_metadata_routing','get_n_leaves','get_params','predict','predict_log_proba','predict_proba','score','set_fit_request','set_params','set_score_request']	-9999	9999	0	9999	True	Warning: Extra-trees should only be used within ensemble methods. Extra-trees differ from classic decision trees in the way they are built. When looking for the best split to separate the samples of a node into two groups, random splits are drawn for each of the max_features randomly selected features and the best split among those is chosen.	True	(n_samples,n_features)	[float,int]	(n_samples,)	[int,str]	0	0	(n_samples,)	int	from sklearn.datasets import load_iris\nfrom sklearn.model_selection import train_test_split\nfrom sklearn.ensemble import BaggingClassifier\nfrom sklearn.tree import ExtraTreeClassifier\nX, y = load_iris(return_X_y=True)\nX_train, X_test, y_train, y_test = train_test_split(X, y, random_state=0)\nextra_tree = ExtraTreeClassifier(random_state=0)\ncls = BaggingClassifier(extra_tree, random_state=0).fit(X_train, y_train)\ncls.score(X_test, y_test)	['accuracy','f1','precision','recall']
ExtraTreesClassifier	Classifier	ensemble	An extra-trees classifier.	sklearn.ensemble.ExtraTreesClassifier	['n_estimators','criterion','max_depth','min_samples_split','min_samples_leaf','min_weight_fraction_leaf','max_features','max_leaf_nodes','min_impurity_decrease','bootstrap','oob_score','n_jobs','random_state','verbose','warm_start','class_weight','ccp_alpha','max_samples','monotonic_cst']	['apply','decision_path','fit','get_metadata_routing','get_params','predict','predict_log_proba','predict_proba','score','set_fit_request','set_params','set_score_request']	-9999	9999	0	9999	True	This estimator has native support for missing values (NaNs) for random splits. During training, a random threshold will be chosen to split the non-missing values on. Then the non-missing values will be sent to the left and right child based on the randomly selected threshold, while the missing values will also be randomly sent to the left or right child. This is repeated for every feature considered at each split. The best split among these is chosen.	True	(n_samples,n_features)	[float,int]	(n_samples,)	[int,str]	0	0	(n_samples,)	int	from sklearn.ensemble import ExtraTreesClassifier\nfrom sklearn.datasets import make_classification\nX, y = make_classification(n_features=4, random_state=0)\nclf = ExtraTreesClassifier(n_estimators=100, random_state=0)\nclf.fit(X, y)\nclf.predict([[0, 0, 0, 0]])	['accuracy','f1','precision','recall']
GradientBoostingClassifier	Classifier	ensemble	Gradient Boosting for classification.	sklearn.ensemble.GradientBoostingClassifier	['loss','learning_rate','n_estimators','subsample','criterion','min_samples_split','min_samples_leaf','min_weight_fraction_leaf','max_depth','min_impurity_decrease','init','random_state','max_features','verbose','max_leaf_nodes','warm_start','validation_fraction','n_iter_no_change','tol','ccp_alpha']	['fit','predict','predict_proba','predict_log_proba','score','decision_function','apply','staged_predict','staged_predict_proba','staged_decision_function']	-9999	9999	0	9999	True	HistGradientBoostingClassifier is a much faster variant of this algorithm for intermediate and large datasets (n_samples >= 10_000) and supports monotonic constraints.	True	(n_samples,n_features)	[float,int]	(n_samples,)	[int,str]	0	0	(n_samples,)	int	from sklearn.datasets import make_hastie_10_2\nfrom sklearn.ensemble import GradientBoostingClassifier\nX, y = make_hastie_10_2(random_state=0)\nX_train, X_test = X[:2000], X[2000:]\ny_train, y_test = y[:2000], y[2000:]\nclf = GradientBoostingClassifier(n_estimators=100, learning_rate=1.0, max_depth=1, random_state=0).fit(X_train, y_train)	['accuracy','f1','precision','recall']
RandomForestClassifier	Classifier	ensemble	A random forest classifier.	sklearn.ensemble.RandomForestClassifier	['n_estimators','criterion','max_depth','min_samples_split','min_samples_leaf','min_weight_fraction_leaf','max_features','max_leaf_nodes','min_impurity_decrease','bootstrap','oob_score','n_jobs','random_state','verbose','warm_start','class_weight','ccp_alpha','max_samples','monotonic_cst']	['fit','predict','predict_proba','predict_log_proba','score','apply','decision_path']	-9999	9999	0	9999	True	This estimator has native support for missing values (NaNs). During training, the tree grower learns at each split point whether samples with missing values should go to the left or right child, based on the potential gain.	True	(n_samples,n_features)	[float,int]	(n_samples,)	[int,str]	0	0	(n_samples,)	int	from sklearn.ensemble import RandomForestClassifier\nfrom sklearn.datasets import make_classification\nX, y = make_classification(n_samples=1000, n_features=4, n_informative=2, n_redundant=0, random_state=0, shuffle=False)\nclf = RandomForestClassifier(max_depth=2, random_state=0)\nclf.fit(X, y)	['accuracy','f1','precision','recall']
SGDClassifier	Classifier	linear_model	Linear classifiers (SVM, logistic regression, etc.) with SGD training.	sklearn.linear_model.SGDClassifier	['loss','penalty','alpha','l1_ratio','fit_intercept','max_iter','tol','shuffle','verbose','epsilon','n_jobs','random_state','learning_rate','eta0','power_t','early_stopping','validation_fraction','n_iter_no_change','class_weight','warm_start','average']	['decision_function','densify','fit','get_metadata_routing','get_params','partial_fit','predict','predict_log_proba','predict_proba','score','set_fit_request','set_params','set_partial_fit_request','set_score_request','sparsify']	-9999	9999	0	9999	True	This estimator implements regularized linear models with stochastic gradient descent (SGD) learning. For best results using the default learning rate schedule, the data should have zero mean and unit variance. This implementation works with data represented as dense or sparse arrays of floating point values.	True	(n_samples,n_features)	float	(n_samples,)	[int,str]	0	0	(n_samples,)	int	import numpy as np\nfrom sklearn.linear_model import SGDClassifier\nfrom sklearn.preprocessing import StandardScaler\nfrom sklearn.pipeline import make_pipeline\nX = np.array([[-1, -1], [-2, -1], [1, 1], [2, 1]])\nY = np.array([1, 1, 2, 2])\nclf = make_pipeline(StandardScaler(), SGDClassifier(max_iter=1000, tol=1e-3))\nclf.fit(X, Y)	['accuracy','f1','precision','recall']
GaussianNB	Classifier	naive_bayes	Gaussian Naive Bayes (GaussianNB).	sklearn.naive_bayes.GaussianNB	['priors','var_smoothing']	['fit','get_metadata_routing','get_params','partial_fit','predict','predict_joint_log_proba','predict_log_proba','predict_proba','score','set_fit_request','set_params','set_partial_fit_request','set_score_request']	-9999	9999	0	9999	True	Can perform online updates to model parameters via partial_fit. For details on algorithm used to update feature means and variance online, see Stanford CS tech report STAN-CS-79-773 by Chan, Golub, and LeVeque.	True	(n_samples,n_features)	[float,int]	(n_samples,)	[int,str]	0	0	(n_samples,)	int	import numpy as np\nX = np.array([[-1, -1], [-2, -1], [-3, -2], [1, 1], [2, 1], [3, 2]])\nY = np.array([1, 1, 1, 2, 2, 2])\nfrom sklearn.naive_bayes import GaussianNB\nclf = GaussianNB()\nclf.fit(X, Y)\nprint(clf.predict([[-0.8, -1]]))	['accuracy','f1','precision','recall']
NearestCentroid	Classifier	neighbors	Nearest centroid classifier.	sklearn.neighbors.NearestCentroid	['metric','shrink_threshold','priors']	['fit','predict','predict_proba','predict_log_proba','score','decision_function']	-9999	9999	0	9999	True	When used for text classification with tf-idf vectors, this classifier is also known as the Rocchio classifier.	True	(n_samples,n_features)	[float,int]	(n_samples,)	[int,str]	0	0	(n_samples,)	int	from sklearn.neighbors import NearestCentroid\nimport numpy as np\nX = np.array([[-1, -1], [-2, -1], [-3, -2], [1, 1], [2, 1], [3, 2]])\ny = np.array([1, 1, 1, 2, 2, 2])\nclf = NearestCentroid()\nclf.fit(X, y)	['accuracy','f1','precision','recall']
RidgeClassifierCV	Classifier	linear_model	Ridge classifier with built-in cross-validation.	sklearn.linear_model.RidgeClassifierCV	['alphas','fit_intercept','scoring','cv','class_weight','store_cv_results']	['decision_function','fit','predict','score']	-9999	9999	0	9999	True	By default, it performs Leave-One-Out Cross-Validation. Currently, only the n_features > n_samples case is handled efficiently.	True	(n_samples,n_features)	[float,int]	(n_samples,)	[int,str]	0	0	(n_samples,)	int	from sklearn.linear_model import RidgeClassifierCV\nclf = RidgeClassifierCV(alphas=[1e-3, 1e-2, 1e-1, 1])\nclf.fit(X, y)	['accuracy','f1','precision','recall']
VotingClassifier	Meta-Estimator	ensemble	Soft Voting/Majority Rule classifier for unfitted estimators.	sklearn.ensemble.VotingClassifier	['estimators','voting','weights','n_jobs','flatten_transform','verbose']	['fit','fit_transform','predict','predict_proba','score','transform']	-9999	9999	0	9999	True	An estimator can be set to 'drop' using set_params.	True	(n_samples,n_features)	[float,int]	(n_samples,)	[int,str]	0	0	(n_samples,)	int	from sklearn.ensemble import VotingClassifier\nfrom sklearn.linear_model import LogisticRegression\nfrom sklearn.naive_bayes import GaussianNB\nfrom sklearn.ensemble import RandomForestClassifier\nclf1 = LogisticRegression(random_state=1)\nclf2 = RandomForestClassifier(n_estimators=50, random_state=1)\nclf3 = GaussianNB()\neclf = VotingClassifier(estimators=[('lr', clf1), ('rf', clf2), ('gnb', clf3)], voting='hard')\neclf.fit(X, y)	['accuracy','f1','precision','recall']
ComplementNB	Classifier	naive_bayes	The Complement Naive Bayes classifier designed to correct the "severe assumptions" made by standard MultinomialNB. It is particularly suited for imbalanced data sets.	sklearn.naive_bayes.ComplementNB	['alpha','force_alpha','fit_prior','class_prior','norm']	['fit','partial_fit','predict','predict_proba','predict_log_proba','predict_joint_log_proba','score']	0	9999	0	9999	True	Added in version 0.20.	True	(n_samples,n_features)	[float,int]	(n_samples,)	[int,str]	0	0	(n_samples,)	int	import numpy as np\nrng = np.random.RandomState(1)\nX = rng.randint(5, size=(6, 100))\ny = np.array([1, 2, 3, 4, 5, 6])\nfrom sklearn.naive_bayes import ComplementNB\nclf = ComplementNB()\nclf.fit(X, y)\nprint(clf.predict(X[2:3]))	['accuracy','f1','precision','recall']
MultinomialNB	Classifier	naive_bayes	Naive Bayes classifier for multinomial models. The multinomial Naive Bayes classifier is suitable for classification with discrete features.	sklearn.naive_bayes.MultinomialNB	['alpha','force_alpha','fit_prior','class_prior']	['fit','partial_fit','predict','predict_proba','predict_log_proba','predict_joint_log_proba','score']	0	9999	0	9999	True	The multinomial distribution normally requires integer feature counts. However, in practice, fractional counts such as tf-idf may also work.	True	(n_samples,n_features)	[float,int]	(n_samples,)	[int,str]	0	0	(n_samples,)	int	import numpy as np\nrng = np.random.RandomState(1)\nX = rng.randint(5, size=(6, 100))\ny = np.array([1, 2, 3, 4, 5, 6])\nfrom sklearn.naive_bayes import MultinomialNB\nclf = MultinomialNB()\nclf.fit(X, y)\nprint(clf.predict(X[2:3]))	['accuracy','f1','precision','recall']
LabelSpreading	Semi-Supervised Classifier	semi_supervised	LabelSpreading model for semi-supervised learning.	sklearn.semi_supervised.LabelSpreading	['kernel','gamma','n_neighbors','alpha','max_iter','tol','n_jobs']	['fit','predict','predict_proba','score']	-9999	9999	-1	9999	True	This model is similar to the basic Label Propagation algorithm, but uses affinity matrix based on the normalized graph Laplacian and soft clamping across the labels.	True	(n_samples,n_features)	[float,int]	(n_samples,)	int	0	0	(n_samples,)	int	import numpy as np\nfrom sklearn import datasets\nfrom sklearn.semi_supervised import LabelSpreading\nlabel_prop_model = LabelSpreading()\niris = datasets.load_iris()\nrng = np.random.RandomState(42)\nrandom_unlabeled_points = rng.rand(len(iris.target)) < 0.3\nlabels = np.copy(iris.target)\nlabels[random_unlabeled_points] = -1\nlabel_prop_model.fit(iris.data, labels)	['accuracy','f1','precision','recall']
PassiveAggressiveClassifier	Classifier	linear_model	Passive Aggressive Classifier for online learning.	sklearn.linear_model.PassiveAggressiveClassifier	['C','fit_intercept','max_iter','tol','early_stopping','validation_fraction','n_iter_no_change','shuffle','verbose','loss','n_jobs','random_state','warm_start','class_weight','average']	['fit','partial_fit','predict','decision_function','score','densify','sparsify']	-9999	9999	0	9999	True	Online learning algorithm that remains passive for correct classifications and aggressive for mistakes.	True	(n_samples,n_features)	[float,int]	(n_samples,)	int	0	0	(n_samples,)	int	from sklearn.linear_model import PassiveAggressiveClassifier\nclf = PassiveAggressiveClassifier(C=1.0, max_iter=1000)\nclf.fit(X_train, y_train)\ny_pred = clf.predict(X_test)	['accuracy','f1','precision','recall']
Perceptron	Classifier	linear_model	Linear perceptron classifier.	sklearn.linear_model.Perceptron	['penalty','alpha','l1_ratio','fit_intercept','max_iter','tol','shuffle','verbose','eta0','n_jobs','random_state','early_stopping','validation_fraction','n_iter_no_change','class_weight','warm_start']	['fit','partial_fit','predict','decision_function','score','densify','sparsify']	-9999	9999	0	9999	True	Wrapper around SGDClassifier with fixed loss='perceptron' and learning_rate='constant'.	True	(n_samples,n_features)	[float,int]	(n_samples,)	int	0	0	(n_samples,)	int	from sklearn.linear_model import Perceptron\nclf = Perceptron()\nclf.fit(X_train, y_train)\ny_pred = clf.predict(X_test)	['accuracy','f1','precision','recall']
RadiusNeighborsClassifier	Classifier	neighbors	Classifier implementing a vote among neighbors within a given radius.	sklearn.neighbors.RadiusNeighborsClassifier	['radius','weights','algorithm','leaf_size','p','metric','outlier_label','metric_params','n_jobs']	['fit','predict','predict_proba','score','radius_neighbors','radius_neighbors_graph']	-9999	9999	0	9999	True	Uses neighbors within fixed radius for classification. Handles outliers with outlier_label parameter.	True	(n_samples,n_features)	[float,int]	(n_samples,)	int	0	0	(n_samples,)	int	from sklearn.neighbors import RadiusNeighborsClassifier\nclf = RadiusNeighborsClassifier(radius=1.0, weights='uniform')\nclf.fit(X_train, y_train)\ny_pred = clf.predict(X_test)	['accuracy','f1','precision','recall']
EllipticEnvelope	OutlierDetector	covariance	An object for detecting outliers in a Gaussian distributed dataset.	sklearn.covariance.EllipticEnvelope	['store_precision','assume_centered','support_fraction','contamination','random_state']	['correct_covariance','decision_function','error_norm','fit','fit_predict','get_metadata_routing','get_params','get_precision','mahalanobis','predict','reweight_covariance','score','score_samples','set_params']	-9999	9999	-9999	9999	True	Outlier detection from covariance estimation may break or not perform well in high-dimensional settings. In particular, one will always take care to work with n_samples > n_features ** 2.	True	(n_samples,n_features)	[float,int]	(n_samples,)	None	0	0	(n_samples,)	int	import numpy as np\nfrom sklearn.covariance import EllipticEnvelope\ntrue_cov = np.array([[.8, .3], [.3, .4]])\nX = np.random.RandomState(0).multivariate_normal(mean=[0, 0], cov=true_cov, size=500)\ncov = EllipticEnvelope(random_state=0).fit(X)\ncov.predict([[0, 0], [3, 3]])	['accuracy','f1','precision','recall']
DummyClassifier	Classifier	dummy	DummyClassifier makes predictions that ignore the input features.	sklearn.dummy.DummyClassifier	['strategy','random_state','constant']	['fit','predict','predict_proba','predict_log_proba','score','get_params','set_params']	-9999	9999	0	9999	True	Note that the "stratified" and "uniform" strategies lead to non-deterministic predictions that can be rendered deterministic by setting the random_state parameter if needed. The other strategies are naturally deterministic and, once fit, always return the same constant prediction for any value of X.	True	(n_samples,n_features)	[float,int]	(n_samples,) or (n_samples,n_outputs)	[int,str]	0	0	(n_samples,) or (n_samples,n_outputs)	[int,str]	import numpy as np\nfrom sklearn.dummy import DummyClassifier\nX = np.array([-1, 1, 1, 1])\ny = np.array([0, 1, 1, 1])\ndummy_clf = DummyClassifier(strategy="most_frequent")\ndummy_clf.fit(X, y)	['accuracy','f1','precision','recall']
OneVsRestClassifier	Meta-Estimator	multiclass	One-vs-the-rest (OvR) multiclass strategy. Also known as one-vs-all, this strategy consists in fitting one classifier per class. For each classifier, the class is fitted against all the other classes.	sklearn.multiclass.OneVsRestClassifier	['estimator','n_jobs','verbose']	['fit','partial_fit','predict','predict_proba','decision_function','score']	-9999	9999	0	9999	True	OneVsRestClassifier can also be used for multilabel classification. To use this feature, provide an indicator matrix for the target y when calling .fit. This is the most commonly used strategy for multiclass classification and is a fair default choice.	True	(n_samples,n_features)	[float,int]	(n_samples,) or (n_samples,n_classes)	[float,int]	0	0	(n_samples,) or (n_samples,n_classes)	int	import numpy as np\nfrom sklearn.multiclass import OneVsRestClassifier\nfrom sklearn.svm import SVC\nX = np.array([[10, 10], [8, 10], [-5, 5.5], [-5.4, 5.5], [-20, -20], [-15, -20]])\ny = np.array([0, 0, 1, 1, 2, 2])\nclf = OneVsRestClassifier(SVC()).fit(X, y)\nclf.predict([[-19, -20], [9, 9], [-5, 5]])	['accuracy','f1_macro','f1_micro','precision_macro','recall_macro']
LabelPropagation	Classifier	semi_supervised	Label Propagation classifier.	sklearn.semi_supervised.LabelPropagation	['kernel','gamma','n_neighbors','max_iter','tol','n_jobs']	['fit','predict','predict_proba','score','get_params','set_params']	-9999	9999	-1	9999	True	Read more in the User Guide.	True	(n_samples,n_features)	[float,int]	(n_samples,)	int	0	0	(n_samples,)	int	import numpy as np\nfrom sklearn import datasets\nfrom sklearn.semi_supervised import LabelPropagation\nlabel_prop_model = LabelPropagation()\niris = datasets.load_iris()\nrng = np.random.RandomState(42)\nrandom_unlabeled_points = rng.rand(len(iris.target)) < 0.3\nlabels = np.copy(iris.target)\nlabels[random_unlabeled_points] = -1\nlabel_prop_model.fit(iris.data, labels)	['accuracy','f1_macro','precision_macro','recall_macro']
OneVsOneClassifier	Meta-Estimator	multiclass	One-vs-one multiclass strategy.	sklearn.multiclass.OneVsOneClassifier	['estimator','n_jobs']	['fit','partial_fit','predict','decision_function','score','get_params','set_params']	-9999	9999	0	9999	True	This strategy consists in fitting one classifier per class pair. At prediction time, the class which received the most votes is selected. Since it requires to fit n_classes * (n_classes - 1) / 2 classifiers, this method is usually slower than one-vs-the-rest, due to its O(n_classes^2) complexity.	True	(n_samples,n_features)	[float,int]	(n_samples,)	int	0	0	(n_samples,)	int	from sklearn.datasets import load_iris\nfrom sklearn.model_selection import train_test_split\nfrom sklearn.multiclass import OneVsOneClassifier\nfrom sklearn.svm import LinearSVC\nX, y = load_iris(return_X_y=True)\nX_train, X_test, y_train, y_test = train_test_split(X, y, test_size=0.33, shuffle=True, random_state=0)\nclf = OneVsOneClassifier(LinearSVC(random_state=0)).fit(X_train, y_train)\nclf.predict(X_test[:10])	['accuracy','f1_macro','precision_macro','recall_macro']
OutputCodeClassifier	Meta-Estimator	multiclass	(Error-Correcting) Output-Code multiclass strategy.	sklearn.multiclass.OutputCodeClassifier	['estimator','code_size','random_state','n_jobs']	['fit','predict','score','get_params','set_params']	-9999	9999	0	9999	True	Output-code based strategies consist in representing each class with a binary code (an array of 0s and 1s).	True	(n_samples,n_features)	[float,int]	(n_samples,)	int	0	0	(n_samples,)	int	from sklearn.multiclass import OutputCodeClassifier\nfrom sklearn.ensemble import RandomForestClassifier\nfrom sklearn.datasets import make_classification\nX, y = make_classification(n_samples=100, n_features=4, n_informative=2, n_redundant=0, random_state=0, shuffle=False)\nclf = OutputCodeClassifier(estimator=RandomForestClassifier(random_state=0), random_state=0).fit(X, y)\nclf.predict([[0, 0, 0, 0]])	['accuracy','f1_macro','precision_macro','recall_macro']
SelfTrainingClassifier	Meta-Estimator	semi_supervised	Self-training classifier.	sklearn.semi_supervised.SelfTrainingClassifier	['estimator','threshold','criterion','k_best','max_iter','verbose']	['fit','predict','predict_proba','predict_log_proba','decision_function','score','get_params','set_params']	-9999	9999	-1	9999	True	This metaestimator allows a given supervised classifier to function as a semi-supervised classifier, allowing it to learn from unlabeled data. It does this by iteratively predicting pseudo-labels for the unlabeled data and adding them to the training set.	True	(n_samples,n_features)	[float,int]	(n_samples,)	int	0	0	(n_samples,)	int	import numpy as np\nfrom sklearn import datasets\nfrom sklearn.semi_supervised import SelfTrainingClassifier\nfrom sklearn.svm import SVC\nrng = np.random.RandomState(42)\niris = datasets.load_iris()\nrandom_unlabeled_points = rng.rand(iris.target.shape[0]) < 0.3\niris.target[random_unlabeled_points] = -1\nsvc = SVC(probability=True, gamma="auto")\nself_training_model = SelfTrainingClassifier(svc)\nself_training_model.fit(iris.data, iris.target)	['accuracy','f1_macro','precision_macro','recall_macro']
LabelEncoder	Transformer	preprocessing	Encode target labels with value between 0 and n_classes-1.	sklearn.preprocessing.LabelEncoder	[]	['fit','fit_transform','transform','inverse_transform','get_params','set_params']	-9999	9999	-9999	9999	True	This transformer should be used to encode target values, i.e. y, and not the input X.	True	0	None	(n_samples,)	[int,str,float]	(n_samples,)	int	0	0	from sklearn.preprocessing import LabelEncoder\nle = LabelEncoder()\nle.fit([1, 2, 2, 6])\nle.transform([1, 1, 2, 6])	['accuracy','f1_micro','f1_macro','precision_micro','precision_macro','recall_micro','recall_macro']
CalibratedClassifierCV	Classifier	calibration	Probability calibration with isotonic regression or logistic regression. Calibrates classifier probabilities to provide more accurate predict_proba outputs using cross-validation.	sklearn.calibration.CalibratedClassifierCV	['estimator','method','cv','n_jobs','ensemble']	['fit','get_metadata_routing','get_params','predict','predict_proba','score','set_fit_request','set_params','set_score_request']	1	9999	1	9999	True	Calibration based on decision_function if exists, else predict_proba. Uses cross-validation for unbiased calibration. ensemble='auto' is default.	True	(n_samples,n_features)	[float,int]	(n_samples,)	int	0	0	(n_samples,n_classes)	float		['accuracy','precision','recall','f1','roc_auc']
HistGradientBoostingClassifier	Classifier	ensemble	Histogram-based Gradient Boosting Classification Tree. Much faster than GradientBoostingClassifier for big datasets (n_samples >= 10000). Has native support for missing values (NaNs) and learns where to send missing values during training.	sklearn.ensemble.HistGradientBoostingClassifier	['loss','learning_rate','max_iter','max_leaf_nodes','max_depth','min_samples_leaf','l2_regularization','max_features','max_bins','categorical_features','monotonic_cst','interaction_cst','warm_start','early_stopping','scoring','validation_fraction','n_iter_no_change','tol','verbose','random_state','class_weight']	['decision_function','fit','get_metadata_routing','get_params','predict','predict_proba','score','set_fit_request','set_params','set_score_request','staged_decision_function','staged_predict','staged_predict_proba']	-9999	9999	0	9999	True	Inspired by LightGBM. Supports categorical features and monotonic constraints. For multiclass, builds n_classes trees per iteration. Added in version 0.21.	True	(n_samples,n_features)	[float,int,'category']	(n_samples,)	int	0	0	(n_samples,)	int	from sklearn.ensemble import HistGradientBoostingClassifier\nfrom sklearn.datasets import load_iris\nX, y = load_iris(return_X_y=True)\nclf = HistGradientBoostingClassifier().fit(X, y)\nclf.score(X, y)	['accuracy','precision','recall','f1','roc_auc']
LogisticRegressionCV	Classifier	linear_model	Logistic Regression CV (cross-validation) classifier. Implements logistic regression using liblinear, newton-cg, sag or lbfgs optimizer with built-in cross-validation for hyperparameter tuning.	sklearn.linear_model.LogisticRegressionCV	['Cs','fit_intercept','cv','dual','penalty','scoring','solver','tol','max_iter','class_weight','n_jobs','verbose','refit','intercept_scaling','multi_class','random_state','l1_ratios']	['decision_function','densify','fit','get_metadata_routing','get_params','predict','predict_log_proba','predict_proba','score','set_fit_request','set_params','set_score_request','sparsify']	-9999	9999	0	9999	True	Uses StratifiedKFold for hyperparameter selection by default. Supports L1, L2, and Elastic-Net penalties with different solver compatibility.	True	(n_samples,n_features)	[float,int]	(n_samples,)	int	0	0	(n_samples,)	int	from sklearn.datasets import load_iris\nfrom sklearn.linear_model import LogisticRegressionCV\nX, y = load_iris(return_X_y=True)\nclf = LogisticRegressionCV(cv=5, random_state=0).fit(X, y)\nclf.predict(X[:2, :])	['accuracy','precision','recall','f1','roc_auc']
SVC	Classifier	svm	C-Support Vector Classification. The implementation is based on libsvm. The fit time scales at least quadratically with the number of samples and may be impractical beyond tens of thousands of samples.	sklearn.svm.SVC	['C','kernel','degree','gamma','coef0','shrinking','probability','tol','cache_size','class_weight','verbose','max_iter','decision_function_shape','break_ties','random_state']	['decision_function','fit','get_metadata_routing','get_params','predict','predict_log_proba','predict_proba','score','set_fit_request','set_params','set_score_request']	1	9999	0	9999	True	The multiclass support is handled according to a one-vs-one scheme. For large datasets consider using LinearSVC or SGDClassifier instead, possibly after a Nystroem transformer.	True	(n_samples,n_features) or (n_samples,n_samples) if kernel='precomputed'	[float,int]	(n_samples,)	[int,str]	None	None	(n_samples,)	int	import numpy as np\nfrom sklearn.pipeline import make_pipeline\nfrom sklearn.preprocessing import StandardScaler\nX = np.array([[-1, -1], [-2, -1], [1, 1], [2, 1]])\ny = np.array([1, 1, 2, 2])\nfrom sklearn.svm import SVC\nclf = make_pipeline(StandardScaler(), SVC(gamma='auto'))\nclf.fit(X, y)\nprint(clf.predict([[-0.8, -1]]))	['accuracy','precision','recall','f1','roc_auc']
RidgeClassifier	Classifier	linear_model	Classifier using Ridge regression.	sklearn.linear_model.RidgeClassifier	['alpha','fit_intercept','copy_X','max_iter','tol','class_weight','solver','positive','random_state']	['decision_function','fit','get_metadata_routing','get_params','predict','score','set_fit_request','set_params','set_score_request']	-9999	9999	-1	1	True	For multi-class classification, n_class classifiers are trained in a one-versus-all approach. Concretely, this is implemented by taking advantage of the multi-variate response support in Ridge.	True	(n_samples,n_features)	[float,int]	(n_samples,)	[int,str]	0	0	(n_samples,)	int	from sklearn.datasets import load_breast_cancer\nfrom sklearn.linear_model import RidgeClassifier\nX, y = load_breast_cancer(return_X_y=True)\nclf = RidgeClassifier().fit(X, y)\nclf.score(X, y)	['accuracy']
ClassifierChain	Meta-Estimator	multioutput	A multi-label model that arranges binary classifiers into a chain.	sklearn.multioutput.ClassifierChain	['estimator','order','cv','chain_method','random_state','verbose']	['fit','predict','predict_proba','predict_log_proba','decision_function','score']	-9999	9999	0	1	True	Each model makes a prediction in the order specified by the chain using all of the available features provided to the model plus the predictions of models that are earlier in the chain. Added in version 0.19.	True	(n_samples,n_features)	[float,int]	(n_samples,n_classes)	int	0	0	(n_samples,n_classes)	int	from sklearn.multioutput import ClassifierChain\nfrom sklearn.linear_model import LogisticRegression\nchain = ClassifierChain(LogisticRegression(), order='random')\nchain.fit(X_train, Y_train)	['accuracy_score','f1_score','precision_score','recall_score']
MultiOutputClassifier	Meta-Estimator	multioutput	Multi target classification.	sklearn.multioutput.MultiOutputClassifier	['estimator','n_jobs']	['fit','predict','predict_proba','partial_fit','score']	-9999	9999	0	1	True	This strategy consists of fitting one classifier per target. This is a simple strategy for extending classifiers that do not natively support multi-target classification.	True	(n_samples,n_features)	[float,int]	(n_samples,n_classes)	int	0	0	(n_samples,n_classes)	int	from sklearn.multioutput import MultiOutputClassifier\nfrom sklearn.linear_model import LogisticRegression\nclf = MultiOutputClassifier(LogisticRegression())\nclf.fit(X, y)	['accuracy_score','f1_score','precision_score','recall_score']
QuadraticDiscriminantAnalysis	Classifier	discriminant_analysis	Quadratic Discriminant Analysis.	sklearn.discriminant_analysis.QuadraticDiscriminantAnalysis	['priors','reg_param','store_covariance','tol']	['fit','predict','predict_proba','predict_log_proba','decision_function','score']	-9999	9999	0	9999	True	A classifier with a quadratic decision boundary, generated by fitting class conditional densities to the data and using Bayes' rule. The model fits a Gaussian density to each class. Added in version 0.17.	True	(n_samples,n_features)	[float,int]	(n_samples,)	int	0	0	(n_samples,)	int	from sklearn.discriminant_analysis import QuadraticDiscriminantAnalysis\nclf = QuadraticDiscriminantAnalysis()\nclf.fit(X, y)	['accuracy_score','f1_score','precision_score','recall_score']
NeighborhoodComponentsAnalysis	Transformer	neighbors	Neighborhood Components Analysis.	sklearn.neighbors.NeighborhoodComponentsAnalysis	['n_components','init','warm_start','max_iter','tol','callback','verbose','random_state']	['fit','transform','fit_transform','get_feature_names_out']	-9999	9999	0	9999	True	Neighborhood Component Analysis (NCA) is a machine learning algorithm for metric learning. It learns a linear transformation in a supervised fashion to improve the classification accuracy of a stochastic nearest neighbors rule in the transformed space.	True	(n_samples,n_features)	[float,int]	(n_samples,)	int	0	0	(n_samples,n_components)	float	from sklearn.neighbors import NeighborhoodComponentsAnalysis\nnca = NeighborhoodComponentsAnalysis(random_state=42)\nnca.fit(X_train, y_train)	['accuracy_score','neighbors_accuracy']
IsolationForest	Cluster	ensemble	Isolation Forest Algorithm.	sklearn.ensemble.IsolationForest	['n_estimators','max_samples','contamination','max_features','bootstrap','n_jobs','random_state','verbose','warm_start']	['decision_function','fit','fit_predict','get_metadata_routing','get_params','predict','score_samples','set_fit_request','set_params']	-9999	9999	-9999	9999	True	The IsolationForest 'isolates' observations by randomly selecting a feature and then randomly selecting a split value between the maximum and minimum values of the selected feature.	True	(n_samples,n_features)	[float,int]	(n_samples,)	None	0	0	(n_samples,)	int	from sklearn.ensemble import IsolationForest\nX = [[-1.1], [0.3], [0.5], [100]]\nclf = IsolationForest(random_state=0).fit(X)\nclf.predict([[0.1], [0], [90]])	['adjusted_rand_score','adjusted_mutual_info_score','homogeneity_score','completeness_score','v_measure_score','roc_auc_score','average_precision_score','f1_score','precision_score','recall_score']
LocalOutlierFactor	Cluster	neighbors	Unsupervised Outlier Detection using the Local Outlier Factor (LOF).	sklearn.neighbors.LocalOutlierFactor	['n_neighbors','algorithm','leaf_size','metric','p','metric_params','contamination','novelty','n_jobs']	['decision_function','fit','fit_predict','get_metadata_routing','get_params','kneighbors','kneighbors_graph','predict','score_samples','set_params']	-9999	9999	-9999	9999	True	The anomaly score of each sample is called the Local Outlier Factor. It measures the local deviation of the density of a given sample with respect to its neighbors.	True	(n_samples,n_features)	[float,int]	(n_samples,)	None	0	0	(n_samples,)	int	from sklearn.neighbors import LocalOutlierFactor\nX = [[-1.1], [0.2], [101.1], [0.3]]\nclf = LocalOutlierFactor(n_neighbors=2)\nclf.fit_predict(X)	['adjusted_rand_score','adjusted_mutual_info_score','homogeneity_score','completeness_score','v_measure_score','roc_auc_score','average_precision_score','f1_score','precision_score','recall_score']
KMeans	Cluster	cluster	K-Means clustering.	sklearn.cluster.KMeans	['n_clusters','init','n_init','max_iter','tol','verbose','random_state','copy_x','algorithm']	['fit','fit_predict','fit_transform','get_feature_names_out','get_metadata_routing','get_params','predict','score','set_fit_request','set_output','set_params','set_score_request','transform']	-9999	9999	-9999	9999	True	The k-means problem is solved using either Lloyd's or Elkan's algorithm. The average complexity is given by O(k n T), where n is the number of samples and T is the number of iteration.	True	(n_samples,n_features)	[float,int]	(n_samples,)	None	0	0	(n_samples,)	int	from sklearn.cluster import KMeans\nimport numpy as np\nX = np.array([[1, 2], [1, 4], [1, 0], [10, 2], [10, 4], [10, 0]])\nkmeans = KMeans(n_clusters=2, random_state=0, n_init="auto").fit(X)\nprint(kmeans.labels_)\nprint(kmeans.predict([[0, 0], [12, 3]]))	['adjusted_rand_score','adjusted_mutual_info_score','homogeneity_score','completeness_score','v_measure_score','silhouette_score','calinski_harabasz_score','davies_bouldin_score']
MeanShift	Cluster	cluster	Mean shift clustering using a flat kernel.	sklearn.cluster.MeanShift	['bandwidth','seeds','bin_seeding','min_bin_freq','cluster_all','n_jobs','max_iter']	['fit','fit_predict','get_params','predict','set_params']	-9999	9999	0	0	True	Mean shift clustering aims to discover "blobs" in a smooth density of samples. It is a centroid-based algorithm.	True	(n_samples,n_features)	[float,int]	0	0	0	0	(n_samples,)	int	from sklearn.cluster import MeanShift\nclustering = MeanShift(bandwidth=2).fit(X)	['adjusted_rand_score','adjusted_mutual_info_score','homogeneity_score','completeness_score','v_measure_score']
OPTICS	Cluster	cluster	Estimate clustering structure from vector array.	sklearn.cluster.OPTICS	['min_samples','max_eps','metric','p','metric_params','cluster_method','eps','xi','predecessor_correction','min_cluster_size','algorithm','leaf_size','memory','n_jobs']	['fit','fit_predict','get_params','set_params']	-9999	9999	0	0	True	OPTICS (Ordering Points To Identify the Clustering Structure), closely related to DBSCAN, finds core samples of high density and expands clusters from them.	True	(n_samples,n_features)	[float,int]	0	0	0	0	(n_samples,)	int	from sklearn.cluster import OPTICS\nclustering = OPTICS(min_samples=2).fit(X)	['adjusted_rand_score','adjusted_mutual_info_score','homogeneity_score','completeness_score','v_measure_score']
SpectralClustering	Cluster	cluster	Apply clustering to a projection of the normalized Laplacian.	sklearn.cluster.SpectralClustering	['n_clusters','eigen_solver','n_components','random_state','n_init','gamma','affinity','n_neighbors','eigen_tol','assign_labels','degree','coef0','kernel_params','n_jobs','verbose']	['fit','fit_predict','get_params','set_params']	-9999	9999	0	0	True	Spectral Clustering is very useful when the structure of the individual clusters is highly non-convex.	True	(n_samples,n_features)	[float,int]	0	0	0	0	(n_samples,)	int	from sklearn.cluster import SpectralClustering\nclustering = SpectralClustering(n_clusters=2, assign_labels='discretize').fit(X)	['adjusted_rand_score','adjusted_mutual_info_score','homogeneity_score','completeness_score','v_measure_score']
mean_shift	Utility	cluster	Perform mean shift clustering of data using a flat kernel.	sklearn.cluster.mean_shift	['X','bandwidth','seeds','bin_seeding','min_bin_freq','cluster_all','max_iter','n_jobs']	[]	-9999	9999	0	0	False	For a usage example, see A demo of the mean-shift clustering algorithm.	True	(n_samples,n_features)	[float,int]	0	0	(n_clusters,n_features)	float	(n_samples,)	int	from sklearn.cluster import mean_shift\nimport numpy as np\nX = np.array([[1, 1], [2, 1], [1, 0], [4, 7], [3, 5], [3, 6]])\ncluster_centers, labels = mean_shift(X, bandwidth=2)	['adjusted_rand_score','adjusted_mutual_info_score','homogeneity_score','completeness_score']
spectral_clustering	Utility	cluster	Apply clustering to a projection of the normalized Laplacian.	sklearn.cluster.spectral_clustering	['affinity','n_clusters','n_components','eigen_solver','random_state','n_init','eigen_tol','assign_labels','verbose']	[]	-9999	9999	0	0	False	In practice Spectral Clustering is very useful when the structure of the individual clusters is highly non-convex or more generally when a measure of the center and spread of the cluster is not a suitable description of the complete cluster.	True	(n_samples,n_samples)	[float,int]	0	0	(n_samples,)	int	(n_samples,)	int	from sklearn.cluster import spectral_clustering\nfrom sklearn.metrics.pairwise import pairwise_kernels\nimport numpy as np\nX = np.array([[1, 1], [2, 1], [1, 0], [4, 7], [3, 5], [3, 6]])\naffinity = pairwise_kernels(X, metric='rbf')\nlabels = spectral_clustering(affinity=affinity, n_clusters=2, random_state=0)	['adjusted_rand_score','adjusted_mutual_info_score','homogeneity_score','completeness_score']
DBSCAN	Cluster	cluster	Perform DBSCAN clustering from vector array or distance matrix.	sklearn.cluster.DBSCAN	['eps','min_samples','metric','metric_params','algorithm','leaf_size','p','n_jobs']	['fit','fit_predict','get_params','set_params']	-9999	9999	0	0	True	DBSCAN - Density-Based Spatial Clustering of Applications with Noise. Finds core samples of high density and expands clusters from them. Good for data which contains clusters of similar density.	True	(n_samples,n_features)	[float,int]	(n_samples,)	int	(n_samples,)	int	(n_samples,)	int	from sklearn.cluster import DBSCAN\nimport numpy as np\nX = np.array([[1, 2], [2, 2], [2, 3], [8, 7], [8, 8], [25, 80]])\nclustering = DBSCAN(eps=3, min_samples=2).fit(X)	['adjusted_rand_score','adjusted_mutual_info_score','homogeneity_score','completeness_score']
HDBSCAN	Cluster	cluster	Cluster data using hierarchical density-based clustering.	sklearn.cluster.HDBSCAN	['min_cluster_size','min_samples','cluster_selection_epsilon','max_cluster_size','metric','metric_params','alpha','algorithm','leaf_size','n_jobs','cluster_selection_method','allow_single_cluster','store_centers','copy']	['fit','fit_predict','dbscan_clustering','get_params','set_params']	-9999	9999	0	0	True	HDBSCAN - Hierarchical Density-Based Spatial Clustering of Applications with Noise. Performs DBSCAN over varying epsilon values and integrates the result to find a clustering that gives the best stability over epsilon.	True	(n_samples,n_features)	[float,int]	(n_samples,)	int	(n_samples,)	int	(n_samples,)	int	from sklearn.cluster import HDBSCAN\nfrom sklearn.datasets import load_digits\nX, _ = load_digits(return_X_y=True)\nhdb = HDBSCAN(min_cluster_size=20)\nhdb.fit(X)	['adjusted_rand_score','adjusted_mutual_info_score','homogeneity_score','completeness_score']
SpectralBiclustering	Cluster	cluster	Spectral biclustering (Kluger, 2003).	sklearn.cluster.SpectralBiclustering	['n_clusters','method','n_components','n_best','svd_method','n_svd_vecs','mini_batch','init','n_init','random_state']	['fit','get_indices','get_shape','get_submatrix']	-9999	9999	0	0	True	Partitions rows and columns under the assumption that the data has an underlying checkerboard structure.	True	(n_samples,n_features)	[float,int]	(n_samples,)	int	(n_samples,)	int	(n_samples,)	int	from sklearn.cluster import SpectralBiclustering\nclustering = SpectralBiclustering(n_clusters=2, random_state=0)\nclustering.fit(X)	['adjusted_rand_score','adjusted_mutual_info_score','homogeneity_score','completeness_score']
SpectralCoclustering	Cluster	cluster	Spectral Co-Clustering algorithm (Dhillon, 2001).	sklearn.cluster.SpectralCoclustering	['n_clusters','svd_method','n_svd_vecs','mini_batch','init','n_init','random_state']	['fit','get_indices','get_shape','get_submatrix']	-9999	9999	0	0	True	Clusters rows and columns of an array X to solve the relaxed normalized cut of the bipartite graph created from X as follows: the edge between row vertex i and column vertex j has weight X[i, j].	True	(n_samples,n_features)	[float,int]	(n_samples,)	int	(n_samples,)	int	(n_samples,)	int	from sklearn.cluster import SpectralCoclustering\nclustering = SpectralCoclustering(n_clusters=2, random_state=0)\nclustering.fit(X)	['adjusted_rand_score','adjusted_mutual_info_score','homogeneity_score','completeness_score']
BayesianGaussianMixture	Cluster	mixture	Variational Bayesian estimation of Gaussian mixture with automatic component selection.	sklearn.mixture.BayesianGaussianMixture	['n_components','covariance_type','tol','max_iter','n_init','weight_concentration_prior_type','weight_concentration_prior']	['fit','predict','predict_proba','score','sample','fit_predict']	-9999	9999	0	9999	True	Automatically infers number of components from data. Supports both finite and infinite mixture models.	True	(n_samples,n_features)	[float,int]	(n_samples,)	int	0	0	(n_samples,)	int	from sklearn.mixture import BayesianGaussianMixture\nimport numpy as np\nX = np.array([[1, 2], [1, 4], [1, 0], [4, 2]])\nbgm = BayesianGaussianMixture(n_components=2, random_state=0)\nbgm.fit(X)\nlabels = bgm.predict(X)	['adjusted_rand_score','silhouette_score','calinski_harabasz_score']
FunctionTransformer	Transformer	preprocessing	Constructs a transformer from an arbitrary callable.	sklearn.preprocessing.FunctionTransformer	['func','inverse_func','validate','accept_sparse','check_inverse','feature_names_out','kw_args','inv_kw_args']	['fit','transform','fit_transform','inverse_transform','get_feature_names_out']	-9999	9999	-9999	9999	True	A FunctionTransformer forwards its X (and optionally y) arguments to a user-defined function or function object and returns the result of this function. This is useful for stateless transformations such as taking the log of frequencies, doing custom scaling, etc. Added in version 0.17.	True	(n_samples,n_features)	any	0	0	0	0	(n_samples,n_features)	any	from sklearn.preprocessing import FunctionTransformer\ntransformer = FunctionTransformer(np.log1p)\ntransformer.transform(X)	['custom_transformation_score']
QuantileTransformer	Transformer	preprocessing	Transform features using quantiles information.	sklearn.preprocessing.QuantileTransformer	['n_quantiles','output_distribution','ignore_implicit_zeros','subsample','random_state','copy']	['fit','transform','fit_transform','inverse_transform','get_feature_names_out']	-9999	9999	-9999	9999	True	This method transforms the features to follow a uniform or a normal distribution. Therefore, for a given feature, this transformation tends to spread out the most frequent values. It also reduces the impact of (marginal) outliers: this is therefore a robust preprocessing scheme. Added in version 0.19.	True	(n_samples,n_features)	[float,int]	0	0	0	0	(n_samples,n_features)	float	from sklearn.preprocessing import QuantileTransformer\nqt = QuantileTransformer(n_quantiles=10)\nqt.fit_transform(X)	['distribution_similarity','outlier_robustness_score']
TruncatedSVD	Transformer	decomposition	Dimensionality reduction using truncated SVD (aka LSA).	sklearn.decomposition.TruncatedSVD	['n_components','algorithm','n_iter','n_oversamples','power_iteration_normalizer','random_state','tol']	['fit','fit_transform','transform','inverse_transform']	-9999	9999	-9999	9999	True	SVD suffers from a problem called "sign indeterminacy", which means the sign of the components_ and the output from transform depend on the algorithm and random state.	True	(n_samples,n_features)	[float,int]	(n_samples,)	[float,int]	0	0	(n_samples,n_components)	float	from sklearn.decomposition import TruncatedSVD\nfrom scipy.sparse import csr_matrix\nimport numpy as np\nnp.random.seed(0)\nX_dense = np.random.rand(100, 100)\nX_dense[:, 2 * np.arange(50)] = 0\nX = csr_matrix(X_dense)\nsvd = TruncatedSVD(n_components=5, n_iter=7, random_state=42)\nsvd.fit(X)	['explained_variance','explained_variance_ratio']
BernoulliRBM	Transformer	neural_network	Bernoulli Restricted Boltzmann Machine (RBM).	sklearn.neural_network.BernoulliRBM	['n_components','learning_rate','batch_size','n_iter','verbose','random_state']	['fit','transform','fit_transform','partial_fit','gibbs','score_samples']	0	1	0	1	True	A Restricted Boltzmann Machine with binary visible units and binary hidden units. Parameters are estimated using Stochastic Maximum Likelihood (SML), also known as Persistent Contrastive Divergence (PCD).	True	(n_samples,n_features)	[float,int]	(n_samples,)	[float,int]	0	0	(n_samples,n_components)	float	import numpy as np\nfrom sklearn.neural_network import BernoulliRBM\nX = np.array([[0, 0, 0], [0, 1, 1], [1, 0, 1], [1, 1, 1]])\nmodel = BernoulliRBM(n_components=2)\nmodel.fit(X)	['explained_variance','log_loss']
Nystroem	Transformer	kernel_approximation	Approximate a kernel map using a subset of the training data.	sklearn.kernel_approximation.Nystroem	['kernel','gamma','coef0','degree','kernel_params','n_components','random_state','n_jobs']	['fit','transform','fit_transform','get_feature_names_out']	-9999	9999	-9999	9999	True	Constructs an approximate feature map for an arbitrary kernel using a subset of the data as basis.	True	(n_samples,n_features)	[float,int]	(n_samples,)	[float,int]	0	0	(n_samples,n_components)	float	from sklearn.kernel_approximation import Nystroem\nfrom sklearn import datasets\nX, y = datasets.load_digits(n_class=9, return_X_y=True)\ndata = X / 16.\nfeature_map_nystroem = Nystroem(gamma=.2, random_state=1, n_components=300)\ndata_transformed = feature_map_nystroem.fit_transform(data)	['explained_variance','r2']
MinMaxScaler	Transformer	preprocessing	Transform features by scaling each feature to a given range.	sklearn.preprocessing.MinMaxScaler	['feature_range','copy','clip']	['fit','transform','fit_transform','inverse_transform','partial_fit','get_feature_names_out']	-9999	9999	-9999	9999	True	MinMaxScaler doesn't reduce the effect of outliers, but it linearly scales them down into a fixed range, where the largest occurring data point corresponds to the maximum value and the smallest one corresponds to the minimum value.	True	(n_samples,n_features)	[float,int]	(n_samples,)	[float,int]	0	0	(n_samples,n_features)	float	from sklearn.preprocessing import MinMaxScaler\ndata = [[-1, 2], [-0.5, 6], [0, 10], [1, 18]]\nscaler = MinMaxScaler()\nscaler.fit(data)\nscaler.transform(data)	['explained_variance','r2']
RobustScaler	Transformer	preprocessing	Scale features using statistics that are robust to outliers.	sklearn.preprocessing.RobustScaler	['with_centering','with_scaling','quantile_range','copy','unit_variance']	['fit','transform','fit_transform','inverse_transform','get_feature_names_out']	-9999	9999	-9999	9999	True	This Scaler removes the median and scales the data according to the quantile range (defaults to IQR: Interquartile Range). The IQR is the range between the 1st quartile (25th quantile) and the 3rd quartile (75th quantile).	True	(n_samples,n_features)	[float,int]	(n_samples,)	[float,int]	0	0	(n_samples,n_features)	float	from sklearn.preprocessing import RobustScaler\nX = [[ 1., -2.,  2.], [ -2.,  1.,  3.], [ 4.,  1., -2.]]\ntransformer = RobustScaler().fit(X)\ntransformer.transform(X)	['explained_variance','r2']
PolynomialFeatures	Transformer	preprocessing	Generate polynomial and interaction features.	sklearn.preprocessing.PolynomialFeatures	['degree','interaction_only','include_bias','order']	['fit','transform','fit_transform','get_feature_names_out']	-9999	9999	-9999	9999	True	Be aware that the number of features in the output array scales polynomially in the number of features of the input array, and exponentially in the degree. High degrees can cause overfitting.	True	(n_samples,n_features)	[float,int]	(n_samples,)	[float,int]	0	0	(n_samples,n_output_features_)	float	import numpy as np\nfrom sklearn.preprocessing import PolynomialFeatures\nX = np.arange(6).reshape(3, 2)\npoly = PolynomialFeatures(2)\npoly.fit_transform(X)	['explained_variance','r2']
FeatureUnion	Meta-Estimator	pipeline	Concatenates results of multiple transformer objects.	sklearn.pipeline.FeatureUnion	['transformer_list','n_jobs','transformer_weights','verbose','verbose_feature_names_out']	['fit','transform','fit_transform','get_feature_names_out']	-9999	9999	-9999	9999	True	This estimator applies a list of transformer objects in parallel to the input data, then concatenates the results.	True	(n_samples,n_features)	[float,int]	(n_samples,)	[float,int]	0	0	(n_samples,sum_n_components)	float	from sklearn.pipeline import FeatureUnion\nfrom sklearn.decomposition import PCA, TruncatedSVD\nunion = FeatureUnion([("pca", PCA(n_components=1)), ("svd", TruncatedSVD(n_components=2))])\nX = [[0., 1., 3], [2., 2., 5]]\nunion.fit_transform(X)	['explained_variance','r2']
SparseCoder	Transformer	decomposition	Sparse coding.	sklearn.decomposition.SparseCoder	['dictionary','transform_algorithm','transform_n_nonzero_coefs','transform_alpha','split_sign','n_jobs','positive_code','transform_max_iter']	['fit','transform','fit_transform','inverse_transform']	-9999	9999	-9999	9999	True	Finds a sparse representation of data against a fixed, precomputed dictionary.	True	(n_samples,n_features)	[float,int]	(n_samples,)	[float,int]	0	0	(n_samples,n_components)	float	import numpy as np\nfrom sklearn.decomposition import SparseCoder\nX = np.array([[-1, -1, -1], [0, 0, 3]])\ndictionary = np.array([[0, 1, 0], [-1, -1, 2], [1, 1, 1], [0, 1, 1], [0, 2, 1]], dtype=np.float64)\ncoder = SparseCoder(dictionary=dictionary, transform_algorithm='lasso_lars', transform_alpha=1e-10)\ncoder.transform(X)	['explained_variance','reconstruction_error']
SparsePCA	Transformer	decomposition	Sparse Principal Components Analysis (SparsePCA).	sklearn.decomposition.SparsePCA	['n_components','alpha','ridge_alpha','max_iter','tol','method','n_jobs','U_init','V_init','verbose','random_state']	['fit','transform','fit_transform','inverse_transform','get_feature_names_out']	-9999	9999	-9999	9999	True	Finds the set of sparse components that can optimally reconstruct the data. The amount of sparseness is controllable by the coefficient of the L1 penalty, given by the parameter alpha.	True	(n_samples,n_features)	[float,int]	(n_samples,)	[float,int]	0	0	(n_samples,n_components)	float	import numpy as np\nfrom sklearn.datasets import make_friedman1\nfrom sklearn.decomposition import SparsePCA\nX, _ = make_friedman1(n_samples=200, n_features=30, random_state=0)\ntransformer = SparsePCA(n_components=5, random_state=0)\ntransformer.fit(X)\nX_transformed = transformer.transform(X)	['explained_variance','reconstruction_error']
k_means	Utility	cluster	Perform K-means clustering algorithm.	sklearn.cluster.k_means	['X','n_clusters','sample_weight','init','n_init','max_iter','verbose','tol','random_state','copy_x','algorithm','return_n_iter']	[]	-9999	9999	0	0	False	The classical EM-style algorithm is "lloyd". The "elkan" variation can be more efficient on some datasets with well-defined clusters, by using the triangle inequality.	True	(n_samples,n_features)	[float,int]	0	0	(n_clusters,n_features)	float	(n_samples,)	int	from sklearn.cluster import k_means\nimport numpy as np\nX = np.array([[1, 2], [1, 4], [1, 0], [10, 2], [10, 4], [10, 0]])\ncentroid, label, inertia = k_means(X, n_clusters=2, n_init="auto", random_state=0)	['inertia','silhouette_score','calinski_harabasz_score']
GraphicalLasso	Transformer	covariance	Sparse inverse covariance estimation with an l1-penalized estimator.	sklearn.covariance.GraphicalLasso	['alpha','mode','covariance','tol','enet_tol','max_iter','verbose','eps','assume_centered']	['fit','get_precision','mahalanobis','score','error_norm']	-9999	9999	-9999	9999	True	For a usage example see Visualizing the stock market structure.	True	(n_samples,n_features)	[float,int]	(n_samples,)	[float,int]	0	0	(n_features,n_features)	float	import numpy as np\nfrom sklearn.covariance import GraphicalLasso\ntrue_cov = np.array([[0.8, 0.0, 0.2, 0.0], [0.0, 0.4, 0.0, 0.0], [0.2, 0.0, 0.3, 0.1], [0.0, 0.0, 0.1, 0.7]])\nnp.random.seed(0)\nX = np.random.multivariate_normal(mean=[0, 0, 0, 0], cov=true_cov, size=200)\ncov = GraphicalLasso().fit(X)	['log_likelihood','mahalanobis_distance']
LedoitWolf	Transformer	covariance	LedoitWolf Estimator.	sklearn.covariance.LedoitWolf	['store_precision','assume_centered','block_size']	['fit','get_precision','mahalanobis','score','error_norm']	-9999	9999	-9999	9999	True	Ledoit-Wolf is a particular form of shrinkage, where the shrinkage coefficient is computed using O. Ledoit and M. Wolf's formula.	True	(n_samples,n_features)	[float,int]	(n_samples,)	[float,int]	0	0	(n_features,n_features)	float	import numpy as np\nfrom sklearn.covariance import LedoitWolf\nreal_cov = np.array([[.4, .2], [.2, .8]])\nnp.random.seed(0)\nX = np.random.multivariate_normal(mean=[0, 0], cov=real_cov, size=50)\ncov = LedoitWolf().fit(X)	['log_likelihood','mahalanobis_distance']
GraphicalLassoCV	Estimator	covariance	Sparse inverse covariance w/ cross-validated choice of the l1 penalty.	sklearn.covariance.GraphicalLassoCV	['alphas','n_refinements','cv','tol','enet_tol','max_iter','mode','n_jobs','verbose','eps','assume_centered']	['fit','error_norm','get_precision','mahalanobis','score','get_params','set_params']	-9999	9999	-9999	9999	True	The search for the optimal penalization parameter (alpha) is done on an iteratively refined grid: first the cross-validated scores on a grid are computed, then a new refined grid is centered around the maximum, and so on.	True	(n_samples,n_features)	[float,int]	(n_samples,)	float	0	0	(n_samples,)	float	from sklearn.covariance import GraphicalLassoCV\nimport numpy as np\ntrue_cov = np.array([[0.8, 0.0, 0.2, 0.0],\n                     [0.0, 0.4, 0.0, 0.0],\n                     [0.2, 0.0, 0.3, 0.1],\n                     [0.0, 0.0, 0.1, 0.7]])\nnp.random.seed(0)\nX = np.random.multivariate_normal(mean=[0, 0, 0, 0],\n                                  cov=true_cov,\n                                  size=200)\ncov = GraphicalLassoCV().fit(X)	['log_likelihood']
MinCovDet	Estimator	covariance	Minimum Covariance Determinant (MCD): robust estimator of covariance.	sklearn.covariance.MinCovDet	['store_precision','assume_centered','support_fraction','random_state']	['fit','correct_covariance','error_norm','get_precision','mahalanobis','reweight_covariance','score','get_params','set_params']	-9999	9999	-9999	9999	True	The Minimum Covariance Determinant covariance estimator is to be applied on Gaussian-distributed data, but could still be relevant on data drawn from a unimodal, symmetric distribution. It is not meant to be used with multi-modal data.	True	(n_samples,n_features)	[float,int]	(n_samples,)	float	0	0	(n_samples,)	float	from sklearn.covariance import MinCovDet\nimport numpy as np\nreal_cov = np.array([[.8, .3],\n                     [.3, .4]])\nrng = np.random.RandomState(0)\nX = rng.multivariate_normal(mean=[0, 0],\n                            cov=real_cov,\n                            size=500)\ncov = MinCovDet(random_state=0).fit(X)	['log_likelihood']
FactorAnalysis	Transformer	decomposition	Factor Analysis (FA).	sklearn.decomposition.FactorAnalysis	['n_components','tol','copy','max_iter','noise_variance_init','svd_method','iterated_power','rotation','random_state']	['fit','transform','fit_transform','get_covariance','get_precision','score','score_samples']	-9999	9999	-9999	9999	True	A simple linear generative model with Gaussian latent variables. The observations are assumed to be caused by a linear transformation of lower dimensional latent factors and added Gaussian noise. Added in version 0.13.	True	(n_samples,n_features)	[float,int]	0	0	0	0	(n_samples,n_components)	float	from sklearn.decomposition import FactorAnalysis\ntransformer = FactorAnalysis(n_components=7)\nX_transformed = transformer.fit_transform(X)	['log_likelihood_score','reconstruction_error']
EmpiricalCovariance	Transformer	covariance	Maximum likelihood covariance estimator.	sklearn.covariance.EmpiricalCovariance	['store_precision','assume_centered']	['fit','error_norm','get_precision','mahalanobis','score','get_params','set_params']	-9999	9999	0	0	True	Read more in the User Guide.	True	(n_samples,n_features)	[float,int]	0	0	0	0	(n_samples,n_features)	float	import numpy as np\nfrom sklearn.covariance import EmpiricalCovariance\nfrom sklearn.datasets import make_gaussian_quantiles\nreal_cov = np.array([[.8, .3], [.3, .4]])\nrng = np.random.RandomState(0)\nX = rng.multivariate_normal(mean=[0, 0], cov=real_cov, size=500)\ncov = EmpiricalCovariance().fit(X)	['log_loss','mean_squared_error']
ShrunkCovariance	Transformer	covariance	Covariance estimator with shrinkage.	sklearn.covariance.ShrunkCovariance	['store_precision','assume_centered','shrinkage']	['fit','error_norm','get_precision','mahalanobis','score','get_params','set_params']	-9999	9999	0	0	True	Read more in the User Guide.	True	(n_samples,n_features)	[float,int]	0	0	0	0	(n_samples,n_features)	float	import numpy as np\nfrom sklearn.covariance import ShrunkCovariance\nfrom sklearn.datasets import make_gaussian_quantiles\nreal_cov = np.array([[.8, .3], [.3, .4]])\nrng = np.random.RandomState(0)\nX = rng.multivariate_normal(mean=[0, 0], cov=real_cov, size=500)\ncov = ShrunkCovariance().fit(X)	['log_loss','mean_squared_error']
KernelDensity	Transformer	neighbors	Kernel Density Estimation.	sklearn.neighbors.KernelDensity	['bandwidth','algorithm','kernel','metric','atol','rtol','breadth_first','leaf_size','metric_params']	['fit','sample','score','score_samples','get_params','set_params']	-9999	9999	0	0	True	Read more in the User Guide.	True	(n_samples,n_features)	[float,int]	0	0	0	0	(n_samples,)	float	from sklearn.neighbors import KernelDensity\nimport numpy as np\nrng = np.random.RandomState(42)\nX = rng.random_sample((100, 3))\nkde = KernelDensity(kernel='gaussian', bandwidth=0.5).fit(X)\nlog_density = kde.score_samples(X[:3])	['log_loss','mean_squared_error']
GaussianRandomProjection	Transformer	random_projection	Reduce dimensionality through Gaussian random projection.	sklearn.random_projection.GaussianRandomProjection	['n_components','eps','compute_inverse_components','random_state']	['fit','transform','fit_transform','inverse_transform','get_feature_names_out','get_params','set_params']	-9999	9999	0	0	True	The components of the random matrix are drawn from N(0, 1 / n_components).	True	(n_samples,n_features)	[float,int]	0	0	0	0	(n_samples,n_components)	float	import numpy as np\nfrom sklearn.random_projection import GaussianRandomProjection\nrng = np.random.RandomState(42)\nX = rng.rand(25, 3000)\ntransformer = GaussianRandomProjection(random_state=rng)\nX_new = transformer.fit_transform(X)	['mean_squared_error','mean_absolute_error']
KNNImputer	Transformer	impute	Imputation for completing missing values using k-Nearest Neighbors.	sklearn.impute.KNNImputer	['missing_values','n_neighbors','weights','metric','copy','add_indicator','keep_empty_features']	['fit','fit_transform','transform','get_feature_names_out']	-9999	9999	0	0	True	Each sample's missing values are imputed using the mean value from n_neighbors nearest neighbors found in the training set.	True	(n_samples,n_features)	[float,int]	0	0	0	0	(n_samples,n_features)	float	from sklearn.impute import KNNImputer\nimport numpy as np\nX = [[1, 2, np.nan], [3, 4, 3], [np.nan, 6, 5], [8, 8, 7]]\nimputer = KNNImputer(n_neighbors=2)\nimputer.fit_transform(X)	['mean_squared_error','mean_absolute_error']
MaxAbsScaler	Transformer	preprocessing	Scale each feature by its maximum absolute value.	sklearn.preprocessing.MaxAbsScaler	['copy']	['fit','transform','fit_transform','inverse_transform','partial_fit','get_feature_names_out','get_params','set_params']	-9999	9999	0	0	True	This estimator scales and translates each feature individually such that the maximal absolute value of each feature in the training set will be 1.0.	True	(n_samples,n_features)	[float,int]	0	0	0	0	(n_samples,n_features)	float	from sklearn.preprocessing import MaxAbsScaler\nX = [[1., -1., 2.], [2., 0., 0.], [0., 1., -1.]]\ntransformer = MaxAbsScaler().fit(X)\ntransformer.transform(X)	['mean_squared_error','mean_absolute_error']
Normalizer	Transformer	preprocessing	Normalize samples individually to unit norm.	sklearn.preprocessing.Normalizer	['norm','copy']	['fit','transform','fit_transform','get_feature_names_out','get_params','set_params']	-9999	9999	0	0	True	Each sample (i.e. each row of the data matrix) with at least one non zero component is rescaled independently of other samples so that its norm (l1, l2 or inf) equals one.	True	(n_samples,n_features)	[float,int]	0	0	0	0	(n_samples,n_features)	float	from sklearn.preprocessing import Normalizer\nX = [[4, 1, 2, 2], [1, 3, 9, 3], [5, 7, 5, 1]]\ntransformer = Normalizer().fit(X)\ntransformer.transform(X)	['mean_squared_error','mean_absolute_error']
PowerTransformer	Transformer	preprocessing	Apply a power transform featurewise to make data more Gaussian-like.	sklearn.preprocessing.PowerTransformer	['method','standardize','copy']	['fit','transform','fit_transform','inverse_transform','get_feature_names_out','get_params','set_params']	-9999	9999	0	0	True	Power transforms are a family of parametric, monotonic transformations that are applied to make data more Gaussian-like.	True	(n_samples,n_features)	[float,int]	0	0	0	0	(n_samples,n_features)	float	import numpy as np\nfrom sklearn.preprocessing import PowerTransformer\npt = PowerTransformer()\ndata = [[1, 2], [3, 2], [4, 5]]\npt.fit(data)\npt.transform(data)	['mean_squared_error','mean_absolute_error']
KernelCenterer	Transformer	preprocessing	Center an arbitrary kernel matrix.	sklearn.preprocessing.KernelCenterer	[]	['fit','transform','fit_transform','get_feature_names_out','get_params','set_params']	-9999	9999	0	0	True	KernelCenterer centers the features without explicitly computing the mapping. Working with centered kernels is sometime expected when dealing with algebra computation such as eigendecomposition for KernelPCA for instance.	True	(n_samples,n_samples)	float	0	0	0	0	(n_samples,n_samples)	float	from sklearn.preprocessing import KernelCenterer\nfrom sklearn.metrics.pairwise import pairwise_kernels\nX = [[1., -2., 2.], [-2., 1., 3.], [4., 1., -2.]]\nK = pairwise_kernels(X, metric='linear')\ntransformer = KernelCenterer().fit(K)\ntransformer.transform(K)	['mean_squared_error','mean_absolute_error']
GammaRegressor	Regressor	linear_model	Generalized Linear Model with a Gamma distribution.	sklearn.linear_model.GammaRegressor	['alpha','fit_intercept','solver','max_iter','tol','warm_start','verbose']	['fit','predict','score']	-9999	9999	-9999	9999	True	This regressor uses the 'log' link function.	True	(n_samples,n_features)	[float,int]	(n_samples,)	float	0	0	(n_samples,)	float	from sklearn import linear_model\nclf = linear_model.GammaRegressor()\nX = [[1, 2], [2, 3], [3, 4], [4, 3]]\ny = [19, 26, 33, 30]\nclf.fit(X, y)	['r2','d2','explained_variance']
PoissonRegressor	Regressor	linear_model	Generalized Linear Model with a Poisson distribution.	sklearn.linear_model.PoissonRegressor	['alpha','fit_intercept','solver','max_iter','tol','warm_start','verbose']	['fit','predict','score']	-9999	9999	0	9999	True	This regressor uses the 'log' link function.	True	(n_samples,n_features)	[float,int]	(n_samples,)	float	0	0	(n_samples,)	float	from sklearn import linear_model\nclf = linear_model.PoissonRegressor()\nX = [[1, 2], [2, 3], [3, 4], [4, 3]]\ny = [12, 17, 22, 21]\nclf.fit(X, y)	['r2','d2','explained_variance']
ElasticNetCV	Regressor	linear_model	Elastic Net model with iterative fitting along a regularization path.	sklearn.linear_model.ElasticNetCV	['l1_ratio','eps','n_alphas','alphas','fit_intercept','precompute','max_iter','tol','cv','copy_X','verbose','n_jobs','positive','random_state','selection']	['fit','get_metadata_routing','get_params','path','predict','score','set_fit_request','set_params','set_score_request']	-9999	9999	-9999	9999	True	In fit, once the best parameters l1_ratio and alpha are found through cross-validation, the model is fit again using the entire training set.	True	(n_samples,n_features)	[float,int]	(n_samples,)	float	0	0	(n_samples,)	float	from sklearn.linear_model import ElasticNetCV\nfrom sklearn.datasets import make_regression\nX, y = make_regression(n_features=2, random_state=0)\nregr = ElasticNetCV(cv=5, random_state=0)\nregr.fit(X, y)\nprint(regr.predict([[0, 0]]))	['r2','explained_variance','max_error','neg_mean_absolute_error','neg_mean_squared_error','neg_root_mean_squared_error','neg_median_absolute_error']
KNeighborsRegressor	Regressor	neighbors	Regression based on k-nearest neighbors.	sklearn.neighbors.KNeighborsRegressor	['n_neighbors','weights','algorithm','leaf_size','p','metric','metric_params','n_jobs']	['fit','get_metadata_routing','get_params','kneighbors','kneighbors_graph','predict','score','set_params','set_score_request']	-9999	9999	-9999	9999	True	The target is predicted by local interpolation of the targets associated of the nearest neighbors in the training set.	True	(n_samples,n_features)	[float,int]	(n_samples,)	float	0	0	(n_samples,)	float	from sklearn.neighbors import KNeighborsRegressor\nX = [[0], [1], [2], [3]]\ny = [0, 0, 1, 1]\nneigh = KNeighborsRegressor(n_neighbors=2)\nneigh.fit(X, y)\nprint(neigh.predict([[1.5]]))	['r2','explained_variance','max_error','neg_mean_absolute_error','neg_mean_squared_error','neg_root_mean_squared_error','neg_median_absolute_error']
Lasso	Regressor	linear_model	Linear Model trained with L1 prior as regularizer (aka the Lasso).	sklearn.linear_model.Lasso	['alpha','fit_intercept','precompute','copy_X','max_iter','tol','warm_start','positive','random_state','selection']	['fit','get_metadata_routing','get_params','path','predict','score','set_fit_request','set_params','set_score_request']	-9999	9999	-9999	9999	True	For numerical reasons, using alpha = 0 with the Lasso object is not advised. Instead, you should use the LinearRegression object.	True	(n_samples,n_features)	[float,int]	(n_samples,)	float	0	0	(n_samples,)	float	from sklearn.linear_model import Lasso\nclf = Lasso(alpha=0.1)\nclf.fit([[0,0], [1, 1], [2, 2]], [0, 1, 2])\nprint(clf.coef_)\nprint(clf.intercept_)	['r2','explained_variance','max_error','neg_mean_absolute_error','neg_mean_squared_error','neg_root_mean_squared_error','neg_median_absolute_error']
PLSCanonical	Regressor	cross_decomposition	Partial Least Squares transformer and regressor.	sklearn.cross_decomposition.PLSCanonical	['n_components','scale','algorithm','max_iter','tol','copy']	['fit','fit_transform','get_feature_names_out','get_metadata_routing','get_params','inverse_transform','predict','score','set_output','set_params','set_predict_request','set_score_request','set_transform_request','transform']	-9999	9999	-9999	9999	True	For a comparison between other cross decomposition algorithms, see Compare cross decomposition methods.	True	(n_samples,n_features)	[float,int]	(n_samples,) or (n_samples,n_targets)	float	0	0	(n_samples,) or (n_samples,n_targets)	float	from sklearn.cross_decomposition import PLSCanonical\nX = [[0., 0., 1.], [1.,0.,0.], [2.,2.,2.], [2.,5.,4.]]\ny = [[0.1, -0.2], [0.9, 1.1], [6.2, 5.9], [11.9, 12.3]]\nplsca = PLSCanonical(n_components=2)\nplsca.fit(X, y)\nX_c, y_c = plsca.transform(X, y)	['r2','explained_variance','max_error','neg_mean_absolute_error','neg_mean_squared_error','neg_root_mean_squared_error','neg_median_absolute_error']
PLSRegression	Regressor	cross_decomposition	PLS regression.	sklearn.cross_decomposition.PLSRegression	['n_components','scale','max_iter','tol','copy']	['fit','fit_transform','get_feature_names_out','get_metadata_routing','get_params','inverse_transform','predict','score','set_output','set_params','set_predict_request','set_score_request','set_transform_request','transform']	-9999	9999	-9999	9999	True	PLSRegression is also known as PLS2 or PLS1, depending on the number of targets.	True	(n_samples,n_features)	[float,int]	(n_samples,) or (n_samples,n_targets)	float	0	0	(n_samples,) or (n_samples,n_targets)	float	from sklearn.cross_decomposition import PLSRegression\nX = [[0., 0., 1.], [1.,0.,0.], [2.,2.,2.], [2.,5.,4.]]\ny = [[0.1, -0.2], [0.9, 1.1], [6.2, 5.9], [11.9, 12.3]]\npls2 = PLSRegression(n_components=2)\npls2.fit(X, y)\ny_pred = pls2.predict(X)	['r2','explained_variance','max_error','neg_mean_absolute_error','neg_mean_squared_error','neg_root_mean_squared_error','neg_median_absolute_error']
Ridge	Regressor	linear_model	Linear least squares with l2 regularization.	sklearn.linear_model.Ridge	['alpha','fit_intercept','copy_X','max_iter','tol','solver','positive','random_state']	['fit','get_params','predict','score','set_params']	-9999	9999	-9999	9999	True	Minimizes the objective function: ||y - Xw||^2_2 + alpha * ||w||^2_2. Also known as Ridge Regression or Tikhonov regularization.	True	(n_samples,n_features)	[float,int]	(n_samples,)	float	0	0	(n_samples,)	float	from sklearn.linear_model import Ridge\nclf = Ridge(alpha=1.0)\nclf.fit(X, y)	['r2','explained_variance','max_error','neg_mean_absolute_error','neg_mean_squared_error']
MultiTaskElasticNet	Regressor	linear_model	Multi-task ElasticNet model trained with L1/L2 mixed-norm as regularizer.	sklearn.linear_model.MultiTaskElasticNet	['alpha','l1_ratio','fit_intercept','copy_X','max_iter','tol','warm_start','random_state','selection']	['fit','predict','score','path']	-9999	9999	-9999	9999	True	The optimization objective for MultiTaskElasticNet is: (1 / (2 * n_samples)) * ||Y - XW||_Fro^2 + alpha * l1_ratio * ||W||_21 + 0.5 * alpha * (1 - l1_ratio) * ||W||_Fro^2 Where: ||W||_21 = sum_i sqrt(sum_j W_ij ^ 2) i.e. the sum of norms of each row.	True	(n_samples,n_features)	[float,int]	(n_samples,n_targets)	float	0	0	(n_samples,n_targets)	float	from sklearn import linear_model\nclf = linear_model.MultiTaskElasticNet(alpha=0.1)\nclf.fit([[0,0], [1, 1], [2, 2]], [[0, 0], [1, 1], [2, 2]])	['r2','explained_variance','neg_mean_squared_error']
PLSSVD	Transformer	cross_decomposition	Partial Least Square SVD.	sklearn.cross_decomposition.PLSSVD	['n_components','scale','copy']	['fit','fit_transform','transform','get_feature_names_out','get_params','set_params']	-9999	9999	-9999	9999	True	This transformer simply performs a SVD on the cross-covariance matrix X'y. It is able to project both the training data X and the targets y.	True	(n_samples,n_features)	float	(n_samples,) or (n_samples,n_targets)	float	(n_samples,n_components)	float	0	0	import numpy as np\nfrom sklearn.cross_decomposition import PLSSVD\nX = np.array([[0., 0., 1.], [1., 0., 0.], [2., 2., 2.], [2., 5., 4.]])\ny = np.array([[0.1, -0.2], [0.9, 1.1], [6.2, 5.9], [11.9, 12.3]])\npls = PLSSVD(n_components=2).fit(X, y)\nX_c, y_c = pls.transform(X, y)	['r2','explained_variance']
RegressorChain	Meta-Estimator	multioutput	A multi-label model that arranges regressions into a chain.	sklearn.multioutput.RegressorChain	['estimator','order','cv','random_state','verbose','base_estimator']	['fit','predict','score']	-9999	9999	-9999	9999	True	Each model makes a prediction in the order specified by the chain using all of the available features provided to the model plus the predictions of models that are earlier in the chain.	True	(n_samples,n_features)	[float,int]	(n_samples,n_classes)	float	0	0	(n_samples,n_classes)	float	from sklearn.multioutput import RegressorChain\nfrom sklearn.linear_model import LogisticRegression\nlogreg = LogisticRegression(solver='lbfgs')\nX, Y = [[1, 0], [0, 1], [1, 1]], [[0, 2], [1, 1], [2, 0]]\nchain = RegressorChain(logreg, order=[0, 1]).fit(X, Y)\nchain.predict(X)	['r2','explained_variance']
OrthogonalMatchingPursuit	Regressor	linear_model	Orthogonal Matching Pursuit model (OMP).	sklearn.linear_model.OrthogonalMatchingPursuit	['n_nonzero_coefs','tol','fit_intercept','precompute']	['fit','predict','score']	-9999	9999	-9999	9999	True		True	(n_samples,n_features)	[float,int]	(n_samples,)	float	0	0	(n_samples,)	float	from sklearn.linear_model import OrthogonalMatchingPursuit\nfrom sklearn.datasets import make_regression\nX, y = make_regression(noise=4, random_state=0)\nreg = OrthogonalMatchingPursuit().fit(X, y)\nreg.predict(X[:1,])	['r2','explained_variance']
MultiTaskLasso	Regressor	linear_model	Multi-task Lasso model trained with L1/L2 mixed-norm as regularizer for multiple output regression.	sklearn.linear_model.MultiTaskLasso	['alpha','fit_intercept','copy_X','max_iter','tol','warm_start','random_state','selection']	['fit','predict','score','path']	-9999	9999	-9999	9999	True	Uses coordinate descent algorithm. For optimal performance, pass X and y as Fortran-contiguous numpy arrays.	True	(n_samples,n_features)	[float,int]	(n_samples,n_targets)	float	0	0	(n_samples,n_targets)	float	from sklearn.linear_model import MultiTaskLasso\nclf = MultiTaskLasso(alpha=0.1)\nclf.fit([[0, 1], [1, 2], [2, 4]], [[0, 0], [1, 1], [2, 3]])	['r2','mean_squared_error','mean_absolute_error']
PassiveAggressiveRegressor	Regressor	linear_model	Passive Aggressive algorithm for linear regression with various loss functions.	sklearn.linear_model.PassiveAggressiveRegressor	['C','fit_intercept','max_iter','tol','early_stopping','validation_fraction','n_iter_no_change','shuffle','verbose','loss','epsilon','random_state','warm_start','average']	['fit','partial_fit','predict','score','densify','sparsify']	-9999	9999	-9999	9999	True	Online learning algorithm that updates model weights aggressively when prediction error exceeds epsilon threshold.	True	(n_samples,n_features)	[float,int]	(n_samples,)	float	0	0	(n_samples,)	float	from sklearn.linear_model import PassiveAggressiveRegressor\nfrom sklearn.datasets import make_regression\nX, y = make_regression(n_features=4, random_state=0)\nregr = PassiveAggressiveRegressor(max_iter=100, random_state=0, tol=1e-3)\nregr.fit(X, y)\nprint(regr.predict([[0, 0, 0, 0]]))	['r2','mean_squared_error','mean_absolute_error']
RadiusNeighborsRegressor	Regressor	neighbors	Regression based on neighbors within a fixed radius using local interpolation of targets.	sklearn.neighbors.RadiusNeighborsRegressor	['radius','weights','algorithm','leaf_size','p','metric','metric_params','n_jobs']	['fit','predict','score','radius_neighbors','radius_neighbors_graph']	-9999	9999	-9999	9999	True	Added in version 0.9. Uses radius-based neighborhood search instead of k-neighbors.	True	(n_samples,n_features)	[float,int]	(n_samples,)	float	0	0	(n_samples,)	float	from sklearn.neighbors import RadiusNeighborsRegressor\nX = [[0], [1], [2], [3]]\ny = [0, 0, 1, 1]\nneigh = RadiusNeighborsRegressor(radius=1.0)\nneigh.fit(X, y)\nprint(neigh.predict([[1.5]]))	['r2','mean_squared_error','mean_absolute_error']
QuantileRegressor	Regressor	linear_model	Linear regression model that predicts conditional quantiles.	sklearn.linear_model.QuantileRegressor	['quantile','alpha','fit_intercept','solver','solver_options']	['fit','predict','score','get_params','set_params']	-9999	9999	-9999	9999	True	The linear QuantileRegressor optimizes the pinball loss for a desired quantile and is robust to outliers. This model uses an L1 regularization like Lasso.	True	(n_samples,n_features)	[float,int]	(n_samples,)	float	0	0	(n_samples,)	float	from sklearn.linear_model import QuantileRegressor\nimport numpy as np\nn_samples, n_features = 10, 2\nrng = np.random.RandomState(0)\ny = rng.randn(n_samples)\nX = rng.randn(n_samples, n_features)\nreg = QuantileRegressor(quantile=0.8).fit(X, y)	['r2','mse','mae','pinball_loss']
LassoLarsCV	Regressor	linear_model	Cross-validated Lasso, using the LARS algorithm.	sklearn.linear_model.LassoLarsCV	['fit_intercept','verbose','max_iter','precompute','cv','max_n_alphas','n_jobs','eps','copy_X','positive']	['fit','get_metadata_routing','get_params','predict','score','set_fit_request','set_params','set_score_request']	-9999	9999	-9999	9999	True	The object solves the same problem as the LassoCV object. However, unlike the LassoCV, it find the relevant alphas values by itself. In general, because of this property, it will be more stable. However, it is more fragile to heavily multicollinear datasets.	True	(n_samples,n_features)	[float,int]	(n_samples,)	float	0	0	(n_samples,)	float	from sklearn.linear_model import LassoLarsCV\nfrom sklearn.datasets import make_regression\nX, y = make_regression(noise=4.0, random_state=0)\nreg = LassoLarsCV(cv=5).fit(X, y)\nreg.score(X, y)	['r2','mse','mae']
LassoLarsIC	Regressor	linear_model	Lasso model fit with Lars using BIC or AIC for model selection.	sklearn.linear_model.LassoLarsIC	['criterion','fit_intercept','verbose','precompute','max_iter','eps','copy_X','positive','noise_variance']	['fit','get_metadata_routing','get_params','predict','score','set_fit_request','set_params','set_score_request']	-9999	9999	-9999	9999	True	The number of degrees of freedom is computed as in [1]. To have more details regarding the mathematical formulation of the AIC and BIC criteria, please refer to User Guide.	True	(n_samples,n_features)	[float,int]	(n_samples,)	float	0	0	(n_samples,)	float	from sklearn import linear_model\nreg = linear_model.LassoLarsIC(criterion='bic')\nX = [[-2, 2], [-1, 1], [0, 0], [1, 1], [2, 2]]\ny = [-2.2222, -1.1111, 0, -1.1111, -2.2222]\nreg.fit(X, y)\nprint(reg.coef_)	['r2','mse','mae']
LinearSVR	Regressor	svm	Linear Support Vector Regression.	sklearn.svm.LinearSVR	['epsilon','tol','C','loss','fit_intercept','intercept_scaling','dual','verbose','random_state','max_iter']	['fit','get_metadata_routing','get_params','predict','score','set_fit_request','set_params','set_score_request']	-9999	9999	-9999	9999	True	Similar to SVR with parameter kernel='linear', but implemented in terms of liblinear rather than libsvm, so it has more flexibility in the choice of penalties and loss functions and should scale better to large numbers of samples.	True	(n_samples,n_features)	[float,int]	(n_samples,)	float	0	0	(n_samples,)	float	from sklearn.svm import LinearSVR\nfrom sklearn.pipeline import make_pipeline\nfrom sklearn.preprocessing import StandardScaler\nfrom sklearn.datasets import make_regression\nX, y = make_regression(n_features=4, random_state=0)\nregr = make_pipeline(StandardScaler(), LinearSVR(random_state=0, tol=1e-5))\nregr.fit(X, y)	['r2','mse','mae']
OrthogonalMatchingPursuitCV	Regressor	linear_model	Cross-validated Orthogonal Matching Pursuit model (OMP).	sklearn.linear_model.OrthogonalMatchingPursuitCV	['copy','fit_intercept','max_iter','cv','n_jobs','verbose']	['fit','predict','score','get_params','set_params']	-9999	9999	-9999	9999	True	In fit, once the optimal number of non-zero coefficients is found through cross-validation, the model is fit again using the entire training set.	True	(n_samples,n_features)	[float,int]	(n_samples,)	float	0	0	(n_samples,)	float	from sklearn.linear_model import OrthogonalMatchingPursuitCV\nfrom sklearn.datasets import make_regression\nX, y = make_regression(n_features=100, n_informative=10, noise=4, random_state=0)\nreg = OrthogonalMatchingPursuitCV(cv=5).fit(X, y)	['r2','mse','mae']
RANSACRegressor	Regressor	linear_model	RANSAC (RANdom SAmple Consensus) algorithm.	sklearn.linear_model.RANSACRegressor	['estimator','min_samples','residual_threshold','is_data_valid','is_model_valid','max_trials','max_skips','stop_n_inliers','stop_score','stop_probability','loss','random_state']	['fit','get_metadata_routing','get_params','predict','score','set_fit_request','set_params']	-9999	9999	-9999	9999	True	RANSAC is an iterative algorithm for the robust estimation of parameters from a subset of inliers from the complete data set.	True	(n_samples,n_features)	[float,int]	(n_samples,)	float	0	0	(n_samples,)	float	from sklearn.linear_model import RANSACRegressor\nfrom sklearn.datasets import make_regression\nX, y = make_regression(n_samples=200, n_features=2, noise=4.0, random_state=0)\nreg = RANSACRegressor(random_state=0).fit(X, y)\nreg.score(X, y)	['r2','mse','mae']
CCA	Transformer	cross_decomposition	Canonical Correlation Analysis, also known as "Mode B" PLS.	sklearn.cross_decomposition.CCA	['n_components','scale','max_iter','tol','copy']	['fit','transform','fit_transform','inverse_transform','predict','score','get_feature_names_out']	-9999	9999	-9999	9999	True	For a comparison between other cross decomposition algorithms, see Compare cross decomposition methods.	True	(n_samples,n_features)	[float,int]	(n_samples,n_targets)	float	(n_samples,n_components)	float	(n_samples,n_components)	float	from sklearn.cross_decomposition import CCA\ncca = CCA(n_components=2)\ncca.fit(X, y)\nX_c, y_c = cca.transform(X, y)	['r2','neg_mean_squared_error','neg_mean_absolute_error']
MultiTaskElasticNetCV	Regressor	linear_model	Multi-task L1/L2 ElasticNet with built-in cross-validation. The optimization objective combines L1/L2 and L2 penalties for multiple tasks.	sklearn.linear_model.MultiTaskElasticNetCV	['l1_ratio','eps','alphas','fit_intercept','max_iter','tol','cv','copy_X','verbose','n_jobs','random_state','selection']	['fit','predict','score','path']	-9999	9999	-9999	9999	True	The algorithm used to fit the model is coordinate descent. In fit, once the best parameters l1_ratio and alpha are found through cross-validation, the model is fit again using the entire training set.	True	(n_samples,n_features)	[float,int]	(n_samples,n_targets)	float	0	0	(n_samples,n_targets)	float	from sklearn import linear_model\nclf = linear_model.MultiTaskElasticNetCV(cv=3)\nclf.fit([[0,0], [1, 1], [2, 2]], [[0, 0], [1, 1], [2, 2]])	['r2','neg_mean_squared_error','neg_mean_absolute_error']
MultiTaskLassoCV	Regressor	linear_model	Multi-task Lasso model trained with L1/L2 mixed-norm as regularizer. The optimization objective combines L1/L2 mixed-norm regularization for multiple tasks.	sklearn.linear_model.MultiTaskLassoCV	['eps','alphas','fit_intercept','max_iter','tol','copy_X','cv','verbose','n_jobs','random_state','selection']	['fit','predict','score','path']	-9999	9999	-9999	9999	True	The algorithm used to fit the model is coordinate descent. In fit, once the best parameter alpha is found through cross-validation, the model is fit again using the entire training set.	True	(n_samples,n_features)	[float,int]	(n_samples,n_targets)	float	0	0	(n_samples,n_targets)	float	from sklearn.linear_model import MultiTaskLassoCV\nfrom sklearn.datasets import make_regression\nX, y = make_regression(n_targets=2, noise=4, random_state=0)\nreg = MultiTaskLassoCV(cv=5, random_state=0).fit(X, y)	['r2','neg_mean_squared_error','neg_mean_absolute_error']
HistGradientBoostingRegressor	Regressor	ensemble	Histogram-based Gradient Boosting Regression Tree. Much faster than GradientBoostingRegressor for big datasets (n_samples >= 10000). Has native support for missing values (NaNs) and learns where to send missing values during training.	sklearn.ensemble.HistGradientBoostingRegressor	['loss','quantile','learning_rate','max_iter','max_leaf_nodes','max_depth','min_samples_leaf','l2_regularization','max_features','max_bins','categorical_features','monotonic_cst','interaction_cst','warm_start','early_stopping','scoring','validation_fraction','n_iter_no_change','tol','verbose','random_state']	['fit','get_metadata_routing','get_params','predict','score','set_fit_request','set_params','set_score_request','staged_predict']	-9999	9999	-9999	9999	True	Inspired by LightGBM. Supports categorical features and monotonic constraints. Added in version 0.21.	True	(n_samples,n_features)	[float,int,'category']	(n_samples,)	float	0	0	(n_samples,)	float	from sklearn.ensemble import HistGradientBoostingRegressor\nfrom sklearn.datasets import load_diabetes\nX, y = load_diabetes(return_X_y=True)\nest = HistGradientBoostingRegressor().fit(X, y)\nest.score(X, y)	['r2','neg_mean_squared_error','neg_mean_absolute_error']
GradientBoostingRegressor	Regressor	ensemble	Gradient Boosting for regression. Builds additive model in forward stage-wise fashion, optimizing differentiable loss functions. Each stage fits regression tree on negative gradient of loss function.	sklearn.ensemble.GradientBoostingRegressor	['loss','learning_rate','n_estimators','subsample','criterion','min_samples_split','min_samples_leaf','min_weight_fraction_leaf','max_depth','min_impurity_decrease','init','random_state','max_features','alpha','verbose','max_leaf_nodes','warm_start','validation_fraction','n_iter_no_change','tol','ccp_alpha']	['apply','fit','get_metadata_routing','get_params','predict','score','set_fit_request','set_params','set_score_request','staged_predict']	-9999	9999	-9999	9999	True	HistGradientBoostingRegressor is much faster for intermediate/large datasets (n_samples >= 10_000) and supports monotonic constraints.	True	(n_samples,n_features)	[float,int]	(n_samples,)	float	0	0	(n_samples,)	float	from sklearn.ensemble import GradientBoostingRegressor\nfrom sklearn.datasets import make_regression\nfrom sklearn.model_selection import train_test_split\nX, y = make_regression(random_state=0)\nX_train, X_test, y_train, y_test = train_test_split(X, y, random_state=0)\nreg = GradientBoostingRegressor(random_state=0)\nreg.fit(X_train, y_train)\nreg.predict(X_test[1:2])	['r2','neg_mean_squared_error','neg_mean_absolute_error']
DecisionTreeRegressor	Regressor	tree	A decision tree regressor.	sklearn.tree.DecisionTreeRegressor	['criterion','splitter','max_depth','min_samples_split','min_samples_leaf','min_weight_fraction_leaf','max_features','random_state','max_leaf_nodes','min_impurity_decrease','ccp_alpha','monotonic_cst']	['fit','predict','score','apply','decision_path','cost_complexity_pruning_path','get_depth','get_n_leaves']	-9999	9999	-9999	9999	True	The default values for the parameters controlling the size of the trees lead to fully grown and unpruned trees which can potentially be very large on some data sets. To reduce memory consumption, the complexity and size of the trees should be controlled by setting those parameter values.	True	(n_samples,n_features)	[float,int]	(n_samples,)	float	0	0	(n_samples,)	float	from sklearn.datasets import load_diabetes\nfrom sklearn.model_selection import cross_val_score\nfrom sklearn.tree import DecisionTreeRegressor\nX, y = load_diabetes(return_X_y=True)\nregressor = DecisionTreeRegressor(random_state=0)\ncross_val_score(regressor, X, y, cv=10)	['r2','neg_mean_squared_error','neg_mean_absolute_error']
RandomForestRegressor	Regressor	ensemble	A random forest regressor.	sklearn.ensemble.RandomForestRegressor	['n_estimators','criterion','max_depth','min_samples_split','min_samples_leaf','min_weight_fraction_leaf','max_features','max_leaf_nodes','min_impurity_decrease','bootstrap','oob_score','n_jobs','random_state','verbose','warm_start','ccp_alpha','max_samples','monotonic_cst']	['apply','decision_path','fit','get_metadata_routing','get_params','predict','score','set_fit_request','set_params','set_score_request']	-9999	9999	-9999	9999	True	This estimator has native support for missing values (NaNs). During training, the tree grower learns at each split point whether samples with missing values should go to the left or right child, based on the potential gain. When predicting, samples with missing values are assigned to the left or right child consequently.	True	(n_samples,n_features)	[float,int]	(n_samples,)	float	0	0	(n_samples,)	float	from sklearn.ensemble import RandomForestRegressor\nfrom sklearn.datasets import make_regression\nX, y = make_regression(n_features=4, n_informative=2, random_state=0, shuffle=False)\nregr = RandomForestRegressor(max_depth=2, random_state=0)\nregr.fit(X, y)\nprint(regr.predict([[0, 0, 0, 0]]))	['r2','neg_mean_squared_error','neg_mean_absolute_error']
BaggingRegressor	Regressor	ensemble	A Bagging regressor is an ensemble meta-estimator that fits base regressors each on random subsets of the original dataset and then aggregate their individual predictions to form a final prediction.	sklearn.ensemble.BaggingRegressor	['estimator','n_estimators','max_samples','max_features','bootstrap','bootstrap_features','oob_score','warm_start','n_jobs','random_state','verbose']	['fit','predict','score']	-9999	9999	-9999	9999	True	Added in version 0.15. This algorithm encompasses several works from the literature.	True	(n_samples,n_features)	[float,int]	(n_samples,)	float	0	0	(n_samples,)	float	from sklearn.svm import SVR\nfrom sklearn.ensemble import BaggingRegressor\nfrom sklearn.datasets import make_regression\nX, y = make_regression(n_samples=100, n_features=4, n_informative=2, n_targets=1, random_state=0, shuffle=False)\nregr = BaggingRegressor(estimator=SVR(), n_estimators=10, random_state=0).fit(X, y)\nregr.predict([[0, 0, 0, 0]])	['r2','neg_mean_squared_error','neg_mean_absolute_error']
BayesianRidge	Regressor	linear_model	Bayesian ridge regression. Fit a Bayesian ridge model.	sklearn.linear_model.BayesianRidge	['max_iter','tol','alpha_1','alpha_2','lambda_1','lambda_2','alpha_init','lambda_init','compute_score','fit_intercept','copy_X','verbose']	['fit','predict','score']	-9999	9999	-9999	9999	True	See the Notes section for details on this implementation and the optimization of the regularization parameters lambda (precision of the weights) and alpha (precision of the noise).	True	(n_samples,n_features)	[float,int]	(n_samples,)	float	0	0	(n_samples,)	float	from sklearn import linear_model\nclf = linear_model.BayesianRidge()\nclf.fit([[0,0], [1, 1], [2, 2]], [0, 1, 2])\nclf.predict([[1, 1]])	['r2','neg_mean_squared_error','neg_mean_absolute_error']
ExtraTreesRegressor	Regressor	ensemble	An extra-trees regressor.	sklearn.ensemble.ExtraTreesRegressor	['n_estimators','criterion','max_depth','min_samples_split','min_samples_leaf','min_weight_fraction_leaf','max_features','max_leaf_nodes','min_impurity_decrease','bootstrap','oob_score','n_jobs','random_state','verbose','warm_start','ccp_alpha','max_samples','monotonic_cst']	['fit','predict','score','apply','decision_path']	-9999	9999	-9999	9999	True	This estimator has native support for missing values (NaNs) for random splits. Fits randomized decision trees on sub-samples and uses averaging to improve accuracy.	True	(n_samples,n_features)	[float,int]	(n_samples,)	float	0	0	(n_samples,)	float	from sklearn.datasets import load_diabetes\nfrom sklearn.model_selection import train_test_split\nfrom sklearn.ensemble import ExtraTreesRegressor\nX, y = load_diabetes(return_X_y=True)\nX_train, X_test, y_train, y_test = train_test_split(X, y, random_state=0)\nreg = ExtraTreesRegressor(n_estimators=100, random_state=0).fit(X_train, y_train)	['r2','neg_mean_squared_error','neg_mean_absolute_error']
KernelRidge	Regressor	kernel_ridge	Kernel ridge regression.	sklearn.kernel_ridge.KernelRidge	['alpha','kernel','gamma','degree','coef0','kernel_params']	['fit','predict','score']	-9999	9999	-9999	9999	True	Kernel ridge regression (KRR) combines ridge regression (linear least squares with l2-norm regularization) with the kernel trick. It thus learns a linear function in the space induced by the respective kernel and the data.	True	(n_samples,n_features)	[float,int]	(n_samples,)	float	0	0	(n_samples,)	float	from sklearn.kernel_ridge import KernelRidge\nkrr = KernelRidge(alpha=1.0)\nkrr.fit(X, y)	['r2','neg_mean_squared_error','neg_mean_absolute_error']
LassoLars	Regressor	linear_model	Lasso model fit with Least Angle Regression a.k.a. Lars.	sklearn.linear_model.LassoLars	['alpha','fit_intercept','verbose','precompute','max_iter','eps','copy_X','fit_path','positive','jitter','random_state']	['fit','predict','score']	-9999	9999	-9999	9999	True	For numerical reasons, using alpha = 0 with the LassoLars object is not advised and you should prefer the LinearRegression object.	True	(n_samples,n_features)	[float,int]	(n_samples,)	float	0	0	(n_samples,)	float	from sklearn.linear_model import LassoLars\nreg = LassoLars(alpha=0.01)\nreg.fit(X_train, y_train)	['r2','neg_mean_squared_error','neg_mean_absolute_error']
NuSVR	Regressor	svm	Nu Support Vector Regression.	sklearn.svm.NuSVR	['nu','C','kernel','degree','gamma','coef0','shrinking','tol','cache_size','verbose','max_iter']	['fit','predict','score']	-9999	9999	-9999	9999	True	Similar to NuSVC, for regression, uses a parameter nu to control the number of support vectors. However, unlike NuSVC, where nu replaces C, here nu replaces the parameter epsilon of epsilon-SVR.	True	(n_samples,n_features)	[float,int]	(n_samples,)	float	0	0	(n_samples,)	float	from sklearn.svm import NuSVR\nregr = NuSVR(C=1.0, nu=0.1)\nregr.fit(X, y)	['r2','neg_mean_squared_error','neg_mean_absolute_error']
RidgeCV	Regressor	linear_model	Ridge regression with built-in cross-validation. By default, it performs efficient Leave-One-Out Cross-Validation.	sklearn.linear_model.RidgeCV	['alphas','fit_intercept','scoring','cv','gcv_mode','store_cv_results','alpha_per_target']	['fit','predict','score']	-9999	9999	-9999	9999	True	See glossary entry for cross-validation estimator.	True	(n_samples,n_features)	[float,int]	(n_samples,)	float	0	0	(n_samples,)	float	from sklearn.datasets import load_diabetes\nfrom sklearn.linear_model import RidgeCV\nX, y = load_diabetes(return_X_y=True)\nclf = RidgeCV(alphas=[1e-3, 1e-2, 1e-1, 1]).fit(X, y)\nclf.score(X, y)	['r2','neg_mean_squared_error','neg_mean_absolute_error']
StackingRegressor	Meta-Estimator	ensemble	Stack of estimators with a final regressor.	sklearn.ensemble.StackingRegressor	['estimators','final_estimator','cv','n_jobs','passthrough','verbose']	['fit','fit_transform','predict','score','transform','get_feature_names_out','set_output']	-9999	9999	-9999	9999	True	Note that estimators_ are fitted on the full X while final_estimator_ is trained using cross-validated predictions of the base estimators using cross_val_predict.	True	(n_samples,n_features)	[float,int]	(n_samples,)	float	0	0	(n_samples,)	float	from sklearn.ensemble import StackingRegressor\nfrom sklearn.linear_model import RidgeCV\nfrom sklearn.svm import LinearSVR\nestimators = [('lr', RidgeCV()), ('svr', LinearSVR())]\nreg = StackingRegressor(estimators=estimators)\nreg.fit(X_train, y_train)	['r2','neg_mean_squared_error','neg_mean_absolute_error']
SGDRegressor	Regressor	linear_model	Linear model fitted by minimizing a regularized empirical loss with SGD.	sklearn.linear_model.SGDRegressor	['loss','penalty','alpha','l1_ratio','fit_intercept','max_iter','tol','shuffle','verbose','epsilon','random_state','learning_rate','eta0','power_t','early_stopping','validation_fraction','n_iter_no_change','warm_start','average']	['fit','partial_fit','predict','score','densify','sparsify']	-9999	9999	-9999	9999	True	This implementation works with data represented as dense numpy arrays of floating point values for the features. The regularizer shrinks model parameters towards zero using L2, L1, or Elastic Net penalty.	True	(n_samples,n_features)	float	(n_samples,)	float	0	0	(n_samples,)	float	import numpy as np\nfrom sklearn.linear_model import SGDRegressor\nfrom sklearn.pipeline import make_pipeline\nfrom sklearn.preprocessing import StandardScaler\nn_samples, n_features = 10, 5\nrng = np.random.RandomState(0)\ny = rng.randn(n_samples)\nX = rng.randn(n_samples, n_features)\nreg = make_pipeline(StandardScaler(), SGDRegressor(max_iter=1000, tol=1e-3))\nreg.fit(X, y)	['r2','neg_mean_squared_error','neg_mean_absolute_error']
SVR	Regressor	svm	Epsilon-Support Vector Regression	sklearn.svm.SVR	['kernel','degree','gamma','coef0','tol','C','epsilon','shrinking','cache_size','verbose','max_iter']	['fit','get_metadata_routing','get_params','predict','score','set_fit_request','set_params','set_score_request']	1	9999	1	9999	True	The implementation is based on libsvm. The fit time complexity is more than quadratic with the number of samples which makes it hard to scale to datasets with more than a couple of 10000 samples.	True	(n_samples,n_features) or (n_samples,n_samples) if kernel='precomputed'	[float,int]	(n_samples,)	float	None	None	(n_samples,)	float	from sklearn.svm import SVR\nfrom sklearn.pipeline import make_pipeline\nfrom sklearn.preprocessing import StandardScaler\nimport numpy as np\nn_samples, n_features = 10, 5\nrng = np.random.RandomState(0)\ny = rng.randn(n_samples)\nX = rng.randn(n_samples, n_features)\nregr = make_pipeline(StandardScaler(), SVR(C=1.0, epsilon=0.2))\nregr.fit(X, y)	['r2','neg_mean_squared_error','neg_mean_absolute_error']
ExtraTreeRegressor	Regressor	tree	An extremely randomized tree regressor.	sklearn.tree.ExtraTreeRegressor	['criterion','splitter','max_depth','min_samples_split','min_samples_leaf','max_features','random_state']	['fit','predict','score','apply','decision_path']	-9999	9999	-9999	9999	True	Warning: Extra-trees should only be used within ensemble methods.	True	(n_samples,n_features)	[float,int]	(n_samples,) or (n_samples,n_outputs)	float	0	0	(n_samples,) ou (n_samples,n_outputs)	float	from sklearn.tree import ExtraTreeRegressor\nfrom sklearn.ensemble import BaggingRegressor\nreg = BaggingRegressor(ExtraTreeRegressor(random_state=0))\nreg.fit(X_train, y_train)	['r2','neg_mean_squared_error','neg_mean_absolute_error']
ElasticNet	Regressor	linear_model	Linear regression with combined L1 and L2 priors as regularizer. Minimizes the objective function with both L1 and L2 penalties.	sklearn.linear_model.ElasticNet	['alpha','l1_ratio','fit_intercept','precompute','max_iter','copy_X','tol','warm_start','positive','random_state','selection']	['fit','predict','score','path']	-9999	9999	-9999	9999	True	The parameter l1_ratio corresponds to alpha in the glmnet R package while alpha corresponds to the lambda parameter in glmnet. Currently, l1_ratio <= 0.01 is not reliable.	True	(n_samples,n_features)	[float,int]	(n_samples,) or (n_samples,n_targets)	float	0	0	(n_samples,) ou (n_samples,n_targets)	float	from sklearn.linear_model import ElasticNet\nfrom sklearn.datasets import make_regression\nX, y = make_regression(n_features=2, random_state=0)\nregr = ElasticNet(random_state=0)\nregr.fit(X, y)	['r2','neg_mean_squared_error','neg_mean_absolute_error']
GaussianProcessRegressor	Regressor	gaussian_process	Gaussian process regression (GPR). The implementation is based on Algorithm 2.1 of Rasmussen and Williams.	sklearn.gaussian_process.GaussianProcessRegressor	['kernel','alpha','optimizer','n_restarts_optimizer','normalize_y','copy_X_train','n_targets','random_state']	['fit','predict','score','sample_y','log_marginal_likelihood']	-9999	9999	-9999	9999	True	Allows prediction without prior fitting (based on the GP prior). Provides sample_y() method to draw samples from GPR. Exposes log_marginal_likelihood() for hyperparameter selection.	True	(n_samples,n_features)	[float,int]	(n_samples,) or (n_samples,n_targets)	float	0	0	(n_samples,) ou (n_samples,n_targets)	float	from sklearn.gaussian_process import GaussianProcessRegressor\nfrom sklearn.gaussian_process.kernels import DotProduct, WhiteKernel\nkernel = DotProduct() + WhiteKernel()\ngpr = GaussianProcessRegressor(kernel=kernel, random_state=0).fit(X, y)	['r2','neg_mean_squared_error','neg_mean_absolute_error']
LassoCV	Regressor	linear_model	Lasso linear model with iterative fitting along a regularization path with cross-validation.	sklearn.linear_model.LassoCV	['eps','alphas','fit_intercept','max_iter','tol','cv','n_jobs','positive','random_state','selection']	['fit','predict','score','path']	-9999	9999	-9999	9999	True	Best model selected by cross-validation. Sensitive to feature scaling.	True	(n_samples,n_features)	[float,int]	(n_samples,) or (n_samples,n_targets)	float	0	0	(n_samples,) ou (n_samples,n_targets)	float	from sklearn.linear_model import LassoCV\nfrom sklearn.datasets import make_regression\nX, y = make_regression(noise=4, random_state=0)\nreg = LassoCV(cv=5, random_state=0).fit(X, y)	['r2','neg_mean_squared_error','neg_mean_absolute_error']
MultiOutputRegressor	Meta-Estimator	multioutput	Multi target regression.	sklearn.multioutput.MultiOutputRegressor	['estimator','n_jobs']	['fit','partial_fit','predict','score','get_params','set_params']	-9999	9999	-9999	9999	True	This strategy consists of fitting one regressor per target. This is a simple strategy for extending regressors that do not natively support multi-target regression.	True	(n_samples,n_features)	[float,int]	(n_samples,n_outputs)	float	0	0	(n_samples,n_outputs)	float	import numpy as np\nfrom sklearn.datasets import load_linnerud\nfrom sklearn.multioutput import MultiOutputRegressor\nfrom sklearn.linear_model import Ridge\nX, y = load_linnerud(return_X_y=True)\nregr = MultiOutputRegressor(Ridge(random_state=123)).fit(X, y)\nregr.predict(X[[0]])	['r2']
ARDRegression	Regressor	linear_model	Bayesian ARD regression.	sklearn.linear_model.ARDRegression	['max_iter','tol','alpha_1','alpha_2','lambda_1','lambda_2','compute_score','threshold_lambda','fit_intercept','copy_X','verbose']	['fit','predict','score','get_params','set_params']	-9999	9999	-9999	9999	True	Fit the weights of a regression model, using an ARD prior. The weights of the regression model are assumed to be in Gaussian distributions. Also estimate the parameters lambda (precisions of the distributions of the weights) and alpha (precision of the distribution of the noise). The estimation is done by an iterative procedures (Evidence Maximization)	True	(n_samples,n_features)	[float,int]	(n_samples,)	float	0	0	(n_samples,)	float	from sklearn import linear_model\nclf = linear_model.ARDRegression()\nclf.fit([[0,0], [1, 1], [2, 2]], [0, 1, 2])	['r2']
HuberRegressor	Regressor	linear_model	L2-regularized linear regression model that is robust to outliers.	sklearn.linear_model.HuberRegressor	['epsilon','max_iter','alpha','warm_start','fit_intercept','tol']	['fit','predict','score','get_params','set_params']	-9999	9999	-9999	9999	True	The Huber loss function has the advantage of not being heavily influenced by the outliers while not completely ignoring their effect.	True	(n_samples,n_features)	[float,int]	(n_samples,)	float	0	0	(n_samples,)	float	import numpy as np\nfrom sklearn.linear_model import HuberRegressor, LinearRegression\nfrom sklearn.datasets import make_regression\nrng = np.random.RandomState(0)\nX, y, coef = make_regression(n_samples=200, n_features=2, noise=4.0, coef=True, random_state=0)\nX[:4] = rng.uniform(10, 20, (4, 2))\ny[:4] = rng.uniform(10, 20, 4)\nhuber = HuberRegressor().fit(X, y)	['r2']
LarsCV	Regressor	linear_model	Cross-validated Least Angle Regression model.	sklearn.linear_model.LarsCV	['fit_intercept','verbose','max_iter','precompute','cv','max_n_alphas','n_jobs','eps','copy_X']	['fit','predict','score','get_params','set_params']	-9999	9999	-9999	9999	True	In fit, once the best parameter alpha is found through cross-validation, the model is fit again using the entire training set.	True	(n_samples,n_features)	[float,int]	(n_samples,)	float	0	0	(n_samples,)	float	from sklearn.linear_model import LarsCV\nfrom sklearn.datasets import make_regression\nX, y = make_regression(n_samples=200, noise=4.0, random_state=0)\nreg = LarsCV(cv=5).fit(X, y)	['r2']
VotingRegressor	Meta-Estimator	ensemble	Prediction voting regressor for unfitted estimators.	sklearn.ensemble.VotingRegressor	['estimators','weights','n_jobs','verbose']	['fit','fit_transform','predict','score','transform','get_params','set_params']	-9999	9999	-9999	9999	True	A voting regressor is an ensemble meta-estimator that fits several base regressors, each on the whole dataset. Then it averages the individual predictions to form a final prediction.	True	(n_samples,n_features)	[float,int]	(n_samples,)	float	0	0	(n_samples,)	float	import numpy as np\nfrom sklearn.linear_model import LinearRegression\nfrom sklearn.ensemble import RandomForestRegressor\nfrom sklearn.ensemble import VotingRegressor\nfrom sklearn.neighbors import KNeighborsRegressor\nr1 = LinearRegression()\nr2 = RandomForestRegressor(n_estimators=10, random_state=1)\nr3 = KNeighborsRegressor()\nX = np.array([[1, 1], [2, 4], [3, 9], [4, 16], [5, 25], [6, 36]])\ny = np.array([2, 6, 12, 20, 30, 42])\ner = VotingRegressor([('lr', r1), ('rf', r2), ('r3', r3)])\nprint(er.fit(X, y).predict(X))	['r2']
IsotonicRegression	Regressor	isotonic	Isotonic regression model.	sklearn.isotonic.IsotonicRegression	['y_min','y_max','increasing','out_of_bounds']	['fit','fit_transform','predict','score','transform','get_params','set_params']	-9999	9999	-9999	9999	True	Ties are broken using the secondary method from de Leeuw, 1977.	True	(n_samples,) or (n_samples, 1)	[float,int]	(n_samples,)	float	0	0	(n_samples,)	float	from sklearn.datasets import make_regression\nfrom sklearn.isotonic import IsotonicRegression\nX, y = make_regression(n_samples=10, n_features=1, random_state=41)\niso_reg = IsotonicRegression().fit(X, y)\niso_reg.predict([.1, .2])	['r2']
LinearRegression	Regressor	linear_model	Ordinary least squares Linear Regression.	sklearn.linear_model.LinearRegression	['fit_intercept','copy_X','tol','n_jobs','positive']	['fit','predict','score','get_params','set_params']	-9999	9999	-9999	9999	True	From the implementation point of view, this is just plain Ordinary Least Squares (scipy.linalg.lstsq) or Non Negative Least Squares (scipy.optimize.nnls) wrapped as a predictor object.	True	(n_samples,n_features)	[float,int]	(n_samples,) or (n_samples,n_targets)	float	0	0	(n_samples,) or (n_samples,n_targets)	float	import numpy as np\nfrom sklearn.linear_model import LinearRegression\nX = np.array([[1, 1], [1, 2], [2, 2], [2, 3]])\ny = np.dot(X, np.array([1, 2])) + 3\nreg = LinearRegression().fit(X, y)	['r2']
TweedieRegressor	Regressor	linear_model	Generalized Linear Model with a Tweedie distribution.	sklearn.linear_model.TweedieRegressor	['power','alpha','fit_intercept','link','solver','max_iter','tol','warm_start','verbose']	['fit','predict','score']	-9999	9999	-9999	9999	True	This estimator can be used to model different GLMs depending on the power parameter, which determines the underlying distribution. Added in version 0.23.	True	(n_samples,n_features)	[float,int]	(n_samples,)	float	0	0	(n_samples,)	float	from sklearn import linear_model\nclf = linear_model.TweedieRegressor()\nclf.fit(X, y)	['r2_score','mean_squared_error','mean_absolute_error','d2_tweedie_score']
TheilSenRegressor	Regressor	linear_model	Theil-Sen Estimator: robust multivariate regression model.	sklearn.linear_model.TheilSenRegressor	['fit_intercept','max_subpopulation','n_subsamples','max_iter','tol','random_state','n_jobs','verbose']	['fit','predict','score']	-9999	9999	-9999	9999	True	The algorithm calculates least square solutions on subsets with size n_subsamples of the samples in X. Any value of n_subsamples between the number of features and samples leads to an estimator with a compromise between robustness and efficiency.	True	(n_samples,n_features)	[float,int]	(n_samples,)	float	0	0	(n_samples,)	float	from sklearn.linear_model import TheilSenRegressor\nreg = TheilSenRegressor(random_state=0).fit(X, y)	['r2_score','mean_squared_error','mean_absolute_error']
TransformedTargetRegressor	Meta-Estimator	compose	Meta-estimator to regress on a transformed target.	sklearn.compose.TransformedTargetRegressor	['regressor','transformer','func','inverse_func','check_inverse']	['fit','predict','score']	-9999	9999	-9999	9999	True	Useful for applying a non-linear transformation to the target y in regression problems. This transformation can be given as a Transformer such as the QuantileTransformer or as a function and its inverse such as np.log and np.exp. Added in version 0.20.	True	(n_samples,n_features)	[float,int]	(n_samples,)	float	0	0	(n_samples,)	float	from sklearn.compose import TransformedTargetRegressor\nfrom sklearn.linear_model import LinearRegression\ntt = TransformedTargetRegressor(regressor=LinearRegression(), func=np.log, inverse_func=np.exp)\ntt.fit(X, y)	['r2_score','mean_squared_error','mean_absolute_error']
Lars	Regressor	linear_model	Least Angle Regression model a.k.a. LAR.	sklearn.linear_model.Lars	['fit_intercept','verbose','precompute','n_nonzero_coefs','eps','copy_X','fit_path','jitter','random_state']	['fit','predict','score','get_params','set_params']	-9999	9999	-9999	9999	True	Read more in the User Guide.	True	(n_samples,n_features)	[float,int]	(n_samples,) or (n_samples,n_targets)	float	0	0	(n_samples,)	float	from sklearn import linear_model\nreg = linear_model.Lars(n_nonzero_coefs=1)\nreg.fit(X, y)	['r2_score','mean_squared_error','mean_absolute_error']
DummyRegressor	Regressor	dummy	Regressor that makes predictions using simple rules.	sklearn.dummy.DummyRegressor	['strategy','constant','quantile']	['fit','predict','score']	-9999	9999	-9999	9999	True	This regressor is useful as a simple baseline to compare with other (real) regressors. Do not use it for real problems. Added in version 0.13.	True	(n_samples,n_features)	[float,int]	(n_samples,) or (n_samples,n_outputs)	float	0	0	(n_samples,) or (n_samples,n_outputs)	float	from sklearn.dummy import DummyRegressor\ndummy_regr = DummyRegressor(strategy="mean")\ndummy_regr.fit(X, y)	['r2_score','mean_squared_error','mean_absolute_error']
SparseRandomProjection	Transformer	random_projection	Reduce dimensionality through sparse random projection.	sklearn.random_projection.SparseRandomProjection	['n_components','density','eps','dense_output','compute_inverse_components','random_state']	['fit','transform','fit_transform','inverse_transform','get_feature_names_out']	-9999	9999	-9999	9999	True	Sparse random matrix is an alternative to dense random projection matrix that guarantees similar embedding quality while being much more memory efficient and allowing faster computation of the projected data. Added in version 0.13.	True	(n_samples,n_features)	[float,int]	0	0	0	0	(n_samples,n_components)	float	from sklearn.random_projection import SparseRandomProjection\ntransformer = SparseRandomProjection()\nX_new = transformer.fit_transform(X)	['reconstruction_error','pairwise_distance_preservation']
MiniBatchSparsePCA	Transformer	decomposition	Mini-batch Sparse Principal Components Analysis.	sklearn.decomposition.MiniBatchSparsePCA	['n_components','alpha','ridge_alpha','max_iter','batch_size','verbose','shuffle','n_jobs','method','random_state','tol','max_no_improvement']	['fit','transform','fit_transform','inverse_transform','get_feature_names_out']	-9999	9999	-9999	9999	True	Finds the set of sparse components that can optimally reconstruct the data. The amount of sparseness is controllable by the coefficient of the L1 penalty, given by the parameter alpha.	True	(n_samples,n_features)	[float,int]	0	0	0	0	(n_samples,n_components)	float	from sklearn.decomposition import MiniBatchSparsePCA\ntransformer = MiniBatchSparsePCA(n_components=5, batch_size=50)\ntransformer.fit(X)	['reconstruction_error','sparsity_score']
Isomap	Transformer	manifold	Isomap Embedding.	sklearn.manifold.Isomap	['n_neighbors','radius','n_components','eigen_solver','tol','max_iter','path_method','neighbors_algorithm','n_jobs','metric','p','metric_params']	['fit','transform','fit_transform','reconstruction_error','get_feature_names_out']	-9999	9999	-9999	9999	True	Non-linear dimensionality reduction through Isometric Mapping	True	(n_samples,n_features)	[float,int]	0	0	0	0	(n_samples,n_components)	float	from sklearn.manifold import Isomap\nembedding = Isomap(n_components=2)\nX_transformed = embedding.fit_transform(X)	['reconstruction_error','trustworthiness_score']
MiniBatchNMF	Transformer	decomposition	Mini-Batch Non-Negative Matrix Factorization for dimensionality reduction and topic extraction.	sklearn.decomposition.MiniBatchNMF	['n_components','init','batch_size','beta_loss','tol','max_no_improvement','max_iter','alpha_W','alpha_H','l1_ratio','forget_factor','fresh_restarts','fresh_restarts_max_iter','transform_max_iter','random_state','verbose']	['fit','fit_transform','partial_fit','transform','inverse_transform','get_feature_names_out']	0	9999	0	9999	True	Input matrix X cannot contain zeros when using beta_loss <= 0 (e.g., 'itakura-saito'). Added in version 1.1.	True	(n_samples,n_features)	[float,int]	0	0	0	0	(n_samples,n_components)	float	from sklearn.decomposition import MiniBatchNMF\nimport numpy as np\nX = np.array([[1, 1], [2, 1], [3, 1.2]])\nmodel = MiniBatchNMF(n_components=2, random_state=0)\nW = model.fit_transform(X)	['reconstruction_error']
LocallyLinearEmbedding	Transformer	manifold	Locally Linear Embedding.	sklearn.manifold.LocallyLinearEmbedding	['n_neighbors','n_components','reg','eigen_solver','tol','max_iter','method','hessian_tol','modified_tol','neighbors_algorithm','random_state','n_jobs']	['fit','transform','fit_transform','get_feature_names_out']	-9999	9999	-9999	9999	True		True	(n_samples,n_features)	[float,int]	(n_samples,)	[float,int]	0	0	(n_samples,n_components)	float	from sklearn.datasets import load_digits\nfrom sklearn.manifold import LocallyLinearEmbedding\nX, _ = load_digits(return_X_y=True)\nembedding = LocallyLinearEmbedding(n_components=2)\nX_transformed = embedding.fit_transform(X[:100])	['reconstruction_error']
OneClassSVM	Cluster	svm	Unsupervised Outlier Detection.	sklearn.svm.OneClassSVM	['kernel','degree','gamma','coef0','tol','nu','shrinking','cache_size','verbose','max_iter']	['fit','predict','decision_function','score_samples','fit_predict']	-9999	9999	-9999	9999	True	Estimate the support of a high-dimensional distribution. The implementation is based on libsvm.	True	(n_samples,n_features)	[float,int]	0	0	0	0	(n_samples,)	int	from sklearn.svm import OneClassSVM\nclf = OneClassSVM(gamma='auto').fit(X)	['roc_auc_score','average_precision_score','f1_score']
SGDOneClassSVM	OutlierDetector	linear_model	Solves linear One-Class SVM using Stochastic Gradient Descent for outlier detection.	sklearn.linear_model.SGDOneClassSVM	['nu','fit_intercept','max_iter','tol','shuffle','verbose','random_state','learning_rate','eta0','power_t','warm_start','average']	['fit','partial_fit','predict','decision_function','score_samples','fit_predict','densify','sparsify']	-9999	9999	-1	1	True	Added in version 1.0. Meant to be used with kernel approximation for results similar to OneClassSVM with Gaussian kernel.	True	(n_samples,n_features)	[float,int]	0	0	0	0	(n_samples,)	int	from sklearn.linear_model import SGDOneClassSVM\nimport numpy as np\nX = np.array([[-1, -1], [-2, -1], [1, 1], [2, 1]])\nclf = SGDOneClassSVM(random_state=42)\nclf.fit(X)\nprint(clf.predict([[4, 4]]))	['roc_auc_score','average_precision_score']
FeatureAgglomeration	Transformer	cluster	Agglomerate features.	sklearn.cluster.FeatureAgglomeration	['n_clusters','metric','connectivity','linkage','pooling_func','distance_threshold']	['fit','transform','fit_transform','inverse_transform']	-9999	9999	-9999	9999	True	Recursively merges pair of clusters of features.	True	(n_samples,n_features)	[float,int]	0	0	0	0	(n_samples,n_clusters)	float	from sklearn.cluster import FeatureAgglomeration\nagglo = FeatureAgglomeration(n_clusters=32)\nagglo.fit(X)	['silhouette_score','calinski_harabasz_score','davies_bouldin_score']
GaussianMixture	Cluster	mixture	Representation of a Gaussian mixture model probability distribution.	sklearn.mixture.GaussianMixture	['n_components','covariance_type','tol','reg_covar','max_iter','n_init','init_params','weights_init','means_init','precisions_init','random_state','warm_start','verbose','verbose_interval']	['fit','predict','predict_proba','score','score_samples','sample','aic','bic']	-9999	9999	0	0	True	This class allows to estimate the parameters of a Gaussian mixture distribution.	True	(n_samples,n_features)	[float,int]	(n_samples,)	int	(n_samples,)	int	(n_samples,)	float	from sklearn.mixture import GaussianMixture\ngm = GaussianMixture(n_components=2, random_state=0)\ngm.fit(X)	['silhouette_score','calinski_harabasz_score','davies_bouldin_score']
MiniBatchKMeans	Cluster	cluster	Mini-Batch K-Means clustering.	sklearn.cluster.MiniBatchKMeans	['n_clusters','init','max_iter','batch_size','verbose','compute_labels','random_state','tol','max_no_improvement','init_size','n_init','reassignment_ratio']	['fit','partial_fit','predict','fit_predict','fit_transform','transform','score']	-9999	9999	-9999	9999	True	Mini-batch variant of K-Means clustering for large datasets. Uses random samples (mini-batches) to reduce computation time.	True	(n_samples,n_features)	[float,int]	(n_samples,)	None	0	0	(n_samples,)	int	from sklearn.cluster import MiniBatchKMeans\nimport numpy as np\nX = np.array([[1, 2], [1, 4], [1, 0], [4, 2], [4, 0], [4, 4], [4, 5], [0, 1], [2, 2], [3, 2], [5, 5], [1, -1]])\nkmeans = MiniBatchKMeans(n_clusters=2, random_state=0, batch_size=6, n_init="auto").fit(X)	['silhouette_score','calinski_harabasz_score','davies_bouldin_score']
BisectingKMeans	Cluster	cluster	Bisecting K-Means clustering.	sklearn.cluster.BisectingKMeans	['n_clusters','init','n_init','random_state','max_iter','verbose','tol','copy_x','algorithm','bisecting_strategy']	['fit','fit_predict','fit_transform','get_feature_names_out','get_metadata_routing','get_params','predict','score','set_fit_request','set_output','set_params','set_score_request','transform']	-9999	9999	-9999	9999	True	It might be inefficient when n_cluster is less than 3, due to unnecessary calculations for that case. Added in version 1.1.	True	(n_samples,n_features)	float	(n_samples,)	None	0	0	(n_samples,)	int	from sklearn.cluster import BisectingKMeans\nimport numpy as np\nX = np.array([[1, 1], [10, 1], [3, 1], [10, 0], [2, 1], [10, 2], [10, 8], [10, 9], [10, 10]])\nbisect_means = BisectingKMeans(n_clusters=3, random_state=0).fit(X)\nbisect_means.labels_	['silhouette_score','calinski_harabasz_score','davies_bouldin_score']
AffinityPropagation	Cluster	cluster	Perform Affinity Propagation Clustering of data.	sklearn.cluster.AffinityPropagation	['damping','max_iter','convergence_iter','copy','preference','affinity','verbose','random_state']	['fit','fit_predict','get_metadata_routing','get_params','predict','set_params']	-9999	9999	-9999	9999	True	The algorithmic complexity of affinity propagation is quadratic in the number of points. When the algorithm does not converge, it will still return arrays of cluster_center_indices and labels if there are any exemplars/clusters, however they may be degenerate and should be used with caution.	True	(n_samples,n_features) or (n_samples,n_samples) if affinity='precomputed'	float	(n_samples,)	None	0	0	(n_samples,)	int	from sklearn.cluster import AffinityPropagation\nimport numpy as np\nX = np.array([[1, 2], [1, 4], [1, 0], [4, 2], [4, 4], [4, 0]])\nclustering = AffinityPropagation(random_state=5).fit(X)\nclustering.labels_	['silhouette_score','calinski_harabasz_score','davies_bouldin_score']
MDS	Transformer	manifold	Multidimensional scaling.	sklearn.manifold.MDS	['n_components','metric','n_init','max_iter','verbose','eps','n_jobs','random_state','dissimilarity','normalized_stress']	['fit','transform','fit_transform']	-9999	9999	-9999	9999	True	Read more in the User Guide.	True	(n_samples,n_features) or (n_samples,n_samples)	[float,int]	0	0	0	0	(n_samples,n_components)	float	from sklearn.manifold import MDS\nembedding = MDS(n_components=2)\nX_transformed = embedding.fit_transform(X)	['stress_score','trustworthiness_score']
